,Date,C_phi_L3
0,"03/25/2023, 10:35:28",0.9568235983927996
1,"03/25/2023, 10:35:58",0.9615055139522508
2,"03/25/2023, 10:36:28",0.9620182549500996
3,"03/25/2023, 10:36:58",0.962815331161094
4,"03/25/2023, 10:37:28",0.9688461344862076
5,"03/25/2023, 10:37:58",0.968187055483156
6,"03/25/2023, 10:38:29",0.9612667259511116
7,"03/25/2023, 10:38:59",0.9619258049541644
8,"03/25/2023, 10:39:29",0.9546759359205929
9,"03/25/2023, 10:39:59",0.9615962654526372
10,"03/25/2023, 10:40:29",0.9546759359205944
11,"03/25/2023, 10:40:59",0.958630409938905
12,"03/25/2023, 10:41:30",0.9546759359205936
13,"03/25/2023, 10:42:00",0.9497328433977054
14,"03/25/2023, 10:42:30",0.9599485679450084
15,"03/25/2023, 10:43:00",0.9434715928687142
16,"03/25/2023, 10:43:30",0.9408352768565064
17,"03/25/2023, 10:44:00",0.9385285003458252
18,"03/25/2023, 10:44:31",0.94605205472812
19,"03/25/2023, 10:45:01",0.948085145890076
20,"03/25/2023, 10:45:31",0.9586304099389048
21,"03/25/2023, 10:46:01",0.9523691594099124
22,"03/25/2023, 10:46:31",0.9559940939266974
23,"03/25/2023, 10:47:01",0.9632439629602676
24,"03/25/2023, 10:47:31",0.9619258049541636
25,"03/25/2023, 10:48:02",0.9622553444556896
26,"03/25/2023, 10:48:32",0.9629144234587426
27,"03/25/2023, 10:49:02",0.9612667259511122
28,"03/25/2023, 10:49:32",0.9596190284434823
29,"03/25/2023, 10:50:02",0.9662098184740004
30,"03/25/2023, 10:50:32",0.9708233714953632
31,"03/25/2023, 10:51:02",0.9698347529907853
32,"03/25/2023, 10:51:33",0.9691756739877336
33,"03/25/2023, 10:52:03",0.970164292492312
34,"03/25/2023, 10:52:33",0.9708233714953632
35,"03/25/2023, 10:53:03",0.9691756739877336
36,"03/25/2023, 10:53:33",0.9691756739877336
37,"03/25/2023, 10:54:03",0.9671984369785784
38,"03/25/2023, 10:54:34",0.9691756739877336
39,"03/25/2023, 10:55:04",0.9604624261507784
40,"03/25/2023, 10:55:34",0.9470965273854978
41,"03/25/2023, 10:56:04",0.944460211373292
42,"03/25/2023, 10:56:34",0.941164816358032
43,"03/25/2023, 10:57:04",0.9592894889419556
44,"03/25/2023, 10:57:35",0.9622553444556896
45,"03/25/2023, 10:58:05",0.96225534445569
46,"03/25/2023, 10:58:35",0.9691756739877352
47,"03/25/2023, 10:59:05",0.9648916604678976
48,"03/25/2023, 10:59:35",0.9655507394709508
49,"03/25/2023, 11:00:05",0.966209818474001
50,"03/25/2023, 11:00:35",0.9668688974770536
51,"03/25/2023, 11:01:06",0.9668688974770526
52,"03/25/2023, 11:01:36",0.9606076469480604
53,"03/25/2023, 11:02:06",0.9612667259511124
54,"03/25/2023, 11:02:36",0.9596190284434826
55,"03/25/2023, 11:03:06",0.9619258049541636
56,"03/25/2023, 11:03:37",0.95500547542212
57,"03/25/2023, 11:04:07",0.9655507394709488
58,"03/25/2023, 11:04:37",0.9569827124312756
59,"03/25/2023, 11:05:07",0.9599485679450078
60,"03/25/2023, 11:05:37",0.9618029258180012
61,"03/25/2023, 11:06:07",0.9635735024617936
62,"03/25/2023, 11:06:37",0.96060764694806
63,"03/25/2023, 11:07:08",0.966209818474
64,"03/25/2023, 11:07:38",0.9615962654526377
65,"03/25/2023, 11:08:08",0.95994856794501
66,"03/25/2023, 11:08:38",0.9592894889419572
67,"03/25/2023, 11:09:08",0.962914423458742
68,"03/25/2023, 11:09:38",0.9668688974770536
69,"03/25/2023, 11:10:09",0.9612667259511124
70,"03/25/2023, 11:10:39",0.9592894889419572
71,"03/25/2023, 11:11:09",0.9675279764801044
72,"03/25/2023, 11:11:39",0.9540168569175426
73,"03/25/2023, 11:12:09",0.9592894889419572
74,"03/25/2023, 11:12:39",0.9592894889419556
75,"03/25/2023, 11:13:10",0.9451192903763436
76,"03/25/2023, 11:13:40",0.9474260668870244
77,"03/25/2023, 11:14:10",0.9642325814648456
78,"03/25/2023, 11:14:40",0.9477556063885496
79,"03/25/2023, 11:15:10",0.9602781074465374
80,"03/25/2023, 11:15:40",0.9966559171658308
81,"03/25/2023, 11:16:11",0.9602781074465362
82,"03/25/2023, 11:16:41",0.9269946177924164
83,"03/25/2023, 11:17:11",0.955994093926699
84,"03/25/2023, 11:17:41",0.9583008704373792
85,"03/25/2023, 11:18:11",0.9583008704373792
86,"03/25/2023, 11:18:41",0.9615962654526384
87,"03/25/2023, 11:19:12",0.9622553444556908
88,"03/25/2023, 11:19:42",0.963243962960268
89,"03/25/2023, 11:20:12",0.9559940939266984
90,"03/25/2023, 11:20:42",0.9556645544251728
91,"03/25/2023, 11:21:12",0.9497328433977054
92,"03/25/2023, 11:21:42",0.9513805409053352
93,"03/25/2023, 11:22:12",0.949073764394654
94,"03/25/2023, 11:22:43",0.9507214619022832
95,"03/25/2023, 11:23:13",0.9612667259511124
96,"03/25/2023, 11:23:43",0.9533577779144898
97,"03/25/2023, 11:24:13",0.9592894889419566
98,"03/25/2023, 11:24:43",0.9592894889419566
99,"03/25/2023, 11:25:13",0.9592894889419566
100,"03/25/2023, 11:25:43",0.9553350149236456
101,"03/25/2023, 11:26:13",0.9594570514003596
102,"03/25/2023, 11:26:43",0.9592894889419566
103,"03/25/2023, 11:27:14",0.9566531729297488
104,"03/25/2023, 11:27:44",0.9569827124312748
105,"03/25/2023, 11:28:14",0.9566531729297504
106,"03/25/2023, 11:28:44",0.958300870437378
107,"03/25/2023, 11:29:14",0.9520396199083868
108,"03/25/2023, 11:29:44",0.9523691594099132
109,"03/25/2023, 11:30:14",0.952698698911439
110,"03/25/2023, 11:30:44",0.94940330389618
111,"03/25/2023, 11:31:14",0.9615962654526384
112,"03/25/2023, 11:31:44",0.9520396199083864
113,"03/25/2023, 11:32:14",0.9540168569175426
114,"03/25/2023, 11:32:44",0.958300870437378
115,"03/25/2023, 11:33:15",0.9688461344862076
116,"03/25/2023, 11:33:45",0.9520396199083868
117,"03/25/2023, 11:34:15",0.9559940939266982
118,"03/25/2023, 11:34:45",0.9583008704373788
119,"03/25/2023, 11:35:15",0.958630409938905
120,"03/25/2023, 11:35:45",0.9639030419633188
121,"03/25/2023, 11:36:15",0.9691756739877336
122,"03/25/2023, 11:36:45",0.9599485679450096
123,"03/25/2023, 11:37:15",0.9586304099389044
124,"03/25/2023, 11:37:45",0.9592894889419564
125,"03/25/2023, 11:38:15",0.9583008704373792
126,"03/25/2023, 11:38:46",0.9583008704373795
127,"03/25/2023, 11:39:16",0.9523691594099124
128,"03/25/2023, 11:39:46",0.9444602113732912
129,"03/25/2023, 11:40:16",0.9536873174160168
130,"03/25/2023, 11:40:46",0.927983236296996
131,"03/25/2023, 11:41:16",0.9395171188504036
132,"03/25/2023, 11:41:46",0.9312786313122547
133,"03/25/2023, 11:42:16",0.9385285003458252
134,"03/25/2023, 11:42:46",0.9375398818412471
135,"03/25/2023, 11:43:16",0.9365512633366696
136,"03/25/2023, 11:43:46",0.9368808028381952
137,"03/25/2023, 11:44:17",0.9332558683214108
138,"03/25/2023, 11:44:47",0.9372103423397218
139,"03/25/2023, 11:45:17",0.9378694213427724
140,"03/25/2023, 11:45:47",0.936880802838196
141,"03/25/2023, 11:46:17",0.9494033038961796
142,"03/25/2023, 11:46:47",0.9349035658290408
143,"03/25/2023, 11:47:17",0.94215343486261
144,"03/25/2023, 11:47:47",0.940176197853456
145,"03/25/2023, 11:48:17",0.9345740263275152
146,"03/25/2023, 11:48:47",0.9398466583519276
147,"03/25/2023, 11:49:17",0.9606076469480604
148,"03/25/2023, 11:49:48",0.9263355387893668
149,"03/25/2023, 11:50:18",0.9431420533671886
150,"03/25/2023, 11:50:48",0.939846658351928
151,"03/25/2023, 11:51:18",0.9345740263275144
152,"03/25/2023, 11:51:48",0.939846658351929
153,"03/25/2023, 11:52:18",0.9362217238351442
154,"03/25/2023, 11:52:48",0.9381989608442995
155,"03/25/2023, 11:53:18",0.9312786313122547
156,"03/25/2023, 11:53:48",0.9490737643946526
157,"03/25/2023, 11:54:18",0.9467669878839738
158,"03/25/2023, 11:54:48",0.9510510014038084
159,"03/25/2023, 11:55:18",0.9352331053305656
160,"03/25/2023, 11:55:48",0.9517100804068608
161,"03/25/2023, 11:56:19",0.9611326759843892
162,"03/25/2023, 11:56:49",0.9600998319784948
163,"03/25/2023, 11:57:19",0.965489299902868
164,"03/25/2023, 11:57:49",0.9325967893183582
165,"03/25/2023, 11:58:19",0.932267249816834
166,"03/25/2023, 11:58:49",0.9401761978534546
167,"03/25/2023, 11:59:19",0.9276536967954704
168,"03/25/2023, 11:59:49",0.9332558683214108
169,"03/25/2023, 12:00:19",0.9289718548015752
170,"03/25/2023, 12:00:49",0.943142053367188
171,"03/25/2023, 12:01:20",0.9381989608442992
172,"03/25/2023, 12:01:50",0.9302900128076784
173,"03/25/2023, 12:02:20",0.9388580398473516
174,"03/25/2023, 12:02:50",0.93490356582904
175,"03/25/2023, 12:03:20",0.9345740263275144
176,"03/25/2023, 12:03:50",0.9355626448320926
177,"03/25/2023, 12:04:20",0.9339149473244632
178,"03/25/2023, 12:04:50",0.9329263288198842
179,"03/25/2023, 12:05:20",0.9470965273854984
180,"03/25/2023, 12:05:50",0.936880802838195
181,"03/25/2023, 12:06:21",0.9388580398473512
182,"03/25/2023, 12:06:51",0.9453818048945084
183,"03/25/2023, 12:07:21",0.9431420533671868
184,"03/25/2023, 12:07:51",0.9457783693793944
185,"03/25/2023, 12:08:21",0.9388580398473524
186,"03/25/2023, 12:08:51",0.94775560638855
187,"03/25/2023, 12:09:21",0.9441306718717654
188,"03/25/2023, 12:09:51",0.9355626448320928
189,"03/25/2023, 12:10:21",0.9428125138656618
190,"03/25/2023, 12:10:51",0.9398466583519288
191,"03/25/2023, 12:11:21",0.9385285003458252
192,"03/25/2023, 12:11:51",0.9405057373549808
193,"03/25/2023, 12:12:22",0.9325967893183592
194,"03/25/2023, 12:12:52",0.9345740263275144
195,"03/25/2023, 12:13:22",0.939517118850403
196,"03/25/2023, 12:13:52",0.9372103423397212
197,"03/25/2023, 12:14:22",0.9289718548015738
198,"03/25/2023, 12:14:52",0.9395171188504022
199,"03/25/2023, 12:15:22",0.9375398818412468
200,"03/25/2023, 12:15:52",0.9457783693793952
201,"03/25/2023, 12:16:22",0.9579713309358538
202,"03/25/2023, 12:16:52",0.9510510014038088
203,"03/25/2023, 12:17:22",0.9534248028978516
204,"03/25/2023, 12:17:53",0.9385285003458252
205,"03/25/2023, 12:18:23",0.9418238953610848
206,"03/25/2023, 12:18:53",0.9533577779144902
207,"03/25/2023, 12:19:23",0.9293013943030994
208,"03/25/2023, 12:19:53",0.937869421342774
209,"03/25/2023, 12:20:23",0.9398466583519284
210,"03/25/2023, 12:20:53",0.9395171188504028
211,"03/25/2023, 12:21:23",0.952369159409914
212,"03/25/2023, 12:21:53",0.9395171188504022
213,"03/25/2023, 12:22:23",0.9464374483824456
214,"03/25/2023, 12:22:53",0.942482974364137
215,"03/25/2023, 12:23:24",0.926994617792418
216,"03/25/2023, 12:23:54",0.933585407822936
217,"03/25/2023, 12:24:24",0.9372103423397224
218,"03/25/2023, 12:24:54",0.9339149473244628
219,"03/25/2023, 12:25:24",0.948414685391601
220,"03/25/2023, 12:25:54",0.927324157293944
221,"03/25/2023, 12:26:24",0.9401761978534554
222,"03/25/2023, 12:26:54",0.9385285003458244
223,"03/25/2023, 12:27:24",0.9282904341374012
224,"03/25/2023, 12:27:54",0.9372103423397224
225,"03/25/2023, 12:28:24",0.9368808028381956
226,"03/25/2023, 12:28:54",0.9223810647710552
227,"03/25/2023, 12:29:25",0.9177675117496914
228,"03/25/2023, 12:29:55",0.9246878412817372
229,"03/25/2023, 12:30:25",0.9200742882603749
230,"03/25/2023, 12:30:55",0.9253469202847892
231,"03/25/2023, 12:31:25",0.9296309338046258
232,"03/25/2023, 12:31:55",0.9385285003458252
233,"03/25/2023, 12:32:25",0.9424829743641356
234,"03/25/2023, 12:32:55",0.9428125138656618
235,"03/25/2023, 12:33:25",0.948085145890076
236,"03/25/2023, 12:33:55",0.9536873174160162
237,"03/25/2023, 12:34:25",0.9517100804068616
238,"03/25/2023, 12:34:56",0.9484146853916028
239,"03/25/2023, 12:35:26",0.9490737643946542
240,"03/25/2023, 12:35:56",0.9559940939266978
241,"03/25/2023, 12:36:26",0.9520396199083864
242,"03/25/2023, 16:01:03",0.9568235983927996
243,"03/25/2023, 16:01:33",0.9615055139522508
244,"03/25/2023, 16:02:03",0.9620182549500996
245,"03/25/2023, 16:02:33",0.962815331161094
246,"03/25/2023, 16:03:03",0.9688461344862076
247,"03/25/2023, 16:03:34",0.968187055483156
248,"03/25/2023, 16:04:04",0.9612667259511116
249,"03/25/2023, 16:04:34",0.9619258049541644
250,"03/25/2023, 16:05:04",0.9546759359205929
251,"03/25/2023, 16:05:34",0.9615962654526372
252,"03/25/2023, 16:06:04",0.9546759359205944
253,"03/25/2023, 16:06:34",0.958630409938905
254,"03/25/2023, 16:07:05",0.9546759359205936
255,"03/25/2023, 16:07:35",0.9497328433977054
256,"03/25/2023, 16:08:05",0.9599485679450084
257,"03/25/2023, 16:08:35",0.9434715928687142
258,"03/25/2023, 16:09:05",0.9408352768565064
259,"03/25/2023, 16:09:35",0.9385285003458252
260,"03/25/2023, 16:10:05",0.94605205472812
261,"03/25/2023, 16:10:36",0.948085145890076
262,"03/25/2023, 16:11:06",0.9586304099389048
263,"03/25/2023, 16:11:36",0.9523691594099124
264,"03/25/2023, 16:12:06",0.9559940939266974
265,"03/25/2023, 16:12:36",0.9632439629602676
266,"03/25/2023, 16:13:06",0.9619258049541636
267,"03/25/2023, 16:13:36",0.9622553444556896
268,"03/25/2023, 16:14:07",0.9629144234587426
269,"03/25/2023, 16:14:37",0.9612667259511122
270,"03/25/2023, 16:15:07",0.9596190284434823
271,"03/25/2023, 16:15:37",0.9662098184740004
272,"03/25/2023, 16:16:07",0.9708233714953632
273,"03/25/2023, 16:16:37",0.9698347529907853
274,"03/25/2023, 16:17:07",0.9691756739877336
275,"03/25/2023, 16:17:38",0.970164292492312
276,"03/25/2023, 16:18:08",0.9708233714953632
277,"03/25/2023, 16:18:38",0.9691756739877336
278,"03/25/2023, 16:19:08",0.9691756739877336
279,"03/25/2023, 16:19:38",0.9671984369785784
280,"03/25/2023, 16:20:08",0.9691756739877336
281,"03/25/2023, 16:20:38",0.9604624261507784
282,"03/25/2023, 16:21:09",0.9470965273854978
283,"03/25/2023, 16:21:39",0.944460211373292
284,"03/25/2023, 16:22:09",0.941164816358032
285,"03/25/2023, 16:22:39",0.9592894889419556
286,"03/25/2023, 16:23:09",0.9622553444556896
287,"03/25/2023, 16:23:39",0.96225534445569
288,"03/25/2023, 16:24:09",0.9691756739877352
289,"03/25/2023, 16:24:40",0.9648916604678976
290,"03/25/2023, 16:25:10",0.9655507394709508
291,"03/25/2023, 16:25:40",0.966209818474001
292,"03/25/2023, 16:26:10",0.9668688974770536
293,"03/25/2023, 16:26:40",0.9668688974770526
294,"03/25/2023, 16:27:10",0.9606076469480604
295,"03/25/2023, 16:27:41",0.9612667259511124
296,"03/25/2023, 16:28:11",0.9596190284434826
297,"03/25/2023, 16:28:41",0.9619258049541636
298,"03/25/2023, 16:29:11",0.95500547542212
299,"03/25/2023, 16:29:41",0.9655507394709488
300,"03/25/2023, 16:30:11",0.9569827124312756
301,"03/25/2023, 16:30:41",0.9599485679450078
302,"03/25/2023, 16:31:12",0.9618029258180012
303,"03/25/2023, 16:31:42",0.9635735024617936
304,"03/25/2023, 16:32:12",0.96060764694806
305,"03/25/2023, 16:32:42",0.966209818474
306,"03/25/2023, 16:33:12",0.9615962654526377
307,"03/25/2023, 16:33:42",0.95994856794501
308,"03/25/2023, 16:34:13",0.9592894889419572
309,"03/25/2023, 16:34:43",0.962914423458742
310,"03/25/2023, 16:35:13",0.9668688974770536
311,"03/25/2023, 16:35:43",0.9612667259511124
312,"03/25/2023, 16:36:13",0.9592894889419572
313,"03/25/2023, 16:36:44",0.9675279764801044
314,"03/25/2023, 16:37:14",0.9540168569175426
315,"03/25/2023, 16:37:44",0.9592894889419572
316,"03/25/2023, 16:38:14",0.9592894889419556
317,"03/25/2023, 16:38:44",0.9451192903763436
318,"03/25/2023, 16:39:14",0.9474260668870244
319,"03/25/2023, 16:39:44",0.9642325814648456
320,"03/25/2023, 16:40:15",0.9477556063885496
321,"03/25/2023, 16:40:45",0.9602781074465374
322,"03/25/2023, 16:41:15",0.9966559171658308
323,"03/25/2023, 16:41:45",0.9602781074465362
324,"03/25/2023, 16:42:15",0.9269946177924164
325,"03/25/2023, 16:42:45",0.955994093926699
326,"03/25/2023, 16:43:16",0.9583008704373792
327,"03/25/2023, 16:43:46",0.9583008704373792
328,"03/25/2023, 16:44:16",0.9615962654526384
329,"03/25/2023, 16:44:46",0.9622553444556908
330,"03/25/2023, 16:45:16",0.963243962960268
331,"03/25/2023, 16:45:46",0.9559940939266984
332,"03/25/2023, 16:46:16",0.9556645544251728
333,"03/25/2023, 16:46:47",0.9497328433977054
334,"03/25/2023, 16:47:17",0.9513805409053352
335,"03/25/2023, 16:47:47",0.949073764394654
336,"03/25/2023, 16:48:17",0.9507214619022832
337,"03/25/2023, 16:48:47",0.9612667259511124
338,"03/25/2023, 16:49:17",0.9533577779144898
339,"03/25/2023, 16:49:47",0.9592894889419566
340,"03/25/2023, 16:50:18",0.9592894889419566
341,"03/25/2023, 16:50:48",0.9592894889419566
342,"03/25/2023, 16:51:18",0.9553350149236456
343,"03/25/2023, 16:51:48",0.9594570514003596
344,"03/25/2023, 16:52:18",0.9592894889419566
345,"03/25/2023, 16:52:48",0.9566531729297488
346,"03/25/2023, 16:53:18",0.9569827124312748
347,"03/25/2023, 16:53:48",0.9566531729297504
348,"03/25/2023, 16:54:19",0.958300870437378
349,"03/25/2023, 16:54:49",0.9520396199083868
350,"03/25/2023, 16:55:19",0.9523691594099132
351,"03/25/2023, 16:55:49",0.952698698911439
352,"03/25/2023, 16:56:19",0.94940330389618
353,"03/25/2023, 16:56:49",0.9615962654526384
354,"03/25/2023, 16:57:20",0.9520396199083864
355,"03/25/2023, 16:57:50",0.9540168569175426
356,"03/25/2023, 16:58:20",0.958300870437378
357,"03/25/2023, 16:58:50",0.9688461344862076
358,"03/25/2023, 16:59:20",0.9520396199083868
359,"03/25/2023, 16:59:50",0.9559940939266982
360,"03/25/2023, 17:00:21",0.9583008704373788
361,"03/25/2023, 17:00:51",0.958630409938905
362,"03/25/2023, 17:01:21",0.9639030419633188
363,"03/25/2023, 17:01:51",0.9691756739877336
364,"03/25/2023, 17:02:21",0.9599485679450096
365,"03/25/2023, 17:02:51",0.9586304099389044
366,"03/25/2023, 17:03:21",0.9592894889419564
367,"03/25/2023, 17:03:52",0.9583008704373792
368,"03/25/2023, 17:04:22",0.9583008704373795
369,"03/25/2023, 17:04:52",0.9523691594099124
370,"03/25/2023, 17:05:22",0.9444602113732912
371,"03/25/2023, 17:05:52",0.9536873174160168
372,"03/25/2023, 17:06:22",0.927983236296996
373,"03/25/2023, 17:06:53",0.9395171188504036
374,"03/25/2023, 17:07:23",0.9312786313122547
375,"03/25/2023, 17:07:53",0.9385285003458252
376,"03/25/2023, 17:08:23",0.9375398818412471
377,"03/25/2023, 17:08:53",0.9365512633366696
378,"03/25/2023, 17:09:23",0.9368808028381952
379,"03/25/2023, 17:09:53",0.9332558683214108
380,"03/25/2023, 17:10:24",0.9372103423397218
381,"03/25/2023, 17:10:54",0.9378694213427724
382,"03/25/2023, 17:11:24",0.936880802838196
383,"03/25/2023, 17:11:54",0.9494033038961796
384,"03/25/2023, 17:12:24",0.9349035658290408
385,"03/25/2023, 17:12:54",0.94215343486261
386,"03/25/2023, 17:13:25",0.940176197853456
387,"03/25/2023, 17:13:55",0.9345740263275152
388,"03/25/2023, 17:14:25",0.9398466583519276
389,"03/25/2023, 17:14:55",0.9606076469480604
390,"03/25/2023, 17:15:25",0.9263355387893668
391,"03/25/2023, 17:15:55",0.9431420533671886
392,"03/25/2023, 17:16:25",0.939846658351928
393,"03/25/2023, 17:16:56",0.9345740263275144
394,"03/25/2023, 17:17:26",0.939846658351929
395,"03/25/2023, 17:17:56",0.9362217238351442
396,"03/25/2023, 17:18:26",0.9381989608442995
397,"03/25/2023, 17:18:56",0.9312786313122547
398,"03/25/2023, 17:19:26",0.9490737643946526
399,"03/25/2023, 17:19:56",0.9467669878839738
400,"03/25/2023, 17:20:26",0.9510510014038084
401,"03/25/2023, 17:20:56",0.9352331053305656
402,"03/25/2023, 17:21:27",0.9517100804068608
403,"03/25/2023, 17:21:57",0.9611326759843892
404,"03/25/2023, 17:22:27",0.9600998319784948
405,"03/25/2023, 17:22:57",0.965489299902868
406,"03/25/2023, 17:23:27",0.9325967893183582
407,"03/25/2023, 17:23:57",0.932267249816834
408,"03/25/2023, 17:24:27",0.9401761978534546
409,"03/25/2023, 17:24:57",0.9276536967954704
410,"03/25/2023, 17:25:27",0.9332558683214108
411,"03/25/2023, 17:25:57",0.9289718548015752
412,"03/25/2023, 17:26:27",0.943142053367188
413,"03/25/2023, 17:26:58",0.9381989608442992
414,"03/25/2023, 17:27:28",0.9302900128076784
415,"03/25/2023, 17:27:58",0.9388580398473516
416,"03/25/2023, 17:28:28",0.93490356582904
417,"03/25/2023, 17:28:58",0.9345740263275144
418,"03/25/2023, 17:29:28",0.9355626448320926
419,"03/25/2023, 17:29:58",0.9339149473244632
420,"03/25/2023, 17:30:28",0.9329263288198842
421,"03/25/2023, 17:30:58",0.9470965273854984
422,"03/25/2023, 17:31:28",0.936880802838195
423,"03/25/2023, 17:31:59",0.9388580398473512
424,"03/25/2023, 17:32:29",0.9453818048945084
425,"03/25/2023, 17:32:59",0.9431420533671868
426,"03/25/2023, 17:33:29",0.9457783693793944
427,"03/25/2023, 17:33:59",0.9388580398473524
428,"03/25/2023, 17:34:29",0.94775560638855
429,"03/25/2023, 17:34:59",0.9441306718717654
430,"03/25/2023, 17:35:29",0.9355626448320928
431,"03/25/2023, 17:35:59",0.9428125138656618
432,"03/25/2023, 17:36:29",0.9398466583519288
433,"03/25/2023, 17:36:59",0.9385285003458252
434,"03/25/2023, 17:37:29",0.9405057373549808
435,"03/25/2023, 17:38:00",0.9325967893183592
436,"03/25/2023, 17:38:30",0.9345740263275144
437,"03/25/2023, 17:39:00",0.939517118850403
438,"03/25/2023, 17:39:30",0.9372103423397212
439,"03/25/2023, 17:40:00",0.9289718548015738
440,"03/25/2023, 17:40:30",0.9395171188504022
441,"03/25/2023, 17:41:00",0.9375398818412468
442,"03/25/2023, 17:41:30",0.9457783693793952
443,"03/25/2023, 17:42:00",0.9579713309358538
444,"03/25/2023, 17:42:30",0.9510510014038088
445,"03/25/2023, 17:43:00",0.9534248028978516
446,"03/25/2023, 17:43:30",0.9385285003458252
447,"03/25/2023, 17:44:01",0.9418238953610848
448,"03/25/2023, 17:44:31",0.9533577779144902
449,"03/25/2023, 17:45:01",0.9293013943030994
450,"03/25/2023, 17:45:31",0.937869421342774
451,"03/25/2023, 17:46:01",0.9398466583519284
452,"03/25/2023, 17:46:31",0.9395171188504028
453,"03/25/2023, 17:47:01",0.952369159409914
454,"03/25/2023, 17:47:31",0.9395171188504022
455,"03/25/2023, 17:48:01",0.9464374483824456
456,"03/25/2023, 17:48:31",0.942482974364137
457,"03/25/2023, 17:49:01",0.926994617792418
458,"03/25/2023, 17:49:32",0.933585407822936
459,"03/25/2023, 17:50:02",0.9372103423397224
460,"03/25/2023, 17:50:32",0.9339149473244628
461,"03/25/2023, 17:51:02",0.948414685391601
462,"03/25/2023, 17:51:32",0.927324157293944
463,"03/25/2023, 17:52:02",0.9401761978534554
464,"03/25/2023, 17:52:32",0.9385285003458244
465,"03/25/2023, 17:53:02",0.9282904341374012
466,"03/25/2023, 17:53:32",0.9372103423397224
467,"03/25/2023, 17:54:02",0.9368808028381956
468,"03/25/2023, 17:54:32",0.9223810647710552
469,"03/25/2023, 17:55:03",0.9177675117496914
470,"03/25/2023, 17:55:33",0.9246878412817372
471,"03/25/2023, 17:56:03",0.9200742882603749
472,"03/25/2023, 17:56:33",0.9253469202847892
473,"03/25/2023, 17:57:03",0.9296309338046258
474,"03/25/2023, 17:57:33",0.9385285003458252
475,"03/25/2023, 17:58:03",0.9424829743641356
476,"03/25/2023, 17:58:33",0.9428125138656618
477,"03/25/2023, 17:59:03",0.948085145890076
478,"03/25/2023, 17:59:33",0.9536873174160162
479,"03/25/2023, 18:00:03",0.9517100804068616
480,"03/25/2023, 18:00:34",0.9484146853916028
481,"03/25/2023, 18:01:04",0.9490737643946542
482,"03/25/2023, 18:01:34",0.9559940939266978
483,"03/25/2023, 18:02:04",0.9520396199083864
484,"03/25/2023, 18:02:34",0.95500547542212
485,"03/25/2023, 18:03:04",0.9589599494404308
486,"03/25/2023, 18:03:34",0.9534248028978513
487,"03/25/2023, 18:04:04",0.9583008704373788
488,"03/25/2023, 18:04:34",0.9622553444556904
489,"03/25/2023, 18:05:04",0.9569827124312748
490,"03/25/2023, 18:05:34",0.949732843397707
491,"03/25/2023, 18:06:04",0.9513805409053364
492,"03/25/2023, 18:06:35",0.95500547542212
493,"03/25/2023, 18:07:05",0.9438011323702404
494,"03/25/2023, 18:07:35",0.9414943558595594
495,"03/25/2023, 18:08:05",0.9409757363161732
496,"03/25/2023, 18:08:35",0.9406900560592236
497,"03/25/2023, 18:09:05",0.949732843397704
498,"03/25/2023, 18:09:35",0.936880802838196
499,"03/25/2023, 18:10:05",0.9381989608442992
500,"03/25/2023, 18:10:35",0.9339149473244625
501,"03/25/2023, 18:11:05",0.935562644832092
502,"03/25/2023, 18:11:35",0.9520396199083876
503,"03/25/2023, 18:12:06",0.9332558683214102
504,"03/25/2023, 18:12:36",0.9385285003458252
505,"03/25/2023, 18:13:06",0.9457783693793947
506,"03/25/2023, 18:13:36",0.9467223045617316
507,"03/25/2023, 18:14:06",0.961596265452638
508,"03/25/2023, 18:14:36",0.9556645544251718
509,"03/25/2023, 18:15:06",0.9266650782908924
510,"03/25/2023, 18:15:36",0.935562644832092
511,"03/25/2023, 18:16:06",0.9381989608442995
512,"03/25/2023, 18:16:36",0.9398466583519288
513,"03/25/2023, 18:17:06",0.9615962654526377
514,"03/25/2023, 18:17:37",0.9273241572939454
515,"03/27/2023, 13:16:07",0.9568235983927996
516,"03/27/2023, 13:16:37",0.9615055139522508
517,"03/27/2023, 13:17:07",0.9620182549500996
518,"03/27/2023, 13:17:38",0.962815331161094
519,"03/27/2023, 13:18:08",0.9688461344862076
520,"03/27/2023, 13:18:38",0.968187055483156
521,"03/27/2023, 13:19:08",0.9612667259511116
522,"03/27/2023, 13:19:38",0.9619258049541644
523,"03/27/2023, 13:20:08",0.9546759359205929
524,"03/27/2023, 13:20:38",0.9615962654526372
525,"03/27/2023, 13:21:09",0.9546759359205944
526,"03/27/2023, 13:21:39",0.958630409938905
527,"03/27/2023, 13:22:09",0.9546759359205936
528,"03/27/2023, 13:22:39",0.9497328433977054
529,"03/27/2023, 13:23:09",0.9599485679450084
530,"03/27/2023, 13:23:39",0.9434715928687142
531,"03/27/2023, 13:24:10",0.9408352768565064
532,"03/27/2023, 13:24:40",0.9385285003458252
533,"03/27/2023, 13:25:10",0.94605205472812
534,"03/27/2023, 13:25:40",0.948085145890076
535,"03/27/2023, 13:26:10",0.9586304099389048
536,"03/27/2023, 13:26:40",0.9523691594099124
537,"03/27/2023, 13:27:11",0.9559940939266974
538,"03/27/2023, 13:27:41",0.9632439629602676
539,"03/27/2023, 13:28:11",0.9619258049541636
540,"03/27/2023, 13:28:41",0.9622553444556896
541,"03/27/2023, 13:29:11",0.9629144234587426
542,"03/27/2023, 13:29:41",0.9612667259511122
543,"03/27/2023, 13:30:11",0.9596190284434823
544,"03/27/2023, 13:30:42",0.9662098184740004
545,"03/27/2023, 13:31:12",0.9708233714953632
546,"03/27/2023, 13:31:42",0.9698347529907853
547,"03/27/2023, 13:32:12",0.9691756739877336
548,"03/27/2023, 13:32:42",0.970164292492312
549,"03/27/2023, 13:33:12",0.9708233714953632
550,"03/27/2023, 13:33:42",0.9691756739877336
551,"03/27/2023, 13:34:13",0.9691756739877336
552,"03/27/2023, 13:34:43",0.9671984369785784
553,"03/27/2023, 13:35:13",0.9691756739877336
554,"03/27/2023, 13:35:43",0.9604624261507784
555,"03/27/2023, 13:36:13",0.9470965273854978
556,"03/27/2023, 13:36:43",0.944460211373292
557,"03/27/2023, 13:37:13",0.941164816358032
558,"03/27/2023, 13:37:43",0.9592894889419556
559,"03/27/2023, 13:38:13",0.9622553444556896
560,"03/27/2023, 13:38:43",0.96225534445569
561,"03/27/2023, 13:39:14",0.9691756739877352
562,"03/27/2023, 13:39:44",0.9648916604678976
563,"03/27/2023, 13:40:14",0.9655507394709508
564,"03/27/2023, 13:40:44",0.966209818474001
565,"03/27/2023, 13:41:14",0.9668688974770536
566,"03/27/2023, 13:41:44",0.9668688974770526
567,"03/27/2023, 13:42:14",0.9606076469480604
568,"03/27/2023, 13:42:44",0.9612667259511124
569,"03/27/2023, 13:43:14",0.9596190284434826
570,"03/27/2023, 13:43:44",0.9619258049541636
571,"03/27/2023, 13:44:14",0.95500547542212
572,"03/27/2023, 13:44:44",0.9655507394709488
573,"03/27/2023, 13:45:15",0.9569827124312756
574,"03/27/2023, 13:45:45",0.9599485679450078
575,"03/27/2023, 13:46:15",0.9618029258180012
576,"03/27/2023, 13:46:45",0.9635735024617936
577,"03/27/2023, 13:47:15",0.96060764694806
578,"03/27/2023, 13:47:45",0.966209818474
579,"03/27/2023, 13:48:15",0.9615962654526377
580,"03/27/2023, 13:48:45",0.95994856794501
581,"03/27/2023, 13:49:15",0.9592894889419572
582,"03/27/2023, 13:49:45",0.962914423458742
583,"03/27/2023, 13:50:15",0.9668688974770536
584,"03/27/2023, 13:50:46",0.9612667259511124
585,"03/27/2023, 13:51:16",0.9592894889419572
586,"03/27/2023, 13:51:46",0.9675279764801044
587,"03/27/2023, 13:52:16",0.9540168569175426
588,"03/27/2023, 13:52:46",0.9592894889419572
589,"03/27/2023, 13:53:16",0.9592894889419556
590,"03/27/2023, 13:53:46",0.9451192903763436
591,"03/27/2023, 13:54:16",0.9474260668870244
592,"03/27/2023, 13:54:46",0.9642325814648456
593,"03/27/2023, 13:55:16",0.9477556063885496
594,"03/27/2023, 13:55:46",0.9602781074465374
595,"03/27/2023, 13:56:17",0.9966559171658308
596,"03/27/2023, 13:56:47",0.9602781074465362
597,"03/27/2023, 13:57:17",0.9269946177924164
598,"03/27/2023, 13:57:47",0.955994093926699
599,"03/27/2023, 13:58:17",0.9583008704373792
600,"03/27/2023, 13:58:47",0.9583008704373792
601,"03/27/2023, 13:59:17",0.9615962654526384
602,"03/27/2023, 13:59:47",0.9622553444556908
603,"03/27/2023, 14:00:17",0.963243962960268
604,"03/27/2023, 14:00:47",0.9559940939266984
605,"03/27/2023, 14:01:17",0.9556645544251728
606,"03/27/2023, 14:01:48",0.9497328433977054
607,"03/27/2023, 14:02:18",0.9513805409053352
608,"03/27/2023, 14:02:48",0.949073764394654
609,"03/27/2023, 14:03:18",0.9507214619022832
610,"03/27/2023, 14:03:48",0.9612667259511124
611,"03/27/2023, 14:04:18",0.9533577779144898
612,"03/27/2023, 14:04:48",0.9592894889419566
613,"03/27/2023, 14:05:18",0.9592894889419566
614,"03/27/2023, 14:05:48",0.9592894889419566
615,"03/27/2023, 14:06:18",0.9553350149236456
616,"03/27/2023, 14:06:48",0.9594570514003596
617,"03/27/2023, 14:07:18",0.9592894889419566
618,"03/27/2023, 14:07:49",0.9566531729297488
619,"03/27/2023, 14:08:19",0.9569827124312748
620,"03/27/2023, 14:08:49",0.9566531729297504
621,"03/27/2023, 14:09:19",0.958300870437378
622,"03/27/2023, 14:09:49",0.9520396199083868
623,"03/27/2023, 14:10:19",0.9523691594099132
624,"03/27/2023, 14:10:49",0.952698698911439
625,"03/27/2023, 14:11:19",0.94940330389618
626,"03/27/2023, 14:11:49",0.9615962654526384
627,"03/27/2023, 14:12:19",0.9520396199083864
628,"03/27/2023, 14:12:49",0.9540168569175426
629,"03/27/2023, 14:13:19",0.958300870437378
630,"03/27/2023, 14:13:50",0.9688461344862076
631,"03/27/2023, 14:14:20",0.9520396199083868
632,"03/27/2023, 14:14:50",0.9559940939266982
633,"03/27/2023, 14:15:20",0.9583008704373788
634,"03/27/2023, 14:15:50",0.958630409938905
635,"03/27/2023, 14:16:20",0.9639030419633188
636,"03/27/2023, 14:16:50",0.9691756739877336
637,"03/27/2023, 14:17:20",0.9599485679450096
638,"03/27/2023, 14:17:50",0.9586304099389044
639,"03/27/2023, 14:18:21",0.9592894889419564
640,"03/27/2023, 14:18:51",0.9583008704373792
641,"03/27/2023, 14:19:21",0.9583008704373795
642,"03/27/2023, 14:19:51",0.9523691594099124
643,"03/27/2023, 14:20:21",0.9444602113732912
644,"03/27/2023, 14:20:51",0.9536873174160168
645,"03/27/2023, 14:21:21",0.927983236296996
646,"03/27/2023, 14:21:51",0.9395171188504036
647,"03/27/2023, 14:22:21",0.9312786313122547
648,"03/27/2023, 14:22:51",0.9385285003458252
649,"03/27/2023, 14:23:21",0.9375398818412471
650,"03/27/2023, 14:23:51",0.9365512633366696
651,"03/27/2023, 14:24:21",0.9368808028381952
652,"03/27/2023, 14:24:52",0.9332558683214108
653,"03/27/2023, 14:25:22",0.9372103423397218
654,"03/27/2023, 14:25:52",0.9378694213427724
655,"03/27/2023, 14:26:22",0.936880802838196
656,"03/27/2023, 14:26:52",0.9494033038961796
657,"03/27/2023, 14:27:22",0.9349035658290408
658,"03/27/2023, 14:27:52",0.94215343486261
659,"03/27/2023, 14:28:22",0.940176197853456
660,"03/27/2023, 14:28:52",0.9345740263275152
661,"03/27/2023, 14:29:22",0.9398466583519276
662,"03/27/2023, 14:29:52",0.9606076469480604
663,"03/27/2023, 14:30:22",0.9263355387893668
664,"03/27/2023, 14:30:53",0.9431420533671886
665,"03/27/2023, 14:31:23",0.939846658351928
666,"03/27/2023, 14:31:53",0.9345740263275144
667,"03/27/2023, 14:32:23",0.939846658351929
668,"03/27/2023, 14:32:53",0.9362217238351442
669,"03/27/2023, 14:33:24",0.9568235983927996
670,"03/27/2023, 14:33:55",0.9615055139522508
671,"03/27/2023, 14:34:25",0.9620182549500996
672,"03/27/2023, 14:34:55",0.962815331161094
673,"03/27/2023, 14:35:25",0.9688461344862076
674,"03/27/2023, 14:35:55",0.968187055483156
675,"03/27/2023, 14:36:25",0.9612667259511116
676,"03/27/2023, 14:36:55",0.9619258049541644
677,"03/27/2023, 14:37:25",0.9546759359205929
678,"03/27/2023, 14:37:55",0.9615962654526372
679,"03/27/2023, 14:38:25",0.9546759359205944
680,"03/27/2023, 14:38:56",0.958630409938905
681,"03/27/2023, 14:39:26",0.9546759359205936
682,"03/27/2023, 14:39:56",0.9497328433977054
683,"03/27/2023, 14:40:26",0.9599485679450084
684,"03/27/2023, 14:40:56",0.9434715928687142
685,"03/27/2023, 14:41:26",0.9408352768565064
686,"03/27/2023, 14:41:56",0.9385285003458252
687,"03/27/2023, 14:42:26",0.94605205472812
688,"03/27/2023, 14:42:56",0.948085145890076
689,"03/27/2023, 14:43:26",0.9586304099389048
690,"03/27/2023, 14:43:56",0.9523691594099124
691,"03/27/2023, 14:44:26",0.9559940939266974
692,"03/27/2023, 14:44:57",0.9632439629602676
693,"03/27/2023, 14:45:27",0.9619258049541636
694,"03/27/2023, 14:45:57",0.9622553444556896
695,"03/27/2023, 14:46:27",0.9629144234587426
696,"03/27/2023, 14:46:57",0.9612667259511122
697,"03/27/2023, 14:47:27",0.9596190284434823
698,"03/27/2023, 14:47:57",0.9662098184740004
699,"03/27/2023, 14:48:27",0.9708233714953632
700,"03/27/2023, 14:48:57",0.9698347529907853
701,"03/27/2023, 14:49:27",0.9691756739877336
702,"03/27/2023, 14:49:58",0.970164292492312
703,"03/27/2023, 14:50:28",0.9708233714953632
704,"03/27/2023, 14:50:58",0.9691756739877336
705,"03/27/2023, 14:51:28",0.9691756739877336
706,"03/27/2023, 14:51:58",0.9671984369785784
707,"03/27/2023, 14:52:28",0.9691756739877336
708,"03/27/2023, 14:52:58",0.9604624261507784
709,"03/27/2023, 14:53:28",0.9470965273854978
710,"03/27/2023, 14:53:58",0.944460211373292
711,"03/27/2023, 14:54:28",0.941164816358032
712,"03/27/2023, 14:54:58",0.9592894889419556
713,"03/27/2023, 14:55:29",0.9622553444556896
714,"03/27/2023, 14:55:59",0.96225534445569
715,"03/27/2023, 14:56:29",0.9691756739877352
716,"03/27/2023, 14:56:59",0.9648916604678976
717,"03/27/2023, 14:57:29",0.9655507394709508
718,"03/27/2023, 14:57:59",0.966209818474001
719,"03/27/2023, 14:58:29",0.9668688974770536
720,"03/27/2023, 14:58:59",0.9668688974770526
721,"03/27/2023, 14:59:29",0.9606076469480604
722,"03/27/2023, 14:59:59",0.9612667259511124
723,"03/27/2023, 15:00:29",0.9596190284434826
724,"03/27/2023, 15:00:59",0.9619258049541636
725,"03/27/2023, 15:01:30",0.95500547542212
726,"03/27/2023, 15:02:00",0.9655507394709488
727,"03/27/2023, 15:02:30",0.9569827124312756
728,"03/27/2023, 15:03:00",0.9599485679450078
729,"03/27/2023, 15:03:30",0.9618029258180012
730,"03/27/2023, 15:04:00",0.9635735024617936
731,"03/27/2023, 15:04:30",0.96060764694806
732,"03/27/2023, 15:05:00",0.966209818474
733,"03/27/2023, 15:05:30",0.9615962654526377
734,"03/27/2023, 15:06:00",0.95994856794501
735,"03/27/2023, 15:06:31",0.9592894889419572
736,"03/27/2023, 15:07:01",0.962914423458742
737,"03/27/2023, 15:07:31",0.9668688974770536
738,"03/27/2023, 15:17:30",0.9568235983927996
739,"03/27/2023, 15:18:00",0.9615055139522508
740,"03/27/2023, 15:18:30",0.9620182549500996
741,"03/27/2023, 15:19:00",0.962815331161094
742,"03/27/2023, 15:19:31",0.9688461344862076
743,"03/27/2023, 15:20:01",0.968187055483156
744,"03/27/2023, 15:20:31",0.9612667259511116
745,"03/27/2023, 15:21:01",0.9619258049541644
746,"03/27/2023, 15:21:31",0.9546759359205929
747,"03/27/2023, 15:22:01",0.9615962654526372
748,"03/27/2023, 15:22:31",0.9546759359205944
749,"03/27/2023, 15:23:02",0.958630409938905
750,"03/27/2023, 15:23:32",0.9546759359205936
751,"03/27/2023, 15:24:02",0.9497328433977054
752,"03/27/2023, 15:24:32",0.9599485679450084
753,"03/27/2023, 15:25:02",0.9434715928687142
754,"03/27/2023, 15:25:32",0.9408352768565064
755,"03/27/2023, 15:26:03",0.9385285003458252
756,"03/27/2023, 15:26:33",0.94605205472812
757,"03/27/2023, 15:27:03",0.948085145890076
758,"03/27/2023, 15:27:33",0.9586304099389048
759,"03/27/2023, 15:28:03",0.9523691594099124
760,"03/27/2023, 15:28:33",0.9559940939266974
761,"03/27/2023, 15:29:04",0.9632439629602676
762,"03/27/2023, 15:29:34",0.9619258049541636
763,"03/27/2023, 15:30:04",0.9622553444556896
764,"03/27/2023, 15:30:34",0.9629144234587426
765,"03/27/2023, 15:31:04",0.9612667259511122
766,"03/27/2023, 15:31:34",0.9596190284434823
767,"03/27/2023, 15:32:04",0.9662098184740004
768,"03/27/2023, 15:32:35",0.9708233714953632
769,"03/27/2023, 15:33:05",0.9698347529907853
770,"03/27/2023, 15:33:35",0.9691756739877336
771,"03/27/2023, 15:34:05",0.970164292492312
772,"03/27/2023, 15:34:35",0.9708233714953632
773,"03/27/2023, 15:35:05",0.9691756739877336
774,"03/27/2023, 15:35:36",0.9691756739877336
775,"03/27/2023, 15:36:06",0.9671984369785784
776,"03/27/2023, 15:36:36",0.9691756739877336
777,"03/27/2023, 15:37:06",0.9604624261507784
778,"03/27/2023, 15:37:36",0.9470965273854978
779,"03/27/2023, 15:38:06",0.944460211373292
780,"03/27/2023, 15:38:36",0.941164816358032
781,"03/27/2023, 15:39:07",0.9592894889419556
782,"03/27/2023, 15:39:37",0.9622553444556896
783,"03/27/2023, 15:40:07",0.96225534445569
784,"03/27/2023, 15:40:37",0.9691756739877352
785,"03/27/2023, 15:41:07",0.9648916604678976
786,"03/27/2023, 15:41:37",0.9655507394709508
787,"03/27/2023, 15:42:08",0.966209818474001
788,"03/27/2023, 15:42:38",0.9668688974770536
789,"03/27/2023, 15:43:08",0.9668688974770526
790,"03/27/2023, 15:43:38",0.9606076469480604
791,"03/27/2023, 15:44:08",0.9612667259511124
792,"03/27/2023, 15:44:38",0.9596190284434826
793,"03/27/2023, 15:45:08",0.9619258049541636
794,"03/27/2023, 15:45:39",0.95500547542212
795,"03/27/2023, 15:46:09",0.9655507394709488
796,"03/27/2023, 15:46:39",0.9569827124312756
797,"03/27/2023, 15:47:09",0.9599485679450078
798,"03/27/2023, 15:47:39",0.9618029258180012
799,"03/27/2023, 15:48:09",0.9635735024617936
800,"03/27/2023, 15:48:40",0.96060764694806
801,"03/27/2023, 15:49:10",0.966209818474
802,"03/27/2023, 15:49:40",0.9615962654526377
803,"03/27/2023, 15:50:10",0.95994856794501
804,"03/27/2023, 15:50:40",0.9592894889419572
805,"03/27/2023, 15:51:10",0.962914423458742
806,"03/27/2023, 15:51:40",0.9668688974770536
807,"03/27/2023, 15:52:11",0.9612667259511124
808,"03/27/2023, 15:52:41",0.9592894889419572
809,"03/27/2023, 15:53:11",0.9675279764801044
810,"03/27/2023, 15:53:41",0.9540168569175426
811,"03/27/2023, 15:54:11",0.9592894889419572
812,"03/27/2023, 15:54:41",0.9592894889419556
813,"03/27/2023, 15:55:12",0.9451192903763436
814,"03/27/2023, 15:55:42",0.9474260668870244
815,"03/27/2023, 15:56:12",0.9642325814648456
816,"03/27/2023, 15:56:42",0.9477556063885496
817,"03/27/2023, 15:57:12",0.9602781074465374
818,"03/27/2023, 15:57:42",0.9966559171658308
819,"03/27/2023, 15:58:13",0.9602781074465362
820,"03/27/2023, 15:58:43",0.9269946177924164
821,"03/27/2023, 15:59:13",0.955994093926699
822,"03/27/2023, 15:59:43",0.9583008704373792
823,"03/27/2023, 16:00:13",0.9583008704373792
824,"03/27/2023, 16:00:43",0.9615962654526384
825,"03/27/2023, 16:01:14",0.9622553444556908
826,"03/27/2023, 16:01:44",0.963243962960268
827,"03/27/2023, 16:02:14",0.9559940939266984
828,"03/27/2023, 16:02:44",0.9556645544251728
829,"03/27/2023, 16:03:14",0.9497328433977054
830,"03/27/2023, 16:03:44",0.9513805409053352
831,"03/27/2023, 16:04:14",0.949073764394654
832,"03/27/2023, 16:04:45",0.9507214619022832
833,"03/27/2023, 16:05:15",0.9612667259511124
834,"03/27/2023, 16:05:45",0.9533577779144898
835,"03/27/2023, 16:06:15",0.9592894889419566
836,"03/27/2023, 16:06:45",0.9592894889419566
837,"03/27/2023, 16:07:15",0.9592894889419566
838,"03/27/2023, 16:07:46",0.9553350149236456
839,"03/27/2023, 16:08:16",0.9594570514003596
840,"03/27/2023, 16:08:46",0.9592894889419566
841,"03/27/2023, 16:09:16",0.9566531729297488
842,"03/27/2023, 16:09:46",0.9569827124312748
843,"03/27/2023, 16:10:16",0.9566531729297504
844,"03/27/2023, 16:10:47",0.958300870437378
845,"03/27/2023, 16:11:17",0.9520396199083868
846,"03/27/2023, 16:11:47",0.9523691594099132
847,"03/27/2023, 16:12:17",0.952698698911439
848,"03/27/2023, 16:12:47",0.94940330389618
849,"03/27/2023, 16:13:17",0.9615962654526384
850,"03/27/2023, 16:13:47",0.9520396199083864
851,"03/27/2023, 16:14:18",0.9540168569175426
852,"03/27/2023, 16:14:48",0.958300870437378
853,"03/27/2023, 16:15:18",0.9688461344862076
854,"03/27/2023, 16:15:48",0.9520396199083868
855,"03/27/2023, 16:16:18",0.9559940939266982
856,"03/27/2023, 16:16:48",0.9583008704373788
857,"03/27/2023, 16:17:19",0.958630409938905
858,"03/27/2023, 16:17:49",0.9639030419633188
859,"03/27/2023, 16:18:19",0.9691756739877336
860,"03/27/2023, 16:18:49",0.9599485679450096
861,"03/27/2023, 16:19:19",0.9586304099389044
862,"03/27/2023, 16:19:49",0.9592894889419564
863,"03/27/2023, 16:20:19",0.9583008704373792
864,"03/27/2023, 16:20:49",0.9583008704373795
865,"03/27/2023, 16:21:19",0.9523691594099124
866,"03/27/2023, 16:21:49",0.9444602113732912
867,"03/27/2023, 16:22:19",0.9536873174160168
868,"03/27/2023, 16:22:50",0.927983236296996
869,"03/27/2023, 16:23:20",0.9395171188504036
870,"03/27/2023, 16:23:50",0.9312786313122547
871,"03/27/2023, 16:24:20",0.9385285003458252
872,"03/27/2023, 16:24:50",0.9375398818412471
873,"03/27/2023, 16:25:20",0.9365512633366696
874,"03/27/2023, 16:25:50",0.9368808028381952
875,"03/27/2023, 16:26:20",0.9332558683214108
876,"03/27/2023, 16:26:50",0.9372103423397218
877,"03/27/2023, 16:27:20",0.9378694213427724
878,"03/27/2023, 16:27:50",0.936880802838196
879,"03/27/2023, 16:28:20",0.9494033038961796
880,"03/27/2023, 16:28:51",0.9349035658290408
881,"03/27/2023, 16:29:21",0.94215343486261
882,"03/27/2023, 16:29:51",0.940176197853456
883,"03/27/2023, 16:30:21",0.9345740263275152
884,"03/27/2023, 16:30:51",0.9398466583519276
885,"03/27/2023, 16:31:21",0.9606076469480604
886,"03/27/2023, 16:31:51",0.9263355387893668
887,"03/27/2023, 16:32:21",0.9431420533671886
888,"03/27/2023, 16:32:51",0.939846658351928
889,"03/27/2023, 16:33:21",0.9345740263275144
890,"03/27/2023, 16:33:51",0.939846658351929
891,"03/27/2023, 16:34:21",0.9362217238351442
892,"03/27/2023, 16:34:52",0.9381989608442995
893,"03/27/2023, 16:35:22",0.9312786313122547
894,"03/27/2023, 16:35:52",0.9490737643946526
895,"03/27/2023, 16:36:22",0.9467669878839738
896,"03/27/2023, 16:36:52",0.9510510014038084
897,"03/27/2023, 16:37:22",0.9352331053305656
898,"03/27/2023, 16:37:52",0.9517100804068608
899,"03/27/2023, 16:38:22",0.9611326759843892
900,"03/27/2023, 16:38:52",0.9600998319784948
901,"03/27/2023, 16:39:23",0.965489299902868
902,"03/27/2023, 16:39:53",0.9325967893183582
903,"03/27/2023, 16:40:23",0.932267249816834
904,"03/27/2023, 16:40:53",0.9401761978534546
905,"03/27/2023, 16:41:23",0.9276536967954704
906,"03/27/2023, 16:41:53",0.9332558683214108
907,"03/27/2023, 16:42:23",0.9289718548015752
908,"03/27/2023, 16:42:53",0.943142053367188
909,"03/27/2023, 16:43:23",0.9381989608442992
910,"03/27/2023, 16:43:53",0.9302900128076784
911,"03/27/2023, 16:44:23",0.9388580398473516
912,"03/27/2023, 16:44:54",0.93490356582904
913,"03/27/2023, 16:45:24",0.9345740263275144
914,"03/27/2023, 16:45:54",0.9355626448320926
915,"03/27/2023, 16:46:24",0.9339149473244632
916,"03/27/2023, 16:46:54",0.9329263288198842
917,"03/27/2023, 16:47:24",0.9470965273854984
918,"03/27/2023, 16:47:54",0.936880802838195
919,"03/27/2023, 16:48:24",0.9388580398473512
920,"03/27/2023, 16:48:54",0.9453818048945084
921,"03/27/2023, 16:49:24",0.9431420533671868
922,"03/27/2023, 16:49:54",0.9457783693793944
923,"03/27/2023, 16:50:25",0.9388580398473524
924,"03/27/2023, 16:50:55",0.94775560638855
925,"03/27/2023, 16:51:25",0.9441306718717654
926,"03/27/2023, 16:51:55",0.9355626448320928
927,"03/27/2023, 16:52:25",0.9428125138656618
928,"03/27/2023, 16:52:55",0.9398466583519288
929,"03/27/2023, 16:53:25",0.9385285003458252
930,"03/27/2023, 16:53:55",0.9405057373549808
931,"03/27/2023, 16:54:25",0.9325967893183592
932,"03/27/2023, 16:54:55",0.9345740263275144
933,"03/27/2023, 16:55:25",0.939517118850403
934,"03/27/2023, 16:55:55",0.9372103423397212
935,"03/27/2023, 16:56:25",0.9289718548015738
936,"03/27/2023, 16:56:56",0.9395171188504022
937,"03/27/2023, 16:57:26",0.9375398818412468
938,"03/27/2023, 16:57:56",0.9457783693793952
939,"03/27/2023, 16:58:26",0.9579713309358538
940,"03/27/2023, 16:58:56",0.9510510014038088
941,"03/27/2023, 16:59:26",0.9534248028978516
942,"03/27/2023, 16:59:56",0.9385285003458252
943,"03/27/2023, 17:00:26",0.9418238953610848
944,"03/27/2023, 17:00:56",0.9533577779144902
945,"03/27/2023, 17:01:26",0.9293013943030994
946,"03/27/2023, 17:01:56",0.937869421342774
947,"03/27/2023, 17:02:27",0.9398466583519284
948,"03/27/2023, 17:02:57",0.9395171188504028
949,"03/27/2023, 17:03:27",0.952369159409914
950,"03/27/2023, 17:03:57",0.9395171188504022
951,"03/27/2023, 17:04:27",0.9464374483824456
952,"03/27/2023, 17:04:57",0.942482974364137
953,"03/27/2023, 17:05:27",0.926994617792418
954,"03/27/2023, 17:05:57",0.933585407822936
955,"03/27/2023, 17:06:27",0.9372103423397224
956,"03/27/2023, 17:06:57",0.9339149473244628
957,"03/27/2023, 17:07:28",0.948414685391601
958,"03/27/2023, 17:07:58",0.927324157293944
959,"03/27/2023, 17:08:28",0.9401761978534554
960,"03/27/2023, 17:08:58",0.9385285003458244
961,"03/27/2023, 17:09:28",0.9282904341374012
962,"03/27/2023, 17:09:58",0.9372103423397224
963,"03/27/2023, 17:10:28",0.9368808028381956
964,"03/27/2023, 17:10:58",0.9223810647710552
965,"03/27/2023, 17:35:27",0.9568235983927996
966,"03/27/2023, 17:35:57",0.9615055139522508
967,"03/27/2023, 17:36:28",0.9620182549500996
968,"03/27/2023, 17:36:58",0.962815331161094
969,"03/27/2023, 17:37:28",0.9688461344862076
970,"03/27/2023, 17:37:58",0.968187055483156
971,"03/27/2023, 17:38:28",0.9612667259511116
972,"03/27/2023, 17:38:58",0.9619258049541644
973,"03/27/2023, 17:39:28",0.9546759359205929
974,"03/27/2023, 17:39:58",0.9615962654526372
975,"03/27/2023, 17:40:28",0.9546759359205944
976,"03/27/2023, 17:40:58",0.958630409938905
977,"03/27/2023, 17:41:29",0.9546759359205936
978,"03/27/2023, 17:41:59",0.9497328433977054
979,"03/27/2023, 17:42:29",0.9599485679450084
980,"03/27/2023, 17:42:59",0.9434715928687142
981,"03/27/2023, 18:19:43",0.9568235983927996
982,"03/27/2023, 18:20:14",0.9615055139522508
983,"03/27/2023, 18:20:44",0.9620182549500996
984,"03/27/2023, 18:21:14",0.962815331161094
985,"03/27/2023, 18:21:44",0.9688461344862076
986,"03/27/2023, 18:22:14",0.968187055483156
987,"03/27/2023, 18:22:44",0.9612667259511116
988,"03/27/2023, 18:23:14",0.9619258049541644
989,"03/27/2023, 18:23:45",0.9546759359205929
990,"03/27/2023, 18:24:15",0.9615962654526372
991,"03/27/2023, 18:24:45",0.9546759359205944
992,"03/27/2023, 18:25:15",0.958630409938905
993,"03/27/2023, 18:25:45",0.9546759359205936
994,"03/27/2023, 18:26:15",0.9497328433977054
995,"03/27/2023, 18:26:46",0.9599485679450084
996,"03/27/2023, 18:27:16",0.9434715928687142
997,"03/27/2023, 18:27:46",0.9408352768565064
998,"03/27/2023, 18:28:16",0.9385285003458252
999,"03/27/2023, 18:28:46",0.94605205472812
1000,"03/27/2023, 18:29:16",0.948085145890076
1001,"03/27/2023, 18:29:47",0.9586304099389048
1002,"03/27/2023, 18:30:17",0.9523691594099124
1003,"03/27/2023, 18:30:47",0.9559940939266974
1004,"03/27/2023, 18:31:17",0.9632439629602676
1005,"03/27/2023, 18:31:47",0.9619258049541636
1006,"03/27/2023, 18:32:17",0.9622553444556896
1007,"03/27/2023, 18:32:47",0.9629144234587426
1008,"03/27/2023, 18:33:18",0.9612667259511122
1009,"03/27/2023, 18:33:48",0.9596190284434823
1010,"03/27/2023, 18:34:18",0.9662098184740004
1011,"03/27/2023, 18:34:48",0.9708233714953632
1012,"03/27/2023, 18:35:18",0.9698347529907853
1013,"03/27/2023, 18:35:48",0.9691756739877336
1014,"03/27/2023, 18:36:19",0.970164292492312
1015,"03/27/2023, 18:36:49",0.9708233714953632
1016,"03/27/2023, 18:37:19",0.9691756739877336
1017,"03/27/2023, 18:37:49",0.9691756739877336
1018,"03/27/2023, 18:38:19",0.9671984369785784
1019,"03/27/2023, 18:38:49",0.9691756739877336
1020,"03/27/2023, 18:39:20",0.9604624261507784
1021,"03/27/2023, 18:39:50",0.9470965273854978
1022,"03/27/2023, 18:40:20",0.944460211373292
1023,"03/27/2023, 18:40:50",0.941164816358032
1024,"03/27/2023, 18:41:20",0.9592894889419556
1025,"03/27/2023, 18:41:50",0.9622553444556896
1026,"03/27/2023, 18:42:20",0.96225534445569
1027,"03/27/2023, 18:42:51",0.9691756739877352
1028,"03/27/2023, 18:43:21",0.9648916604678976
1029,"03/27/2023, 18:43:51",0.9655507394709508
1030,"03/27/2023, 18:44:21",0.966209818474001
1031,"03/27/2023, 18:44:51",0.9668688974770536
1032,"03/27/2023, 18:45:21",0.9668688974770526
1033,"03/27/2023, 18:45:52",0.9606076469480604
1034,"03/27/2023, 18:46:22",0.9612667259511124
1035,"03/27/2023, 18:46:52",0.9596190284434826
1036,"03/27/2023, 18:47:22",0.9619258049541636
1037,"03/27/2023, 18:47:52",0.95500547542212
1038,"03/27/2023, 18:48:22",0.9655507394709488
1039,"03/27/2023, 18:48:52",0.9569827124312756
1040,"03/27/2023, 18:49:23",0.9599485679450078
1041,"03/27/2023, 18:49:53",0.9618029258180012
1042,"03/27/2023, 18:50:23",0.9635735024617936
1043,"03/27/2023, 18:50:53",0.96060764694806
1044,"03/27/2023, 18:51:23",0.966209818474
1045,"03/27/2023, 18:51:53",0.9615962654526377
1046,"03/27/2023, 18:52:24",0.95994856794501
1047,"03/27/2023, 18:52:54",0.9592894889419572
1048,"03/27/2023, 18:53:24",0.962914423458742
1049,"03/27/2023, 18:53:54",0.9668688974770536
1050,"03/27/2023, 18:54:24",0.9612667259511124
1051,"03/27/2023, 18:54:54",0.9592894889419572
1052,"03/27/2023, 18:55:25",0.9675279764801044
1053,"03/27/2023, 18:55:55",0.9540168569175426
1054,"03/27/2023, 18:56:25",0.9592894889419572
1055,"03/27/2023, 18:56:55",0.9592894889419556
1056,"03/27/2023, 18:57:25",0.9451192903763436
1057,"03/27/2023, 18:57:55",0.9474260668870244
1058,"03/27/2023, 18:58:26",0.9642325814648456
1059,"03/27/2023, 18:58:56",0.9477556063885496
1060,"03/27/2023, 18:59:26",0.9602781074465374
1061,"03/27/2023, 18:59:56",0.9966559171658308
1062,"03/27/2023, 19:00:26",0.9602781074465362
1063,"03/27/2023, 19:00:56",0.9269946177924164
1064,"03/27/2023, 19:01:27",0.955994093926699
1065,"03/28/2023, 08:09:32",0.9568235983927996
1066,"03/28/2023, 08:10:02",0.9615055139522508
1067,"03/28/2023, 08:10:32",0.9620182549500996
1068,"03/28/2023, 08:11:02",0.962815331161094
1069,"03/28/2023, 08:11:32",0.9688461344862076
1070,"03/28/2023, 08:12:03",0.968187055483156
1071,"03/28/2023, 08:12:33",0.9612667259511116
1072,"03/28/2023, 08:13:03",0.9619258049541644
1073,"03/28/2023, 08:13:33",0.9546759359205929
1074,"03/28/2023, 08:14:03",0.9615962654526372
1075,"03/28/2023, 08:14:34",0.9546759359205944
1076,"03/28/2023, 08:15:04",0.958630409938905
1077,"03/28/2023, 08:15:34",0.9546759359205936
1078,"03/28/2023, 08:16:04",0.9497328433977054
1079,"03/28/2023, 08:16:34",0.9599485679450084
1080,"03/28/2023, 08:17:04",0.9434715928687142
1081,"03/28/2023, 08:17:35",0.9408352768565064
1082,"03/28/2023, 08:18:05",0.9385285003458252
1083,"03/28/2023, 08:18:35",0.94605205472812
1084,"03/28/2023, 08:19:05",0.948085145890076
1085,"03/28/2023, 08:19:35",0.9586304099389048
1086,"03/28/2023, 08:20:05",0.9523691594099124
1087,"03/28/2023, 08:20:36",0.9559940939266974
1088,"03/28/2023, 08:21:06",0.9632439629602676
1089,"03/28/2023, 08:21:36",0.9619258049541636
1090,"03/28/2023, 08:22:06",0.9622553444556896
1091,"03/28/2023, 08:22:36",0.9629144234587426
1092,"03/28/2023, 08:23:07",0.9612667259511122
1093,"03/28/2023, 08:23:37",0.9596190284434823
1094,"03/28/2023, 08:24:07",0.9662098184740004
1095,"03/28/2023, 08:24:37",0.9708233714953632
1096,"03/28/2023, 08:25:07",0.9698347529907853
1097,"03/28/2023, 08:25:37",0.9691756739877336
1098,"03/28/2023, 08:26:07",0.970164292492312
1099,"03/28/2023, 08:26:38",0.9708233714953632
1100,"03/28/2023, 08:27:08",0.9691756739877336
1101,"03/28/2023, 08:27:38",0.9691756739877336
1102,"03/28/2023, 08:28:08",0.9671984369785784
1103,"03/28/2023, 08:28:38",0.9691756739877336
1104,"03/28/2023, 08:29:08",0.9604624261507784
1105,"03/28/2023, 08:29:39",0.9470965273854978
1106,"03/28/2023, 08:30:09",0.944460211373292
1107,"03/28/2023, 08:30:39",0.941164816358032
1108,"03/28/2023, 08:31:09",0.9592894889419556
1109,"03/28/2023, 08:31:39",0.9622553444556896
1110,"03/28/2023, 08:32:09",0.96225534445569
1111,"03/28/2023, 08:32:39",0.9691756739877352
1112,"03/28/2023, 08:33:10",0.9648916604678976
1113,"03/28/2023, 08:33:40",0.9655507394709508
1114,"03/28/2023, 08:34:10",0.966209818474001
1115,"03/28/2023, 08:34:40",0.9668688974770536
1116,"03/28/2023, 08:35:10",0.9668688974770526
1117,"03/28/2023, 08:35:41",0.9606076469480604
1118,"03/28/2023, 08:36:11",0.9612667259511124
1119,"03/28/2023, 08:36:41",0.9596190284434826
1120,"03/28/2023, 08:37:11",0.9619258049541636
1121,"03/28/2023, 08:37:41",0.95500547542212
1122,"03/28/2023, 08:38:11",0.9655507394709488
1123,"03/28/2023, 08:38:41",0.9569827124312756
1124,"03/28/2023, 08:39:12",0.9599485679450078
1125,"03/28/2023, 08:39:42",0.9618029258180012
1126,"03/28/2023, 08:40:12",0.9635735024617936
1127,"03/28/2023, 08:40:42",0.96060764694806
1128,"03/28/2023, 08:41:12",0.966209818474
1129,"03/28/2023, 08:41:42",0.9615962654526377
1130,"03/28/2023, 08:42:12",0.95994856794501
1131,"03/28/2023, 08:42:42",0.9592894889419572
1132,"03/28/2023, 08:43:12",0.962914423458742
1133,"03/28/2023, 08:43:42",0.9668688974770536
1134,"03/28/2023, 08:44:13",0.9612667259511124
1135,"03/28/2023, 08:44:43",0.9592894889419572
1136,"03/28/2023, 08:45:13",0.9675279764801044
1137,"03/28/2023, 08:45:43",0.9540168569175426
1138,"03/28/2023, 08:46:13",0.9592894889419572
1139,"03/28/2023, 08:46:43",0.9592894889419556
1140,"03/28/2023, 08:47:13",0.9451192903763436
1141,"03/28/2023, 08:47:43",0.9474260668870244
1142,"03/28/2023, 08:48:13",0.9642325814648456
1143,"03/28/2023, 08:48:43",0.9477556063885496
1144,"03/28/2023, 08:49:13",0.9602781074465374
1145,"03/28/2023, 08:49:44",0.9966559171658308
1146,"03/28/2023, 08:50:14",0.9602781074465362
1147,"03/28/2023, 08:50:44",0.9269946177924164
1148,"03/28/2023, 08:51:14",0.955994093926699
1149,"03/28/2023, 08:51:44",0.9583008704373792
1150,"03/28/2023, 08:52:14",0.9583008704373792
1151,"03/28/2023, 08:52:44",0.9615962654526384
1152,"03/28/2023, 08:53:14",0.9622553444556908
1153,"03/28/2023, 08:53:44",0.963243962960268
1154,"03/28/2023, 08:54:14",0.9559940939266984
1155,"03/28/2023, 08:54:44",0.9556645544251728
1156,"03/28/2023, 08:55:15",0.9497328433977054
1157,"03/28/2023, 08:55:45",0.9513805409053352
1158,"03/28/2023, 08:56:15",0.949073764394654
1159,"03/28/2023, 08:56:45",0.9507214619022832
1160,"03/28/2023, 08:57:15",0.9612667259511124
1161,"03/28/2023, 08:57:45",0.9533577779144898
1162,"03/28/2023, 08:58:15",0.9592894889419566
1163,"03/28/2023, 08:58:45",0.9592894889419566
1164,"03/28/2023, 08:59:15",0.9592894889419566
1165,"03/28/2023, 08:59:45",0.9553350149236456
1166,"03/28/2023, 09:00:15",0.9594570514003596
1167,"03/28/2023, 09:00:45",0.9592894889419566
1168,"03/28/2023, 09:01:15",0.9566531729297488
1169,"03/28/2023, 09:01:46",0.9569827124312748
1170,"03/28/2023, 09:02:16",0.9566531729297504
1171,"03/28/2023, 09:02:46",0.958300870437378
1172,"03/28/2023, 09:03:16",0.9520396199083868
1173,"03/28/2023, 09:03:46",0.9523691594099132
1174,"03/28/2023, 09:04:16",0.952698698911439
1175,"03/28/2023, 09:04:46",0.94940330389618
1176,"03/28/2023, 09:05:16",0.9615962654526384
1177,"03/28/2023, 09:05:46",0.9520396199083864
1178,"03/28/2023, 09:06:16",0.9540168569175426
1179,"03/28/2023, 09:06:46",0.958300870437378
1180,"03/28/2023, 09:07:17",0.9688461344862076
1181,"03/28/2023, 09:07:47",0.9520396199083868
1182,"03/28/2023, 09:08:17",0.9559940939266982
1183,"03/28/2023, 09:08:47",0.9583008704373788
1184,"03/28/2023, 09:09:17",0.958630409938905
1185,"03/28/2023, 09:09:47",0.9639030419633188
1186,"03/28/2023, 09:10:17",0.9691756739877336
1187,"03/28/2023, 09:10:47",0.9599485679450096
1188,"03/28/2023, 09:11:17",0.9586304099389044
1189,"03/28/2023, 09:11:47",0.9592894889419564
1190,"03/28/2023, 09:12:17",0.9583008704373792
1191,"03/28/2023, 09:12:48",0.9583008704373795
1192,"03/28/2023, 09:13:18",0.9523691594099124
1193,"03/28/2023, 09:13:48",0.9444602113732912
1194,"03/28/2023, 09:14:18",0.9536873174160168
1195,"03/28/2023, 09:14:48",0.927983236296996
1196,"03/28/2023, 09:15:18",0.9395171188504036
1197,"03/28/2023, 09:15:48",0.9312786313122547
1198,"03/28/2023, 09:16:18",0.9385285003458252
1199,"03/28/2023, 09:16:48",0.9375398818412471
1200,"03/28/2023, 09:17:18",0.9365512633366696
1201,"03/28/2023, 09:17:48",0.9368808028381952
1202,"03/28/2023, 09:18:19",0.9332558683214108
1203,"03/28/2023, 09:18:49",0.9372103423397218
1204,"03/28/2023, 09:19:19",0.9378694213427724
1205,"03/28/2023, 09:19:49",0.936880802838196
1206,"03/28/2023, 09:20:19",0.9494033038961796
1207,"03/28/2023, 09:20:49",0.9349035658290408
1208,"03/28/2023, 09:21:19",0.94215343486261
1209,"03/28/2023, 09:21:49",0.940176197853456
1210,"03/28/2023, 09:22:19",0.9345740263275152
1211,"03/28/2023, 09:22:49",0.9398466583519276
1212,"03/28/2023, 09:23:19",0.9606076469480604
1213,"03/28/2023, 09:23:49",0.9263355387893668
1214,"03/28/2023, 09:24:20",0.9431420533671886
1215,"03/28/2023, 09:24:50",0.939846658351928
1216,"03/28/2023, 09:25:20",0.9345740263275144
1217,"03/28/2023, 09:25:50",0.939846658351929
1218,"03/28/2023, 09:26:20",0.9362217238351442
1219,"03/28/2023, 09:26:50",0.9381989608442995
1220,"03/28/2023, 09:27:20",0.9312786313122547
1221,"03/28/2023, 09:27:50",0.9490737643946526
1222,"03/28/2023, 09:28:20",0.9467669878839738
1223,"03/28/2023, 09:28:50",0.9510510014038084
1224,"03/28/2023, 09:29:20",0.9352331053305656
1225,"03/28/2023, 09:29:50",0.9517100804068608
1226,"03/28/2023, 09:30:20",0.9611326759843892
1227,"03/28/2023, 09:30:51",0.9600998319784948
1228,"03/28/2023, 09:31:21",0.965489299902868
1229,"03/28/2023, 09:31:51",0.9325967893183582
1230,"03/28/2023, 09:32:21",0.932267249816834
1231,"03/28/2023, 09:32:51",0.9401761978534546
1232,"03/28/2023, 09:33:21",0.9276536967954704
1233,"03/28/2023, 09:33:51",0.9332558683214108
1234,"03/28/2023, 09:34:21",0.9289718548015752
1235,"03/28/2023, 09:34:51",0.943142053367188
1236,"03/28/2023, 09:35:21",0.9381989608442992
1237,"03/28/2023, 09:35:51",0.9302900128076784
1238,"03/28/2023, 09:36:22",0.9388580398473516
1239,"03/28/2023, 09:36:52",0.93490356582904
1240,"03/28/2023, 09:37:22",0.9345740263275144
1241,"03/28/2023, 09:37:52",0.9355626448320926
1242,"03/28/2023, 09:38:22",0.9339149473244632
1243,"03/28/2023, 09:38:52",0.9329263288198842
1244,"03/28/2023, 09:39:22",0.9470965273854984
1245,"03/28/2023, 09:39:52",0.936880802838195
1246,"03/28/2023, 09:40:22",0.9388580398473512
1247,"03/28/2023, 09:40:52",0.9453818048945084
1248,"03/28/2023, 09:41:23",0.9431420533671868
1249,"03/28/2023, 09:41:53",0.9457783693793944
1250,"03/28/2023, 09:42:23",0.9388580398473524
1251,"03/28/2023, 09:42:53",0.94775560638855
1252,"03/28/2023, 09:43:23",0.9441306718717654
1253,"03/28/2023, 09:43:53",0.9355626448320928
1254,"03/28/2023, 09:44:23",0.9428125138656618
1255,"03/28/2023, 09:44:53",0.9398466583519288
1256,"03/28/2023, 09:45:23",0.9385285003458252
1257,"03/28/2023, 09:45:53",0.9405057373549808
1258,"03/28/2023, 09:46:23",0.9325967893183592
1259,"03/28/2023, 09:46:54",0.9345740263275144
1260,"03/28/2023, 09:47:24",0.939517118850403
1261,"03/28/2023, 09:47:54",0.9372103423397212
1262,"03/28/2023, 09:48:24",0.9289718548015738
1263,"03/28/2023, 09:48:54",0.9395171188504022
1264,"03/28/2023, 09:49:24",0.9375398818412468
1265,"03/28/2023, 09:49:54",0.9457783693793952
1266,"03/28/2023, 09:50:24",0.9579713309358538
1267,"03/28/2023, 09:50:54",0.9510510014038088
1268,"03/28/2023, 09:51:24",0.9534248028978516
1269,"03/28/2023, 09:51:54",0.9385285003458252
1270,"03/28/2023, 09:52:24",0.9418238953610848
1271,"03/28/2023, 09:52:55",0.9533577779144902
1272,"03/28/2023, 09:53:25",0.9293013943030994
1273,"03/28/2023, 09:53:55",0.937869421342774
1274,"03/28/2023, 09:54:25",0.9398466583519284
1275,"03/28/2023, 09:54:55",0.9395171188504028
1276,"03/28/2023, 09:55:25",0.952369159409914
1277,"03/28/2023, 09:55:55",0.9395171188504022
1278,"03/28/2023, 09:56:25",0.9464374483824456
1279,"03/28/2023, 09:56:55",0.942482974364137
1280,"03/28/2023, 09:57:25",0.926994617792418
1281,"03/28/2023, 09:57:55",0.933585407822936
1282,"03/28/2023, 09:58:26",0.9372103423397224
1283,"03/28/2023, 09:58:56",0.9339149473244628
1284,"03/28/2023, 09:59:26",0.948414685391601
1285,"03/28/2023, 09:59:56",0.927324157293944
1286,"03/28/2023, 10:00:26",0.9401761978534554
1287,"03/28/2023, 10:00:56",0.9385285003458244
1288,"03/28/2023, 10:01:26",0.9282904341374012
1289,"03/28/2023, 10:01:56",0.9372103423397224
1290,"03/28/2023, 10:02:26",0.9368808028381956
1291,"03/28/2023, 10:02:56",0.9223810647710552
1292,"03/28/2023, 10:03:26",0.9177675117496914
1293,"03/28/2023, 10:03:57",0.9246878412817372
1294,"03/28/2023, 10:04:27",0.9200742882603749
1295,"03/28/2023, 10:04:57",0.9253469202847892
1296,"03/28/2023, 10:05:27",0.9296309338046258
1297,"03/28/2023, 10:05:57",0.9385285003458252
1298,"03/28/2023, 10:06:27",0.9424829743641356
1299,"03/28/2023, 10:06:57",0.9428125138656618
1300,"03/28/2023, 10:07:27",0.948085145890076
1301,"03/28/2023, 10:07:57",0.9536873174160162
1302,"03/28/2023, 10:08:27",0.9517100804068616
1303,"03/28/2023, 10:08:57",0.9484146853916028
1304,"03/28/2023, 10:09:28",0.9490737643946542
1305,"03/28/2023, 10:09:58",0.9559940939266978
1306,"03/28/2023, 10:10:28",0.9520396199083864
1307,"03/28/2023, 10:10:58",0.95500547542212
1308,"03/28/2023, 10:11:28",0.9589599494404308
1309,"03/28/2023, 10:11:58",0.9534248028978513
1310,"03/28/2023, 10:12:28",0.9583008704373788
1311,"03/28/2023, 10:12:58",0.9622553444556904
1312,"03/28/2023, 10:13:28",0.9569827124312748
1313,"03/28/2023, 10:13:58",0.949732843397707
1314,"03/28/2023, 10:14:28",0.9513805409053364
1315,"03/28/2023, 10:14:59",0.95500547542212
1316,"03/28/2023, 10:15:29",0.9438011323702404
1317,"03/28/2023, 10:15:59",0.9414943558595594
1318,"03/28/2023, 10:16:29",0.9409757363161732
1319,"03/28/2023, 10:16:59",0.9406900560592236
1320,"03/28/2023, 10:17:29",0.949732843397704
1321,"03/28/2023, 10:17:59",0.936880802838196
1322,"03/28/2023, 10:18:29",0.9381989608442992
1323,"03/28/2023, 10:18:59",0.9339149473244625
1324,"03/28/2023, 10:19:29",0.935562644832092
1325,"03/28/2023, 10:19:59",0.9520396199083876
1326,"03/28/2023, 10:20:30",0.9332558683214102
1327,"03/28/2023, 10:21:00",0.9385285003458252
1328,"03/28/2023, 10:21:30",0.9457783693793947
1329,"03/28/2023, 10:22:00",0.9467223045617316
1330,"03/28/2023, 10:22:30",0.961596265452638
