,Date,F
0,"03/25/2023, 10:35:28",50.0299651563693
1,"03/25/2023, 10:35:58",49.93553446434041
2,"03/25/2023, 10:36:28",49.99970371902487
3,"03/25/2023, 10:36:58",50.02018173826177
4,"03/25/2023, 10:37:28",50.01261333333333
5,"03/25/2023, 10:37:58",50.02156380952386
6,"03/25/2023, 10:38:29",50.013822857142856
7,"03/25/2023, 10:38:59",50.01769333333336
8,"03/25/2023, 10:39:29",50.01745142857141
9,"03/25/2023, 10:39:59",50.00076000000011
10,"03/25/2023, 10:40:29",50.00027619047624
11,"03/25/2023, 10:40:59",50.00777523809529
12,"03/25/2023, 10:41:30",50.01987047619057
13,"03/25/2023, 10:42:00",50.01019428571435
14,"03/25/2023, 10:42:30",50.02495047619057
15,"03/25/2023, 10:43:00",50.02277333333338
16,"03/25/2023, 10:43:30",50.00487238095241
17,"03/25/2023, 10:44:00",49.99350285714283
18,"03/25/2023, 10:44:31",49.97350676351898
19,"03/25/2023, 10:45:01",49.96907047619043
20,"03/25/2023, 10:45:31",49.96350666666664
21,"03/25/2023, 10:46:01",49.96955428571428
22,"03/25/2023, 10:46:31",49.90278857142864
23,"03/25/2023, 10:47:01",49.89480571428572
24,"03/25/2023, 10:47:31",49.91294857142852
25,"03/25/2023, 10:48:02",49.92262476190477
26,"03/25/2023, 10:48:32",49.91754476190481
27,"03/25/2023, 10:49:02",49.92770476190476
28,"03/25/2023, 10:49:32",49.94100952380944
29,"03/25/2023, 10:50:02",49.94463809523813
30,"03/25/2023, 10:50:32",49.96374857142851
31,"03/25/2023, 10:51:02",49.97052190476186
32,"03/25/2023, 10:51:33",49.970763809523774
33,"03/25/2023, 10:52:03",49.985036190476166
34,"03/25/2023, 10:52:33",49.99688952380964
35,"03/25/2023, 10:53:03",49.99664761904765
36,"03/25/2023, 10:53:33",50.00463047619051
37,"03/25/2023, 10:54:03",49.99253523809529
38,"03/25/2023, 10:54:34",49.97511809523808
39,"03/25/2023, 10:55:04",49.9870370298629
40,"03/25/2023, 10:55:34",49.996647619047735
41,"03/25/2023, 10:56:04",50.000276190476285
42,"03/25/2023, 10:56:34",49.994228571428565
43,"03/25/2023, 10:57:04",49.98552000000007
44,"03/25/2023, 10:57:35",49.99447047619055
45,"03/25/2023, 10:58:05",50.00608190476199
46,"03/25/2023, 10:58:35",50.00463047619047
47,"03/25/2023, 10:59:05",50.0026952380953
48,"03/25/2023, 10:59:35",50.00414666666667
49,"03/25/2023, 11:00:05",50.018177142857226
50,"03/25/2023, 11:00:35",50.01648380952386
51,"03/25/2023, 11:01:06",50.012129523809605
52,"03/25/2023, 11:01:36",50.0005180952382
53,"03/25/2023, 11:02:06",49.99809904761912
54,"03/25/2023, 11:02:36",50.01382285714291
55,"03/25/2023, 11:03:06",50.01938666666668
56,"03/25/2023, 11:03:37",50.02882095238104
57,"03/25/2023, 11:04:07",50.02325714285715
58,"03/25/2023, 11:04:37",50.016725714285705
59,"03/25/2023, 11:05:07",50.014064761904834
60,"03/25/2023, 11:05:37",50.00868545601292
61,"03/25/2023, 11:06:07",50.00608190476196
62,"03/25/2023, 11:06:37",49.99761523809534
63,"03/25/2023, 11:07:08",50.000760000000064
64,"03/25/2023, 11:07:38",50.0019695238096
65,"03/25/2023, 11:08:08",50.00825904761906
66,"03/25/2023, 11:08:38",49.99979238095246
67,"03/25/2023, 11:09:08",49.9935028571429
68,"03/25/2023, 11:09:38",50.005840000000006
69,"03/25/2023, 11:10:09",50.00414666666674
70,"03/25/2023, 11:10:39",50.01454857142856
71,"03/25/2023, 11:11:09",50.00704952380953
72,"03/25/2023, 11:11:39",50.007291428571484
73,"03/25/2023, 11:12:09",49.9893904761906
74,"03/25/2023, 11:12:39",49.995921904762014
75,"03/25/2023, 11:13:10",49.999792380952414
76,"03/25/2023, 11:13:40",49.99447047619059
77,"03/25/2023, 11:14:10",50.00003428571433
78,"03/25/2023, 11:14:40",50.011887619047606
79,"03/25/2023, 11:15:10",50.001727619047706
80,"03/25/2023, 11:15:40",49.98088690879735
81,"03/25/2023, 11:16:11",49.96205523809523
82,"03/25/2023, 11:16:41",49.93471999999996
83,"03/25/2023, 11:17:11",49.9388323809524
84,"03/25/2023, 11:17:41",49.95431428571424
85,"03/25/2023, 11:18:11",49.95189523809521
86,"03/25/2023, 11:18:41",49.9526209523809
87,"03/25/2023, 11:19:12",49.94270285714285
88,"03/25/2023, 11:19:42",49.93762285714282
89,"03/25/2023, 11:20:12",49.95503999999995
90,"03/25/2023, 11:20:42",49.96326476190477
91,"03/25/2023, 11:21:12",49.9635066666666
92,"03/25/2023, 11:21:42",49.965925714285696
93,"03/25/2023, 11:22:12",49.98576190476194
94,"03/25/2023, 11:22:43",49.998340952380936
95,"03/25/2023, 11:23:13",49.9997923809524
96,"03/25/2023, 11:23:43",49.99979238095247
97,"03/25/2023, 11:24:13",49.98092380952375
98,"03/25/2023, 11:24:43",49.97511809523808
99,"03/25/2023, 11:25:13",49.98672952380952
100,"03/25/2023, 11:25:43",49.98019809523812
101,"03/25/2023, 11:26:13",49.99048109765946
102,"03/25/2023, 11:26:43",49.99495428571437
103,"03/25/2023, 11:27:14",50.0007600000001
104,"03/25/2023, 11:27:44",49.99568000000003
105,"03/25/2023, 11:28:14",49.99422857142864
106,"03/25/2023, 11:28:44",49.99084190476194
107,"03/25/2023, 11:29:14",50.00874285714287
108,"03/25/2023, 11:29:44",49.99688952380957
109,"03/25/2023, 11:30:14",49.98939047619056
110,"03/25/2023, 11:30:44",50.00196952380956
111,"03/25/2023, 11:31:14",49.99447047619051
112,"03/25/2023, 11:31:44",49.966167619047575
113,"03/25/2023, 11:32:14",49.97124761904762
114,"03/25/2023, 11:32:44",49.95987809523802
115,"03/25/2023, 11:33:15",49.97729523809528
116,"03/25/2023, 11:33:45",49.994712380952464
117,"03/25/2023, 11:34:15",49.9995504761905
118,"03/25/2023, 11:34:45",49.98019809523816
119,"03/25/2023, 11:35:15",49.99011619047622
120,"03/25/2023, 11:35:45",50.00777523809524
121,"03/25/2023, 11:36:15",50.0116375141243
122,"03/25/2023, 11:36:45",50.01503238095237
123,"03/25/2023, 11:37:15",50.00487238095248
124,"03/25/2023, 11:37:45",50.01358095238103
125,"03/25/2023, 11:38:15",50.02519238095245
126,"03/25/2023, 11:38:46",50.02301523809525
127,"03/25/2023, 11:39:16",49.99809904761912
128,"03/25/2023, 11:39:46",50.00463047619057
129,"03/25/2023, 11:40:16",50.00463047619057
130,"03/25/2023, 11:40:46",50.020596190476255
131,"03/25/2023, 11:41:16",50.01454857142858
132,"03/25/2023, 11:41:46",50.00753333333338
133,"03/25/2023, 11:42:16",50.008500952381
134,"03/25/2023, 11:42:46",50.01406476190479
135,"03/25/2023, 11:43:16",50.01140380952389
136,"03/25/2023, 11:43:46",50.011887619047634
137,"03/25/2023, 11:44:17",50.010920000000056
138,"03/25/2023, 11:44:47",49.98866476190477
139,"03/25/2023, 11:45:17",49.98769714285724
140,"03/25/2023, 11:45:47",49.99035809523809
141,"03/25/2023, 11:46:17",49.96538860371262
142,"03/25/2023, 11:46:47",49.95576571428572
143,"03/25/2023, 11:47:17",49.95552380952382
144,"03/25/2023, 11:47:47",49.96326476190471
145,"03/25/2023, 11:48:17",49.983584761904766
146,"03/25/2023, 11:48:47",49.95866857142857
147,"03/25/2023, 11:49:17",49.96761904761897
148,"03/25/2023, 11:49:48",49.97269904761904
149,"03/25/2023, 11:50:18",49.97995619047617
150,"03/25/2023, 11:50:48",49.97245714285711
151,"03/25/2023, 11:51:18",49.98866476190487
152,"03/25/2023, 11:51:48",49.99180952380963
153,"03/25/2023, 11:52:18",49.988180952380965
154,"03/25/2023, 11:52:48",49.987939047619165
155,"03/25/2023, 11:53:18",50.00559809523815
156,"03/25/2023, 11:53:48",50.00680761904768
157,"03/25/2023, 11:54:18",50.01479047619048
158,"03/25/2023, 11:54:48",50.01406476190476
159,"03/25/2023, 11:55:18",50.00946857142858
160,"03/25/2023, 11:55:48",50.009468571428656
161,"03/25/2023, 11:56:19",50.0116375141243
162,"03/25/2023, 11:56:49",50.014270975800194
163,"03/25/2023, 11:57:19",50.00056729620673
164,"03/25/2023, 11:57:49",50.00632380952381
165,"03/25/2023, 11:58:19",50.01092
166,"03/25/2023, 11:58:49",50.01164571428573
167,"03/25/2023, 11:59:19",50.01382285714288
168,"03/25/2023, 11:59:49",50.01624190476192
169,"03/25/2023, 12:00:19",50.017209523809576
170,"03/25/2023, 12:00:49",50.01212952380955
171,"03/25/2023, 12:01:20",50.00656571428578
172,"03/25/2023, 12:01:50",49.98576190476199
173,"03/25/2023, 12:02:20",50.001727619047664
174,"03/25/2023, 12:02:50",50.00850095238096
175,"03/25/2023, 12:03:20",50.00317904761915
176,"03/25/2023, 12:03:50",50.00269523809524
177,"03/25/2023, 12:04:20",49.99108380952376
178,"03/25/2023, 12:04:50",49.99688952380958
179,"03/25/2023, 12:05:20",50.00003428571439
180,"03/25/2023, 12:05:50",50.009952380952434
181,"03/25/2023, 12:06:21",50.0002761904763
182,"03/25/2023, 12:06:51",49.99859925746578
183,"03/25/2023, 12:07:21",50.01116190476193
184,"03/25/2023, 12:07:51",50.00487238095243
185,"03/25/2023, 12:08:21",50.01309714285714
186,"03/25/2023, 12:08:51",50.01600000000003
187,"03/25/2023, 12:09:21",50.01019428571428
188,"03/25/2023, 12:09:51",50.01092000000004
189,"03/25/2023, 12:10:21",50.00390476190484
190,"03/25/2023, 12:10:51",49.99688952380958
191,"03/25/2023, 12:11:21",50.01212952380952
192,"03/25/2023, 12:11:51",50.01285523809529
193,"03/25/2023, 12:12:22",50.01527428571429
194,"03/25/2023, 12:12:52",50.0174514285715
195,"03/25/2023, 12:13:22",50.01793523809527
196,"03/25/2023, 12:13:52",50.01503238095237
197,"03/25/2023, 12:14:22",50.01672571428572
198,"03/25/2023, 12:14:52",49.999792380952485
199,"03/25/2023, 12:15:22",50.008742857142856
200,"03/25/2023, 12:15:52",49.99809904761912
201,"03/25/2023, 12:16:22",50.00995238095239
202,"03/25/2023, 12:16:52",50.00317904761912
203,"03/25/2023, 12:17:22",49.98088690879736
204,"03/25/2023, 12:17:53",49.969796190476096
205,"03/25/2023, 12:18:23",50.000276190476285
206,"03/25/2023, 12:18:53",49.98672952380954
207,"03/25/2023, 12:19:23",49.99398666666677
208,"03/25/2023, 12:19:53",49.966651428571375
209,"03/25/2023, 12:20:23",49.97076380952372
210,"03/25/2023, 12:20:53",49.97415047619042
211,"03/25/2023, 12:21:23",49.975843809523816
212,"03/25/2023, 12:21:53",49.986245714285744
213,"03/25/2023, 12:22:23",49.96640952380943
214,"03/25/2023, 12:22:53",49.97971428571429
215,"03/25/2023, 12:23:24",49.99350285714287
216,"03/25/2023, 12:23:54",49.985278095238165
217,"03/25/2023, 12:24:24",49.99688952380955
218,"03/25/2023, 12:24:54",49.98431047619047
219,"03/25/2023, 12:25:24",49.98576190476195
220,"03/25/2023, 12:25:54",49.990841904761886
221,"03/25/2023, 12:26:24",49.99326095238103
222,"03/25/2023, 12:26:54",50.00656571428573
223,"03/25/2023, 12:27:24",49.99835325262314
224,"03/25/2023, 12:27:54",49.99713142857152
225,"03/25/2023, 12:28:24",49.99761523809534
226,"03/25/2023, 12:28:54",50.00680761904763
227,"03/25/2023, 12:29:25",50.01237142857144
228,"03/25/2023, 12:29:55",50.01140380952383
229,"03/25/2023, 12:30:25",50.00898476190476
230,"03/25/2023, 12:30:55",49.998340952380985
231,"03/25/2023, 12:31:25",50.00680761904771
232,"03/25/2023, 12:31:55",49.998582857142935
233,"03/25/2023, 12:32:25",49.99374476190483
234,"03/25/2023, 12:32:55",49.971731428571424
235,"03/25/2023, 12:33:25",49.97100571428568
236,"03/25/2023, 12:33:55",49.97245714285708
237,"03/25/2023, 12:34:25",49.98310095238104
238,"03/25/2023, 12:34:56",49.98914857142857
239,"03/25/2023, 12:35:26",49.9748761904762
240,"03/25/2023, 12:35:56",49.9782628571429
241,"03/25/2023, 12:36:26",49.98068190476191
242,"03/25/2023, 16:01:03",50.0299651563693
243,"03/25/2023, 16:01:33",49.93553446434041
244,"03/25/2023, 16:02:03",49.99970371902487
245,"03/25/2023, 16:02:33",50.02018173826177
246,"03/25/2023, 16:03:03",50.01261333333333
247,"03/25/2023, 16:03:34",50.02156380952386
248,"03/25/2023, 16:04:04",50.013822857142856
249,"03/25/2023, 16:04:34",50.01769333333336
250,"03/25/2023, 16:05:04",50.01745142857141
251,"03/25/2023, 16:05:34",50.00076000000011
252,"03/25/2023, 16:06:04",50.00027619047624
253,"03/25/2023, 16:06:34",50.00777523809529
254,"03/25/2023, 16:07:05",50.01987047619057
255,"03/25/2023, 16:07:35",50.01019428571435
256,"03/25/2023, 16:08:05",50.02495047619057
257,"03/25/2023, 16:08:35",50.02277333333338
258,"03/25/2023, 16:09:05",50.00487238095241
259,"03/25/2023, 16:09:35",49.99350285714283
260,"03/25/2023, 16:10:05",49.97350676351898
261,"03/25/2023, 16:10:36",49.96907047619043
262,"03/25/2023, 16:11:06",49.96350666666664
263,"03/25/2023, 16:11:36",49.96955428571428
264,"03/25/2023, 16:12:06",49.90278857142864
265,"03/25/2023, 16:12:36",49.89480571428572
266,"03/25/2023, 16:13:06",49.91294857142852
267,"03/25/2023, 16:13:36",49.92262476190477
268,"03/25/2023, 16:14:07",49.91754476190481
269,"03/25/2023, 16:14:37",49.92770476190476
270,"03/25/2023, 16:15:07",49.94100952380944
271,"03/25/2023, 16:15:37",49.94463809523813
272,"03/25/2023, 16:16:07",49.96374857142851
273,"03/25/2023, 16:16:37",49.97052190476186
274,"03/25/2023, 16:17:07",49.970763809523774
275,"03/25/2023, 16:17:38",49.985036190476166
276,"03/25/2023, 16:18:08",49.99688952380964
277,"03/25/2023, 16:18:38",49.99664761904765
278,"03/25/2023, 16:19:08",50.00463047619051
279,"03/25/2023, 16:19:38",49.99253523809529
280,"03/25/2023, 16:20:08",49.97511809523808
281,"03/25/2023, 16:20:38",49.9870370298629
282,"03/25/2023, 16:21:09",49.996647619047735
283,"03/25/2023, 16:21:39",50.000276190476285
284,"03/25/2023, 16:22:09",49.994228571428565
285,"03/25/2023, 16:22:39",49.98552000000007
286,"03/25/2023, 16:23:09",49.99447047619055
287,"03/25/2023, 16:23:39",50.00608190476199
288,"03/25/2023, 16:24:09",50.00463047619047
289,"03/25/2023, 16:24:40",50.0026952380953
290,"03/25/2023, 16:25:10",50.00414666666667
291,"03/25/2023, 16:25:40",50.018177142857226
292,"03/25/2023, 16:26:10",50.01648380952386
293,"03/25/2023, 16:26:40",50.012129523809605
294,"03/25/2023, 16:27:10",50.0005180952382
295,"03/25/2023, 16:27:41",49.99809904761912
296,"03/25/2023, 16:28:11",50.01382285714291
297,"03/25/2023, 16:28:41",50.01938666666668
298,"03/25/2023, 16:29:11",50.02882095238104
299,"03/25/2023, 16:29:41",50.02325714285715
300,"03/25/2023, 16:30:11",50.016725714285705
301,"03/25/2023, 16:30:41",50.014064761904834
302,"03/25/2023, 16:31:12",50.00868545601292
303,"03/25/2023, 16:31:42",50.00608190476196
304,"03/25/2023, 16:32:12",49.99761523809534
305,"03/25/2023, 16:32:42",50.000760000000064
306,"03/25/2023, 16:33:12",50.0019695238096
307,"03/25/2023, 16:33:42",50.00825904761906
308,"03/25/2023, 16:34:13",49.99979238095246
309,"03/25/2023, 16:34:43",49.9935028571429
310,"03/25/2023, 16:35:13",50.005840000000006
311,"03/25/2023, 16:35:43",50.00414666666674
312,"03/25/2023, 16:36:13",50.01454857142856
313,"03/25/2023, 16:36:44",50.00704952380953
314,"03/25/2023, 16:37:14",50.007291428571484
315,"03/25/2023, 16:37:44",49.9893904761906
316,"03/25/2023, 16:38:14",49.995921904762014
317,"03/25/2023, 16:38:44",49.999792380952414
318,"03/25/2023, 16:39:14",49.99447047619059
319,"03/25/2023, 16:39:44",50.00003428571433
320,"03/25/2023, 16:40:15",50.011887619047606
321,"03/25/2023, 16:40:45",50.001727619047706
322,"03/25/2023, 16:41:15",49.98088690879735
323,"03/25/2023, 16:41:45",49.96205523809523
324,"03/25/2023, 16:42:15",49.93471999999996
325,"03/25/2023, 16:42:45",49.9388323809524
326,"03/25/2023, 16:43:16",49.95431428571424
327,"03/25/2023, 16:43:46",49.95189523809521
328,"03/25/2023, 16:44:16",49.9526209523809
329,"03/25/2023, 16:44:46",49.94270285714285
330,"03/25/2023, 16:45:16",49.93762285714282
331,"03/25/2023, 16:45:46",49.95503999999995
332,"03/25/2023, 16:46:16",49.96326476190477
333,"03/25/2023, 16:46:47",49.9635066666666
334,"03/25/2023, 16:47:17",49.965925714285696
335,"03/25/2023, 16:47:47",49.98576190476194
336,"03/25/2023, 16:48:17",49.998340952380936
337,"03/25/2023, 16:48:47",49.9997923809524
338,"03/25/2023, 16:49:17",49.99979238095247
339,"03/25/2023, 16:49:47",49.98092380952375
340,"03/25/2023, 16:50:18",49.97511809523808
341,"03/25/2023, 16:50:48",49.98672952380952
342,"03/25/2023, 16:51:18",49.98019809523812
343,"03/25/2023, 16:51:48",49.99048109765946
344,"03/25/2023, 16:52:18",49.99495428571437
345,"03/25/2023, 16:52:48",50.0007600000001
346,"03/25/2023, 16:53:18",49.99568000000003
347,"03/25/2023, 16:53:48",49.99422857142864
348,"03/25/2023, 16:54:19",49.99084190476194
349,"03/25/2023, 16:54:49",50.00874285714287
350,"03/25/2023, 16:55:19",49.99688952380957
351,"03/25/2023, 16:55:49",49.98939047619056
352,"03/25/2023, 16:56:19",50.00196952380956
353,"03/25/2023, 16:56:49",49.99447047619051
354,"03/25/2023, 16:57:20",49.966167619047575
355,"03/25/2023, 16:57:50",49.97124761904762
356,"03/25/2023, 16:58:20",49.95987809523802
357,"03/25/2023, 16:58:50",49.97729523809528
358,"03/25/2023, 16:59:20",49.994712380952464
359,"03/25/2023, 16:59:50",49.9995504761905
360,"03/25/2023, 17:00:21",49.98019809523816
361,"03/25/2023, 17:00:51",49.99011619047622
362,"03/25/2023, 17:01:21",50.00777523809524
363,"03/25/2023, 17:01:51",50.0116375141243
364,"03/25/2023, 17:02:21",50.01503238095237
365,"03/25/2023, 17:02:51",50.00487238095248
366,"03/25/2023, 17:03:21",50.01358095238103
367,"03/25/2023, 17:03:52",50.02519238095245
368,"03/25/2023, 17:04:22",50.02301523809525
369,"03/25/2023, 17:04:52",49.99809904761912
370,"03/25/2023, 17:05:22",50.00463047619057
371,"03/25/2023, 17:05:52",50.00463047619057
372,"03/25/2023, 17:06:22",50.020596190476255
373,"03/25/2023, 17:06:53",50.01454857142858
374,"03/25/2023, 17:07:23",50.00753333333338
375,"03/25/2023, 17:07:53",50.008500952381
376,"03/25/2023, 17:08:23",50.01406476190479
377,"03/25/2023, 17:08:53",50.01140380952389
378,"03/25/2023, 17:09:23",50.011887619047634
379,"03/25/2023, 17:09:53",50.010920000000056
380,"03/25/2023, 17:10:24",49.98866476190477
381,"03/25/2023, 17:10:54",49.98769714285724
382,"03/25/2023, 17:11:24",49.99035809523809
383,"03/25/2023, 17:11:54",49.96538860371262
384,"03/25/2023, 17:12:24",49.95576571428572
385,"03/25/2023, 17:12:54",49.95552380952382
386,"03/25/2023, 17:13:25",49.96326476190471
387,"03/25/2023, 17:13:55",49.983584761904766
388,"03/25/2023, 17:14:25",49.95866857142857
389,"03/25/2023, 17:14:55",49.96761904761897
390,"03/25/2023, 17:15:25",49.97269904761904
391,"03/25/2023, 17:15:55",49.97995619047617
392,"03/25/2023, 17:16:25",49.97245714285711
393,"03/25/2023, 17:16:56",49.98866476190487
394,"03/25/2023, 17:17:26",49.99180952380963
395,"03/25/2023, 17:17:56",49.988180952380965
396,"03/25/2023, 17:18:26",49.987939047619165
397,"03/25/2023, 17:18:56",50.00559809523815
398,"03/25/2023, 17:19:26",50.00680761904768
399,"03/25/2023, 17:19:56",50.01479047619048
400,"03/25/2023, 17:20:26",50.01406476190476
401,"03/25/2023, 17:20:56",50.00946857142858
402,"03/25/2023, 17:21:27",50.009468571428656
403,"03/25/2023, 17:21:57",50.0116375141243
404,"03/25/2023, 17:22:27",50.014270975800194
405,"03/25/2023, 17:22:57",50.00056729620673
406,"03/25/2023, 17:23:27",50.00632380952381
407,"03/25/2023, 17:23:57",50.01092
408,"03/25/2023, 17:24:27",50.01164571428573
409,"03/25/2023, 17:24:57",50.01382285714288
410,"03/25/2023, 17:25:27",50.01624190476192
411,"03/25/2023, 17:25:57",50.017209523809576
412,"03/25/2023, 17:26:27",50.01212952380955
413,"03/25/2023, 17:26:58",50.00656571428578
414,"03/25/2023, 17:27:28",49.98576190476199
415,"03/25/2023, 17:27:58",50.001727619047664
416,"03/25/2023, 17:28:28",50.00850095238096
417,"03/25/2023, 17:28:58",50.00317904761915
418,"03/25/2023, 17:29:28",50.00269523809524
419,"03/25/2023, 17:29:58",49.99108380952376
420,"03/25/2023, 17:30:28",49.99688952380958
421,"03/25/2023, 17:30:58",50.00003428571439
422,"03/25/2023, 17:31:28",50.009952380952434
423,"03/25/2023, 17:31:59",50.0002761904763
424,"03/25/2023, 17:32:29",49.99859925746578
425,"03/25/2023, 17:32:59",50.01116190476193
426,"03/25/2023, 17:33:29",50.00487238095243
427,"03/25/2023, 17:33:59",50.01309714285714
428,"03/25/2023, 17:34:29",50.01600000000003
429,"03/25/2023, 17:34:59",50.01019428571428
430,"03/25/2023, 17:35:29",50.01092000000004
431,"03/25/2023, 17:35:59",50.00390476190484
432,"03/25/2023, 17:36:29",49.99688952380958
433,"03/25/2023, 17:36:59",50.01212952380952
434,"03/25/2023, 17:37:29",50.01285523809529
435,"03/25/2023, 17:38:00",50.01527428571429
436,"03/25/2023, 17:38:30",50.0174514285715
437,"03/25/2023, 17:39:00",50.01793523809527
438,"03/25/2023, 17:39:30",50.01503238095237
439,"03/25/2023, 17:40:00",50.01672571428572
440,"03/25/2023, 17:40:30",49.999792380952485
441,"03/25/2023, 17:41:00",50.008742857142856
442,"03/25/2023, 17:41:30",49.99809904761912
443,"03/25/2023, 17:42:00",50.00995238095239
444,"03/25/2023, 17:42:30",50.00317904761912
445,"03/25/2023, 17:43:00",49.98088690879736
446,"03/25/2023, 17:43:30",49.969796190476096
447,"03/25/2023, 17:44:01",50.000276190476285
448,"03/25/2023, 17:44:31",49.98672952380954
449,"03/25/2023, 17:45:01",49.99398666666677
450,"03/25/2023, 17:45:31",49.966651428571375
451,"03/25/2023, 17:46:01",49.97076380952372
452,"03/25/2023, 17:46:31",49.97415047619042
453,"03/25/2023, 17:47:01",49.975843809523816
454,"03/25/2023, 17:47:31",49.986245714285744
455,"03/25/2023, 17:48:01",49.96640952380943
456,"03/25/2023, 17:48:31",49.97971428571429
457,"03/25/2023, 17:49:01",49.99350285714287
458,"03/25/2023, 17:49:32",49.985278095238165
459,"03/25/2023, 17:50:02",49.99688952380955
460,"03/25/2023, 17:50:32",49.98431047619047
461,"03/25/2023, 17:51:02",49.98576190476195
462,"03/25/2023, 17:51:32",49.990841904761886
463,"03/25/2023, 17:52:02",49.99326095238103
464,"03/25/2023, 17:52:32",50.00656571428573
465,"03/25/2023, 17:53:02",49.99835325262314
466,"03/25/2023, 17:53:32",49.99713142857152
467,"03/25/2023, 17:54:02",49.99761523809534
468,"03/25/2023, 17:54:32",50.00680761904763
469,"03/25/2023, 17:55:03",50.01237142857144
470,"03/25/2023, 17:55:33",50.01140380952383
471,"03/25/2023, 17:56:03",50.00898476190476
472,"03/25/2023, 17:56:33",49.998340952380985
473,"03/25/2023, 17:57:03",50.00680761904771
474,"03/25/2023, 17:57:33",49.998582857142935
475,"03/25/2023, 17:58:03",49.99374476190483
476,"03/25/2023, 17:58:33",49.971731428571424
477,"03/25/2023, 17:59:03",49.97100571428568
478,"03/25/2023, 17:59:33",49.97245714285708
479,"03/25/2023, 18:00:03",49.98310095238104
480,"03/25/2023, 18:00:34",49.98914857142857
481,"03/25/2023, 18:01:04",49.9748761904762
482,"03/25/2023, 18:01:34",49.9782628571429
483,"03/25/2023, 18:02:04",49.98068190476191
484,"03/25/2023, 18:02:34",49.995680000000114
485,"03/25/2023, 18:03:04",50.00003428571437
486,"03/25/2023, 18:03:34",49.9985992574658
487,"03/25/2023, 18:04:04",49.99785714285724
488,"03/25/2023, 18:04:34",49.99422857142868
489,"03/25/2023, 18:05:04",49.99906666666671
490,"03/25/2023, 18:05:34",49.99398666666668
491,"03/25/2023, 18:06:04",49.97173142857138
492,"03/25/2023, 18:06:35",49.973666666666645
493,"03/25/2023, 18:07:05",49.96011999999996
494,"03/25/2023, 18:07:35",49.97390857142851
495,"03/25/2023, 18:08:05",49.9783421701796
496,"03/25/2023, 18:08:35",50.00253533494757
497,"03/25/2023, 18:09:05",50.00317904761906
498,"03/25/2023, 18:09:35",50.00680761904763
499,"03/25/2023, 18:10:05",50.00148571428582
500,"03/25/2023, 18:10:35",49.998582857142864
501,"03/25/2023, 18:11:05",49.98382666666669
502,"03/25/2023, 18:11:35",50.010436190476206
503,"03/25/2023, 18:12:06",50.02253142857144
504,"03/25/2023, 18:12:36",50.02809523809522
505,"03/25/2023, 18:13:06",50.02301523809523
506,"03/25/2023, 18:13:36",50.0153275867636
507,"03/25/2023, 18:14:06",50.02712761904771
508,"03/25/2023, 18:14:36",50.03632
509,"03/25/2023, 18:15:06",50.04285142857143
510,"03/25/2023, 18:15:36",50.03075619047628
511,"03/25/2023, 18:16:06",50.01793523809527
512,"03/25/2023, 18:16:36",50.01382285714287
513,"03/25/2023, 18:17:06",50.00680761904771
514,"03/25/2023, 18:17:37",49.99785714285724
515,"03/27/2023, 13:16:07",50.0299651563693
516,"03/27/2023, 13:16:37",49.93553446434041
517,"03/27/2023, 13:17:07",49.99970371902487
518,"03/27/2023, 13:17:38",50.02018173826177
519,"03/27/2023, 13:18:08",50.01261333333333
520,"03/27/2023, 13:18:38",50.02156380952386
521,"03/27/2023, 13:19:08",50.013822857142856
522,"03/27/2023, 13:19:38",50.01769333333336
523,"03/27/2023, 13:20:08",50.01745142857141
524,"03/27/2023, 13:20:38",50.00076000000011
525,"03/27/2023, 13:21:09",50.00027619047624
526,"03/27/2023, 13:21:39",50.00777523809529
527,"03/27/2023, 13:22:09",50.01987047619057
528,"03/27/2023, 13:22:39",50.01019428571435
529,"03/27/2023, 13:23:09",50.02495047619057
530,"03/27/2023, 13:23:39",50.02277333333338
531,"03/27/2023, 13:24:10",50.00487238095241
532,"03/27/2023, 13:24:40",49.99350285714283
533,"03/27/2023, 13:25:10",49.97350676351898
534,"03/27/2023, 13:25:40",49.96907047619043
535,"03/27/2023, 13:26:10",49.96350666666664
536,"03/27/2023, 13:26:40",49.96955428571428
537,"03/27/2023, 13:27:11",49.90278857142864
538,"03/27/2023, 13:27:41",49.89480571428572
539,"03/27/2023, 13:28:11",49.91294857142852
540,"03/27/2023, 13:28:41",49.92262476190477
541,"03/27/2023, 13:29:11",49.91754476190481
542,"03/27/2023, 13:29:41",49.92770476190476
543,"03/27/2023, 13:30:11",49.94100952380944
544,"03/27/2023, 13:30:42",49.94463809523813
545,"03/27/2023, 13:31:12",49.96374857142851
546,"03/27/2023, 13:31:42",49.97052190476186
547,"03/27/2023, 13:32:12",49.970763809523774
548,"03/27/2023, 13:32:42",49.985036190476166
549,"03/27/2023, 13:33:12",49.99688952380964
550,"03/27/2023, 13:33:42",49.99664761904765
551,"03/27/2023, 13:34:13",50.00463047619051
552,"03/27/2023, 13:34:43",49.99253523809529
553,"03/27/2023, 13:35:13",49.97511809523808
554,"03/27/2023, 13:35:43",49.9870370298629
555,"03/27/2023, 13:36:13",49.996647619047735
556,"03/27/2023, 13:36:43",50.000276190476285
557,"03/27/2023, 13:37:13",49.994228571428565
558,"03/27/2023, 13:37:43",49.98552000000007
559,"03/27/2023, 13:38:13",49.99447047619055
560,"03/27/2023, 13:38:43",50.00608190476199
561,"03/27/2023, 13:39:14",50.00463047619047
562,"03/27/2023, 13:39:44",50.0026952380953
563,"03/27/2023, 13:40:14",50.00414666666667
564,"03/27/2023, 13:40:44",50.018177142857226
565,"03/27/2023, 13:41:14",50.01648380952386
566,"03/27/2023, 13:41:44",50.012129523809605
567,"03/27/2023, 13:42:14",50.0005180952382
568,"03/27/2023, 13:42:44",49.99809904761912
569,"03/27/2023, 13:43:14",50.01382285714291
570,"03/27/2023, 13:43:44",50.01938666666668
571,"03/27/2023, 13:44:14",50.02882095238104
572,"03/27/2023, 13:44:44",50.02325714285715
573,"03/27/2023, 13:45:15",50.016725714285705
574,"03/27/2023, 13:45:45",50.014064761904834
575,"03/27/2023, 13:46:15",50.00868545601292
576,"03/27/2023, 13:46:45",50.00608190476196
577,"03/27/2023, 13:47:15",49.99761523809534
578,"03/27/2023, 13:47:45",50.000760000000064
579,"03/27/2023, 13:48:15",50.0019695238096
580,"03/27/2023, 13:48:45",50.00825904761906
581,"03/27/2023, 13:49:15",49.99979238095246
582,"03/27/2023, 13:49:45",49.9935028571429
583,"03/27/2023, 13:50:15",50.005840000000006
584,"03/27/2023, 13:50:46",50.00414666666674
585,"03/27/2023, 13:51:16",50.01454857142856
586,"03/27/2023, 13:51:46",50.00704952380953
587,"03/27/2023, 13:52:16",50.007291428571484
588,"03/27/2023, 13:52:46",49.9893904761906
589,"03/27/2023, 13:53:16",49.995921904762014
590,"03/27/2023, 13:53:46",49.999792380952414
591,"03/27/2023, 13:54:16",49.99447047619059
592,"03/27/2023, 13:54:46",50.00003428571433
593,"03/27/2023, 13:55:16",50.011887619047606
594,"03/27/2023, 13:55:46",50.001727619047706
595,"03/27/2023, 13:56:17",49.98088690879735
596,"03/27/2023, 13:56:47",49.96205523809523
597,"03/27/2023, 13:57:17",49.93471999999996
598,"03/27/2023, 13:57:47",49.9388323809524
599,"03/27/2023, 13:58:17",49.95431428571424
600,"03/27/2023, 13:58:47",49.95189523809521
601,"03/27/2023, 13:59:17",49.9526209523809
602,"03/27/2023, 13:59:47",49.94270285714285
603,"03/27/2023, 14:00:17",49.93762285714282
604,"03/27/2023, 14:00:47",49.95503999999995
605,"03/27/2023, 14:01:17",49.96326476190477
606,"03/27/2023, 14:01:48",49.9635066666666
607,"03/27/2023, 14:02:18",49.965925714285696
608,"03/27/2023, 14:02:48",49.98576190476194
609,"03/27/2023, 14:03:18",49.998340952380936
610,"03/27/2023, 14:03:48",49.9997923809524
611,"03/27/2023, 14:04:18",49.99979238095247
612,"03/27/2023, 14:04:48",49.98092380952375
613,"03/27/2023, 14:05:18",49.97511809523808
614,"03/27/2023, 14:05:48",49.98672952380952
615,"03/27/2023, 14:06:18",49.98019809523812
616,"03/27/2023, 14:06:48",49.99048109765946
617,"03/27/2023, 14:07:18",49.99495428571437
618,"03/27/2023, 14:07:49",50.0007600000001
619,"03/27/2023, 14:08:19",49.99568000000003
620,"03/27/2023, 14:08:49",49.99422857142864
621,"03/27/2023, 14:09:19",49.99084190476194
622,"03/27/2023, 14:09:49",50.00874285714287
623,"03/27/2023, 14:10:19",49.99688952380957
624,"03/27/2023, 14:10:49",49.98939047619056
625,"03/27/2023, 14:11:19",50.00196952380956
626,"03/27/2023, 14:11:49",49.99447047619051
627,"03/27/2023, 14:12:19",49.966167619047575
628,"03/27/2023, 14:12:49",49.97124761904762
629,"03/27/2023, 14:13:19",49.95987809523802
630,"03/27/2023, 14:13:50",49.97729523809528
631,"03/27/2023, 14:14:20",49.994712380952464
632,"03/27/2023, 14:14:50",49.9995504761905
633,"03/27/2023, 14:15:20",49.98019809523816
634,"03/27/2023, 14:15:50",49.99011619047622
635,"03/27/2023, 14:16:20",50.00777523809524
636,"03/27/2023, 14:16:50",50.0116375141243
637,"03/27/2023, 14:17:20",50.01503238095237
638,"03/27/2023, 14:17:50",50.00487238095248
639,"03/27/2023, 14:18:21",50.01358095238103
640,"03/27/2023, 14:18:51",50.02519238095245
641,"03/27/2023, 14:19:21",50.02301523809525
642,"03/27/2023, 14:19:51",49.99809904761912
643,"03/27/2023, 14:20:21",50.00463047619057
644,"03/27/2023, 14:20:51",50.00463047619057
645,"03/27/2023, 14:21:21",50.020596190476255
646,"03/27/2023, 14:21:51",50.01454857142858
647,"03/27/2023, 14:22:21",50.00753333333338
648,"03/27/2023, 14:22:51",50.008500952381
649,"03/27/2023, 14:23:21",50.01406476190479
650,"03/27/2023, 14:23:51",50.01140380952389
651,"03/27/2023, 14:24:21",50.011887619047634
652,"03/27/2023, 14:24:52",50.010920000000056
653,"03/27/2023, 14:25:22",49.98866476190477
654,"03/27/2023, 14:25:52",49.98769714285724
655,"03/27/2023, 14:26:22",49.99035809523809
656,"03/27/2023, 14:26:52",49.96538860371262
657,"03/27/2023, 14:27:22",49.95576571428572
658,"03/27/2023, 14:27:52",49.95552380952382
659,"03/27/2023, 14:28:22",49.96326476190471
660,"03/27/2023, 14:28:52",49.983584761904766
661,"03/27/2023, 14:29:22",49.95866857142857
662,"03/27/2023, 14:29:52",49.96761904761897
663,"03/27/2023, 14:30:22",49.97269904761904
664,"03/27/2023, 14:30:53",49.97995619047617
665,"03/27/2023, 14:31:23",49.97245714285711
666,"03/27/2023, 14:31:53",49.98866476190487
667,"03/27/2023, 14:32:23",49.99180952380963
668,"03/27/2023, 14:32:53",49.988180952380965
669,"03/27/2023, 14:33:24",50.0299651563693
670,"03/27/2023, 14:33:55",49.93553446434041
671,"03/27/2023, 14:34:25",49.99970371902487
672,"03/27/2023, 14:34:55",50.02018173826177
673,"03/27/2023, 14:35:25",50.01261333333333
674,"03/27/2023, 14:35:55",50.02156380952386
675,"03/27/2023, 14:36:25",50.013822857142856
676,"03/27/2023, 14:36:55",50.01769333333336
677,"03/27/2023, 14:37:25",50.01745142857141
678,"03/27/2023, 14:37:55",50.00076000000011
679,"03/27/2023, 14:38:25",50.00027619047624
680,"03/27/2023, 14:38:56",50.00777523809529
681,"03/27/2023, 14:39:26",50.01987047619057
682,"03/27/2023, 14:39:56",50.01019428571435
683,"03/27/2023, 14:40:26",50.02495047619057
684,"03/27/2023, 14:40:56",50.02277333333338
685,"03/27/2023, 14:41:26",50.00487238095241
686,"03/27/2023, 14:41:56",49.99350285714283
687,"03/27/2023, 14:42:26",49.97350676351898
688,"03/27/2023, 14:42:56",49.96907047619043
689,"03/27/2023, 14:43:26",49.96350666666664
690,"03/27/2023, 14:43:56",49.96955428571428
691,"03/27/2023, 14:44:26",49.90278857142864
692,"03/27/2023, 14:44:57",49.89480571428572
693,"03/27/2023, 14:45:27",49.91294857142852
694,"03/27/2023, 14:45:57",49.92262476190477
695,"03/27/2023, 14:46:27",49.91754476190481
696,"03/27/2023, 14:46:57",49.92770476190476
697,"03/27/2023, 14:47:27",49.94100952380944
698,"03/27/2023, 14:47:57",49.94463809523813
699,"03/27/2023, 14:48:27",49.96374857142851
700,"03/27/2023, 14:48:57",49.97052190476186
701,"03/27/2023, 14:49:27",49.970763809523774
702,"03/27/2023, 14:49:58",49.985036190476166
703,"03/27/2023, 14:50:28",49.99688952380964
704,"03/27/2023, 14:50:58",49.99664761904765
705,"03/27/2023, 14:51:28",50.00463047619051
706,"03/27/2023, 14:51:58",49.99253523809529
707,"03/27/2023, 14:52:28",49.97511809523808
708,"03/27/2023, 14:52:58",49.9870370298629
709,"03/27/2023, 14:53:28",49.996647619047735
710,"03/27/2023, 14:53:58",50.000276190476285
711,"03/27/2023, 14:54:28",49.994228571428565
712,"03/27/2023, 14:54:58",49.98552000000007
713,"03/27/2023, 14:55:29",49.99447047619055
714,"03/27/2023, 14:55:59",50.00608190476199
715,"03/27/2023, 14:56:29",50.00463047619047
716,"03/27/2023, 14:56:59",50.0026952380953
717,"03/27/2023, 14:57:29",50.00414666666667
718,"03/27/2023, 14:57:59",50.018177142857226
719,"03/27/2023, 14:58:29",50.01648380952386
720,"03/27/2023, 14:58:59",50.012129523809605
721,"03/27/2023, 14:59:29",50.0005180952382
722,"03/27/2023, 14:59:59",49.99809904761912
723,"03/27/2023, 15:00:29",50.01382285714291
724,"03/27/2023, 15:00:59",50.01938666666668
725,"03/27/2023, 15:01:30",50.02882095238104
726,"03/27/2023, 15:02:00",50.02325714285715
727,"03/27/2023, 15:02:30",50.016725714285705
728,"03/27/2023, 15:03:00",50.014064761904834
729,"03/27/2023, 15:03:30",50.00868545601292
730,"03/27/2023, 15:04:00",50.00608190476196
731,"03/27/2023, 15:04:30",49.99761523809534
732,"03/27/2023, 15:05:00",50.000760000000064
733,"03/27/2023, 15:05:30",50.0019695238096
734,"03/27/2023, 15:06:00",50.00825904761906
735,"03/27/2023, 15:06:31",49.99979238095246
736,"03/27/2023, 15:07:01",49.9935028571429
737,"03/27/2023, 15:07:31",50.005840000000006
738,"03/27/2023, 15:17:30",50.0299651563693
739,"03/27/2023, 15:18:00",49.93553446434041
740,"03/27/2023, 15:18:30",49.99970371902487
741,"03/27/2023, 15:19:00",50.02018173826177
742,"03/27/2023, 15:19:31",50.01261333333333
743,"03/27/2023, 15:20:01",50.02156380952386
744,"03/27/2023, 15:20:31",50.013822857142856
745,"03/27/2023, 15:21:01",50.01769333333336
746,"03/27/2023, 15:21:31",50.01745142857141
747,"03/27/2023, 15:22:01",50.00076000000011
748,"03/27/2023, 15:22:31",50.00027619047624
749,"03/27/2023, 15:23:02",50.00777523809529
750,"03/27/2023, 15:23:32",50.01987047619057
751,"03/27/2023, 15:24:02",50.01019428571435
752,"03/27/2023, 15:24:32",50.02495047619057
753,"03/27/2023, 15:25:02",50.02277333333338
754,"03/27/2023, 15:25:32",50.00487238095241
755,"03/27/2023, 15:26:03",49.99350285714283
756,"03/27/2023, 15:26:33",49.97350676351898
757,"03/27/2023, 15:27:03",49.96907047619043
758,"03/27/2023, 15:27:33",49.96350666666664
759,"03/27/2023, 15:28:03",49.96955428571428
760,"03/27/2023, 15:28:33",49.90278857142864
761,"03/27/2023, 15:29:04",49.89480571428572
762,"03/27/2023, 15:29:34",49.91294857142852
763,"03/27/2023, 15:30:04",49.92262476190477
764,"03/27/2023, 15:30:34",49.91754476190481
765,"03/27/2023, 15:31:04",49.92770476190476
766,"03/27/2023, 15:31:34",49.94100952380944
767,"03/27/2023, 15:32:04",49.94463809523813
768,"03/27/2023, 15:32:35",49.96374857142851
769,"03/27/2023, 15:33:05",49.97052190476186
770,"03/27/2023, 15:33:35",49.970763809523774
771,"03/27/2023, 15:34:05",49.985036190476166
772,"03/27/2023, 15:34:35",49.99688952380964
773,"03/27/2023, 15:35:05",49.99664761904765
774,"03/27/2023, 15:35:36",50.00463047619051
775,"03/27/2023, 15:36:06",49.99253523809529
776,"03/27/2023, 15:36:36",49.97511809523808
777,"03/27/2023, 15:37:06",49.9870370298629
778,"03/27/2023, 15:37:36",49.996647619047735
779,"03/27/2023, 15:38:06",50.000276190476285
780,"03/27/2023, 15:38:36",49.994228571428565
781,"03/27/2023, 15:39:07",49.98552000000007
782,"03/27/2023, 15:39:37",49.99447047619055
783,"03/27/2023, 15:40:07",50.00608190476199
784,"03/27/2023, 15:40:37",50.00463047619047
785,"03/27/2023, 15:41:07",50.0026952380953
786,"03/27/2023, 15:41:37",50.00414666666667
787,"03/27/2023, 15:42:08",50.018177142857226
788,"03/27/2023, 15:42:38",50.01648380952386
789,"03/27/2023, 15:43:08",50.012129523809605
790,"03/27/2023, 15:43:38",50.0005180952382
791,"03/27/2023, 15:44:08",49.99809904761912
792,"03/27/2023, 15:44:38",50.01382285714291
793,"03/27/2023, 15:45:08",50.01938666666668
794,"03/27/2023, 15:45:39",50.02882095238104
795,"03/27/2023, 15:46:09",50.02325714285715
796,"03/27/2023, 15:46:39",50.016725714285705
797,"03/27/2023, 15:47:09",50.014064761904834
798,"03/27/2023, 15:47:39",50.00868545601292
799,"03/27/2023, 15:48:09",50.00608190476196
800,"03/27/2023, 15:48:40",49.99761523809534
801,"03/27/2023, 15:49:10",50.000760000000064
802,"03/27/2023, 15:49:40",50.0019695238096
803,"03/27/2023, 15:50:10",50.00825904761906
804,"03/27/2023, 15:50:40",49.99979238095246
805,"03/27/2023, 15:51:10",49.9935028571429
806,"03/27/2023, 15:51:40",50.005840000000006
807,"03/27/2023, 15:52:11",50.00414666666674
808,"03/27/2023, 15:52:41",50.01454857142856
809,"03/27/2023, 15:53:11",50.00704952380953
810,"03/27/2023, 15:53:41",50.007291428571484
811,"03/27/2023, 15:54:11",49.9893904761906
812,"03/27/2023, 15:54:41",49.995921904762014
813,"03/27/2023, 15:55:12",49.999792380952414
814,"03/27/2023, 15:55:42",49.99447047619059
815,"03/27/2023, 15:56:12",50.00003428571433
816,"03/27/2023, 15:56:42",50.011887619047606
817,"03/27/2023, 15:57:12",50.001727619047706
818,"03/27/2023, 15:57:42",49.98088690879735
819,"03/27/2023, 15:58:13",49.96205523809523
820,"03/27/2023, 15:58:43",49.93471999999996
821,"03/27/2023, 15:59:13",49.9388323809524
822,"03/27/2023, 15:59:43",49.95431428571424
823,"03/27/2023, 16:00:13",49.95189523809521
824,"03/27/2023, 16:00:43",49.9526209523809
825,"03/27/2023, 16:01:14",49.94270285714285
826,"03/27/2023, 16:01:44",49.93762285714282
827,"03/27/2023, 16:02:14",49.95503999999995
828,"03/27/2023, 16:02:44",49.96326476190477
829,"03/27/2023, 16:03:14",49.9635066666666
830,"03/27/2023, 16:03:44",49.965925714285696
831,"03/27/2023, 16:04:14",49.98576190476194
832,"03/27/2023, 16:04:45",49.998340952380936
833,"03/27/2023, 16:05:15",49.9997923809524
834,"03/27/2023, 16:05:45",49.99979238095247
835,"03/27/2023, 16:06:15",49.98092380952375
836,"03/27/2023, 16:06:45",49.97511809523808
837,"03/27/2023, 16:07:15",49.98672952380952
838,"03/27/2023, 16:07:46",49.98019809523812
839,"03/27/2023, 16:08:16",49.99048109765946
840,"03/27/2023, 16:08:46",49.99495428571437
841,"03/27/2023, 16:09:16",50.0007600000001
842,"03/27/2023, 16:09:46",49.99568000000003
843,"03/27/2023, 16:10:16",49.99422857142864
844,"03/27/2023, 16:10:47",49.99084190476194
845,"03/27/2023, 16:11:17",50.00874285714287
846,"03/27/2023, 16:11:47",49.99688952380957
847,"03/27/2023, 16:12:17",49.98939047619056
848,"03/27/2023, 16:12:47",50.00196952380956
849,"03/27/2023, 16:13:17",49.99447047619051
850,"03/27/2023, 16:13:47",49.966167619047575
851,"03/27/2023, 16:14:18",49.97124761904762
852,"03/27/2023, 16:14:48",49.95987809523802
853,"03/27/2023, 16:15:18",49.97729523809528
854,"03/27/2023, 16:15:48",49.994712380952464
855,"03/27/2023, 16:16:18",49.9995504761905
856,"03/27/2023, 16:16:48",49.98019809523816
857,"03/27/2023, 16:17:19",49.99011619047622
858,"03/27/2023, 16:17:49",50.00777523809524
859,"03/27/2023, 16:18:19",50.0116375141243
860,"03/27/2023, 16:18:49",50.01503238095237
861,"03/27/2023, 16:19:19",50.00487238095248
862,"03/27/2023, 16:19:49",50.01358095238103
863,"03/27/2023, 16:20:19",50.02519238095245
864,"03/27/2023, 16:20:49",50.02301523809525
865,"03/27/2023, 16:21:19",49.99809904761912
866,"03/27/2023, 16:21:49",50.00463047619057
867,"03/27/2023, 16:22:19",50.00463047619057
868,"03/27/2023, 16:22:50",50.020596190476255
869,"03/27/2023, 16:23:20",50.01454857142858
870,"03/27/2023, 16:23:50",50.00753333333338
871,"03/27/2023, 16:24:20",50.008500952381
872,"03/27/2023, 16:24:50",50.01406476190479
873,"03/27/2023, 16:25:20",50.01140380952389
874,"03/27/2023, 16:25:50",50.011887619047634
875,"03/27/2023, 16:26:20",50.010920000000056
876,"03/27/2023, 16:26:50",49.98866476190477
877,"03/27/2023, 16:27:20",49.98769714285724
878,"03/27/2023, 16:27:50",49.99035809523809
879,"03/27/2023, 16:28:20",49.96538860371262
880,"03/27/2023, 16:28:51",49.95576571428572
881,"03/27/2023, 16:29:21",49.95552380952382
882,"03/27/2023, 16:29:51",49.96326476190471
883,"03/27/2023, 16:30:21",49.983584761904766
884,"03/27/2023, 16:30:51",49.95866857142857
885,"03/27/2023, 16:31:21",49.96761904761897
886,"03/27/2023, 16:31:51",49.97269904761904
887,"03/27/2023, 16:32:21",49.97995619047617
888,"03/27/2023, 16:32:51",49.97245714285711
889,"03/27/2023, 16:33:21",49.98866476190487
890,"03/27/2023, 16:33:51",49.99180952380963
891,"03/27/2023, 16:34:21",49.988180952380965
892,"03/27/2023, 16:34:52",49.987939047619165
893,"03/27/2023, 16:35:22",50.00559809523815
894,"03/27/2023, 16:35:52",50.00680761904768
895,"03/27/2023, 16:36:22",50.01479047619048
896,"03/27/2023, 16:36:52",50.01406476190476
897,"03/27/2023, 16:37:22",50.00946857142858
898,"03/27/2023, 16:37:52",50.009468571428656
899,"03/27/2023, 16:38:22",50.0116375141243
900,"03/27/2023, 16:38:52",50.014270975800194
901,"03/27/2023, 16:39:23",50.00056729620673
902,"03/27/2023, 16:39:53",50.00632380952381
903,"03/27/2023, 16:40:23",50.01092
904,"03/27/2023, 16:40:53",50.01164571428573
905,"03/27/2023, 16:41:23",50.01382285714288
906,"03/27/2023, 16:41:53",50.01624190476192
907,"03/27/2023, 16:42:23",50.017209523809576
908,"03/27/2023, 16:42:53",50.01212952380955
909,"03/27/2023, 16:43:23",50.00656571428578
910,"03/27/2023, 16:43:53",49.98576190476199
911,"03/27/2023, 16:44:23",50.001727619047664
912,"03/27/2023, 16:44:54",50.00850095238096
913,"03/27/2023, 16:45:24",50.00317904761915
914,"03/27/2023, 16:45:54",50.00269523809524
915,"03/27/2023, 16:46:24",49.99108380952376
916,"03/27/2023, 16:46:54",49.99688952380958
917,"03/27/2023, 16:47:24",50.00003428571439
918,"03/27/2023, 16:47:54",50.009952380952434
919,"03/27/2023, 16:48:24",50.0002761904763
920,"03/27/2023, 16:48:54",49.99859925746578
921,"03/27/2023, 16:49:24",50.01116190476193
922,"03/27/2023, 16:49:54",50.00487238095243
923,"03/27/2023, 16:50:25",50.01309714285714
924,"03/27/2023, 16:50:55",50.01600000000003
925,"03/27/2023, 16:51:25",50.01019428571428
926,"03/27/2023, 16:51:55",50.01092000000004
927,"03/27/2023, 16:52:25",50.00390476190484
928,"03/27/2023, 16:52:55",49.99688952380958
929,"03/27/2023, 16:53:25",50.01212952380952
930,"03/27/2023, 16:53:55",50.01285523809529
931,"03/27/2023, 16:54:25",50.01527428571429
932,"03/27/2023, 16:54:55",50.0174514285715
933,"03/27/2023, 16:55:25",50.01793523809527
934,"03/27/2023, 16:55:55",50.01503238095237
935,"03/27/2023, 16:56:25",50.01672571428572
936,"03/27/2023, 16:56:56",49.999792380952485
937,"03/27/2023, 16:57:26",50.008742857142856
938,"03/27/2023, 16:57:56",49.99809904761912
939,"03/27/2023, 16:58:26",50.00995238095239
940,"03/27/2023, 16:58:56",50.00317904761912
941,"03/27/2023, 16:59:26",49.98088690879736
942,"03/27/2023, 16:59:56",49.969796190476096
943,"03/27/2023, 17:00:26",50.000276190476285
944,"03/27/2023, 17:00:56",49.98672952380954
945,"03/27/2023, 17:01:26",49.99398666666677
946,"03/27/2023, 17:01:56",49.966651428571375
947,"03/27/2023, 17:02:27",49.97076380952372
948,"03/27/2023, 17:02:57",49.97415047619042
949,"03/27/2023, 17:03:27",49.975843809523816
950,"03/27/2023, 17:03:57",49.986245714285744
951,"03/27/2023, 17:04:27",49.96640952380943
952,"03/27/2023, 17:04:57",49.97971428571429
953,"03/27/2023, 17:05:27",49.99350285714287
954,"03/27/2023, 17:05:57",49.985278095238165
955,"03/27/2023, 17:06:27",49.99688952380955
956,"03/27/2023, 17:06:57",49.98431047619047
957,"03/27/2023, 17:07:28",49.98576190476195
958,"03/27/2023, 17:07:58",49.990841904761886
959,"03/27/2023, 17:08:28",49.99326095238103
960,"03/27/2023, 17:08:58",50.00656571428573
961,"03/27/2023, 17:09:28",49.99835325262314
962,"03/27/2023, 17:09:58",49.99713142857152
963,"03/27/2023, 17:10:28",49.99761523809534
964,"03/27/2023, 17:10:58",50.00680761904763
965,"03/27/2023, 17:35:27",50.0299651563693
966,"03/27/2023, 17:35:57",49.93553446434041
967,"03/27/2023, 17:36:28",49.99970371902487
968,"03/27/2023, 17:36:58",50.02018173826177
969,"03/27/2023, 17:37:28",50.01261333333333
970,"03/27/2023, 17:37:58",50.02156380952386
971,"03/27/2023, 17:38:28",50.013822857142856
972,"03/27/2023, 17:38:58",50.01769333333336
973,"03/27/2023, 17:39:28",50.01745142857141
974,"03/27/2023, 17:39:58",50.00076000000011
975,"03/27/2023, 17:40:28",50.00027619047624
976,"03/27/2023, 17:40:58",50.00777523809529
977,"03/27/2023, 17:41:29",50.01987047619057
978,"03/27/2023, 17:41:59",50.01019428571435
979,"03/27/2023, 17:42:29",50.02495047619057
980,"03/27/2023, 17:42:59",50.02277333333338
981,"03/27/2023, 18:19:43",50.0299651563693
982,"03/27/2023, 18:20:14",49.93553446434041
983,"03/27/2023, 18:20:44",49.99970371902487
984,"03/27/2023, 18:21:14",50.02018173826177
985,"03/27/2023, 18:21:44",50.01261333333333
986,"03/27/2023, 18:22:14",50.02156380952386
987,"03/27/2023, 18:22:44",50.013822857142856
988,"03/27/2023, 18:23:14",50.01769333333336
989,"03/27/2023, 18:23:45",50.01745142857141
990,"03/27/2023, 18:24:15",50.00076000000011
991,"03/27/2023, 18:24:45",50.00027619047624
992,"03/27/2023, 18:25:15",50.00777523809529
993,"03/27/2023, 18:25:45",50.01987047619057
994,"03/27/2023, 18:26:15",50.01019428571435
995,"03/27/2023, 18:26:46",50.02495047619057
996,"03/27/2023, 18:27:16",50.02277333333338
997,"03/27/2023, 18:27:46",50.00487238095241
998,"03/27/2023, 18:28:16",49.99350285714283
999,"03/27/2023, 18:28:46",49.97350676351898
1000,"03/27/2023, 18:29:16",49.96907047619043
1001,"03/27/2023, 18:29:47",49.96350666666664
1002,"03/27/2023, 18:30:17",49.96955428571428
1003,"03/27/2023, 18:30:47",49.90278857142864
1004,"03/27/2023, 18:31:17",49.89480571428572
1005,"03/27/2023, 18:31:47",49.91294857142852
1006,"03/27/2023, 18:32:17",49.92262476190477
1007,"03/27/2023, 18:32:47",49.91754476190481
1008,"03/27/2023, 18:33:18",49.92770476190476
1009,"03/27/2023, 18:33:48",49.94100952380944
1010,"03/27/2023, 18:34:18",49.94463809523813
1011,"03/27/2023, 18:34:48",49.96374857142851
1012,"03/27/2023, 18:35:18",49.97052190476186
1013,"03/27/2023, 18:35:48",49.970763809523774
1014,"03/27/2023, 18:36:19",49.985036190476166
1015,"03/27/2023, 18:36:49",49.99688952380964
1016,"03/27/2023, 18:37:19",49.99664761904765
1017,"03/27/2023, 18:37:49",50.00463047619051
1018,"03/27/2023, 18:38:19",49.99253523809529
1019,"03/27/2023, 18:38:49",49.97511809523808
1020,"03/27/2023, 18:39:20",49.9870370298629
1021,"03/27/2023, 18:39:50",49.996647619047735
1022,"03/27/2023, 18:40:20",50.000276190476285
1023,"03/27/2023, 18:40:50",49.994228571428565
1024,"03/27/2023, 18:41:20",49.98552000000007
1025,"03/27/2023, 18:41:50",49.99447047619055
1026,"03/27/2023, 18:42:20",50.00608190476199
1027,"03/27/2023, 18:42:51",50.00463047619047
1028,"03/27/2023, 18:43:21",50.0026952380953
1029,"03/27/2023, 18:43:51",50.00414666666667
1030,"03/27/2023, 18:44:21",50.018177142857226
1031,"03/27/2023, 18:44:51",50.01648380952386
1032,"03/27/2023, 18:45:21",50.012129523809605
1033,"03/27/2023, 18:45:52",50.0005180952382
1034,"03/27/2023, 18:46:22",49.99809904761912
1035,"03/27/2023, 18:46:52",50.01382285714291
1036,"03/27/2023, 18:47:22",50.01938666666668
1037,"03/27/2023, 18:47:52",50.02882095238104
1038,"03/27/2023, 18:48:22",50.02325714285715
1039,"03/27/2023, 18:48:52",50.016725714285705
1040,"03/27/2023, 18:49:23",50.014064761904834
1041,"03/27/2023, 18:49:53",50.00868545601292
1042,"03/27/2023, 18:50:23",50.00608190476196
1043,"03/27/2023, 18:50:53",49.99761523809534
1044,"03/27/2023, 18:51:23",50.000760000000064
1045,"03/27/2023, 18:51:53",50.0019695238096
1046,"03/27/2023, 18:52:24",50.00825904761906
1047,"03/27/2023, 18:52:54",49.99979238095246
1048,"03/27/2023, 18:53:24",49.9935028571429
1049,"03/27/2023, 18:53:54",50.005840000000006
1050,"03/27/2023, 18:54:24",50.00414666666674
1051,"03/27/2023, 18:54:54",50.01454857142856
1052,"03/27/2023, 18:55:25",50.00704952380953
1053,"03/27/2023, 18:55:55",50.007291428571484
1054,"03/27/2023, 18:56:25",49.9893904761906
1055,"03/27/2023, 18:56:55",49.995921904762014
1056,"03/27/2023, 18:57:25",49.999792380952414
1057,"03/27/2023, 18:57:55",49.99447047619059
1058,"03/27/2023, 18:58:26",50.00003428571433
1059,"03/27/2023, 18:58:56",50.011887619047606
1060,"03/27/2023, 18:59:26",50.001727619047706
1061,"03/27/2023, 18:59:56",49.98088690879735
1062,"03/27/2023, 19:00:26",49.96205523809523
1063,"03/27/2023, 19:00:56",49.93471999999996
1064,"03/27/2023, 19:01:27",49.9388323809524
1065,"03/28/2023, 08:09:32",50.0299651563693
1066,"03/28/2023, 08:10:02",49.93553446434041
1067,"03/28/2023, 08:10:32",49.99970371902487
1068,"03/28/2023, 08:11:02",50.02018173826177
1069,"03/28/2023, 08:11:32",50.01261333333333
1070,"03/28/2023, 08:12:03",50.02156380952386
1071,"03/28/2023, 08:12:33",50.013822857142856
1072,"03/28/2023, 08:13:03",50.01769333333336
1073,"03/28/2023, 08:13:33",50.01745142857141
1074,"03/28/2023, 08:14:03",50.00076000000011
1075,"03/28/2023, 08:14:34",50.00027619047624
1076,"03/28/2023, 08:15:04",50.00777523809529
1077,"03/28/2023, 08:15:34",50.01987047619057
1078,"03/28/2023, 08:16:04",50.01019428571435
1079,"03/28/2023, 08:16:34",50.02495047619057
1080,"03/28/2023, 08:17:04",50.02277333333338
1081,"03/28/2023, 08:17:35",50.00487238095241
1082,"03/28/2023, 08:18:05",49.99350285714283
1083,"03/28/2023, 08:18:35",49.97350676351898
1084,"03/28/2023, 08:19:05",49.96907047619043
1085,"03/28/2023, 08:19:35",49.96350666666664
1086,"03/28/2023, 08:20:05",49.96955428571428
1087,"03/28/2023, 08:20:36",49.90278857142864
1088,"03/28/2023, 08:21:06",49.89480571428572
1089,"03/28/2023, 08:21:36",49.91294857142852
1090,"03/28/2023, 08:22:06",49.92262476190477
1091,"03/28/2023, 08:22:36",49.91754476190481
1092,"03/28/2023, 08:23:07",49.92770476190476
1093,"03/28/2023, 08:23:37",49.94100952380944
1094,"03/28/2023, 08:24:07",49.94463809523813
1095,"03/28/2023, 08:24:37",49.96374857142851
1096,"03/28/2023, 08:25:07",49.97052190476186
1097,"03/28/2023, 08:25:37",49.970763809523774
1098,"03/28/2023, 08:26:07",49.985036190476166
1099,"03/28/2023, 08:26:38",49.99688952380964
1100,"03/28/2023, 08:27:08",49.99664761904765
1101,"03/28/2023, 08:27:38",50.00463047619051
1102,"03/28/2023, 08:28:08",49.99253523809529
1103,"03/28/2023, 08:28:38",49.97511809523808
1104,"03/28/2023, 08:29:08",49.9870370298629
1105,"03/28/2023, 08:29:39",49.996647619047735
1106,"03/28/2023, 08:30:09",50.000276190476285
1107,"03/28/2023, 08:30:39",49.994228571428565
1108,"03/28/2023, 08:31:09",49.98552000000007
1109,"03/28/2023, 08:31:39",49.99447047619055
1110,"03/28/2023, 08:32:09",50.00608190476199
1111,"03/28/2023, 08:32:39",50.00463047619047
1112,"03/28/2023, 08:33:10",50.0026952380953
1113,"03/28/2023, 08:33:40",50.00414666666667
1114,"03/28/2023, 08:34:10",50.018177142857226
1115,"03/28/2023, 08:34:40",50.01648380952386
1116,"03/28/2023, 08:35:10",50.012129523809605
1117,"03/28/2023, 08:35:41",50.0005180952382
1118,"03/28/2023, 08:36:11",49.99809904761912
1119,"03/28/2023, 08:36:41",50.01382285714291
1120,"03/28/2023, 08:37:11",50.01938666666668
1121,"03/28/2023, 08:37:41",50.02882095238104
1122,"03/28/2023, 08:38:11",50.02325714285715
1123,"03/28/2023, 08:38:41",50.016725714285705
1124,"03/28/2023, 08:39:12",50.014064761904834
1125,"03/28/2023, 08:39:42",50.00868545601292
1126,"03/28/2023, 08:40:12",50.00608190476196
1127,"03/28/2023, 08:40:42",49.99761523809534
1128,"03/28/2023, 08:41:12",50.000760000000064
1129,"03/28/2023, 08:41:42",50.0019695238096
1130,"03/28/2023, 08:42:12",50.00825904761906
1131,"03/28/2023, 08:42:42",49.99979238095246
1132,"03/28/2023, 08:43:12",49.9935028571429
1133,"03/28/2023, 08:43:42",50.005840000000006
1134,"03/28/2023, 08:44:13",50.00414666666674
1135,"03/28/2023, 08:44:43",50.01454857142856
1136,"03/28/2023, 08:45:13",50.00704952380953
1137,"03/28/2023, 08:45:43",50.007291428571484
1138,"03/28/2023, 08:46:13",49.9893904761906
1139,"03/28/2023, 08:46:43",49.995921904762014
1140,"03/28/2023, 08:47:13",49.999792380952414
1141,"03/28/2023, 08:47:43",49.99447047619059
1142,"03/28/2023, 08:48:13",50.00003428571433
1143,"03/28/2023, 08:48:43",50.011887619047606
1144,"03/28/2023, 08:49:13",50.001727619047706
1145,"03/28/2023, 08:49:44",49.98088690879735
1146,"03/28/2023, 08:50:14",49.96205523809523
1147,"03/28/2023, 08:50:44",49.93471999999996
1148,"03/28/2023, 08:51:14",49.9388323809524
1149,"03/28/2023, 08:51:44",49.95431428571424
1150,"03/28/2023, 08:52:14",49.95189523809521
1151,"03/28/2023, 08:52:44",49.9526209523809
1152,"03/28/2023, 08:53:14",49.94270285714285
1153,"03/28/2023, 08:53:44",49.93762285714282
1154,"03/28/2023, 08:54:14",49.95503999999995
1155,"03/28/2023, 08:54:44",49.96326476190477
1156,"03/28/2023, 08:55:15",49.9635066666666
1157,"03/28/2023, 08:55:45",49.965925714285696
1158,"03/28/2023, 08:56:15",49.98576190476194
1159,"03/28/2023, 08:56:45",49.998340952380936
1160,"03/28/2023, 08:57:15",49.9997923809524
1161,"03/28/2023, 08:57:45",49.99979238095247
1162,"03/28/2023, 08:58:15",49.98092380952375
1163,"03/28/2023, 08:58:45",49.97511809523808
1164,"03/28/2023, 08:59:15",49.98672952380952
1165,"03/28/2023, 08:59:45",49.98019809523812
1166,"03/28/2023, 09:00:15",49.99048109765946
1167,"03/28/2023, 09:00:45",49.99495428571437
1168,"03/28/2023, 09:01:15",50.0007600000001
1169,"03/28/2023, 09:01:46",49.99568000000003
1170,"03/28/2023, 09:02:16",49.99422857142864
1171,"03/28/2023, 09:02:46",49.99084190476194
1172,"03/28/2023, 09:03:16",50.00874285714287
1173,"03/28/2023, 09:03:46",49.99688952380957
1174,"03/28/2023, 09:04:16",49.98939047619056
1175,"03/28/2023, 09:04:46",50.00196952380956
1176,"03/28/2023, 09:05:16",49.99447047619051
1177,"03/28/2023, 09:05:46",49.966167619047575
1178,"03/28/2023, 09:06:16",49.97124761904762
1179,"03/28/2023, 09:06:46",49.95987809523802
1180,"03/28/2023, 09:07:17",49.97729523809528
1181,"03/28/2023, 09:07:47",49.994712380952464
1182,"03/28/2023, 09:08:17",49.9995504761905
1183,"03/28/2023, 09:08:47",49.98019809523816
1184,"03/28/2023, 09:09:17",49.99011619047622
1185,"03/28/2023, 09:09:47",50.00777523809524
1186,"03/28/2023, 09:10:17",50.0116375141243
1187,"03/28/2023, 09:10:47",50.01503238095237
1188,"03/28/2023, 09:11:17",50.00487238095248
1189,"03/28/2023, 09:11:47",50.01358095238103
1190,"03/28/2023, 09:12:17",50.02519238095245
1191,"03/28/2023, 09:12:48",50.02301523809525
1192,"03/28/2023, 09:13:18",49.99809904761912
1193,"03/28/2023, 09:13:48",50.00463047619057
1194,"03/28/2023, 09:14:18",50.00463047619057
1195,"03/28/2023, 09:14:48",50.020596190476255
1196,"03/28/2023, 09:15:18",50.01454857142858
1197,"03/28/2023, 09:15:48",50.00753333333338
1198,"03/28/2023, 09:16:18",50.008500952381
1199,"03/28/2023, 09:16:48",50.01406476190479
1200,"03/28/2023, 09:17:18",50.01140380952389
1201,"03/28/2023, 09:17:48",50.011887619047634
1202,"03/28/2023, 09:18:19",50.010920000000056
1203,"03/28/2023, 09:18:49",49.98866476190477
1204,"03/28/2023, 09:19:19",49.98769714285724
1205,"03/28/2023, 09:19:49",49.99035809523809
1206,"03/28/2023, 09:20:19",49.96538860371262
1207,"03/28/2023, 09:20:49",49.95576571428572
1208,"03/28/2023, 09:21:19",49.95552380952382
1209,"03/28/2023, 09:21:49",49.96326476190471
1210,"03/28/2023, 09:22:19",49.983584761904766
1211,"03/28/2023, 09:22:49",49.95866857142857
1212,"03/28/2023, 09:23:19",49.96761904761897
1213,"03/28/2023, 09:23:49",49.97269904761904
1214,"03/28/2023, 09:24:20",49.97995619047617
1215,"03/28/2023, 09:24:50",49.97245714285711
1216,"03/28/2023, 09:25:20",49.98866476190487
1217,"03/28/2023, 09:25:50",49.99180952380963
1218,"03/28/2023, 09:26:20",49.988180952380965
1219,"03/28/2023, 09:26:50",49.987939047619165
1220,"03/28/2023, 09:27:20",50.00559809523815
1221,"03/28/2023, 09:27:50",50.00680761904768
1222,"03/28/2023, 09:28:20",50.01479047619048
1223,"03/28/2023, 09:28:50",50.01406476190476
1224,"03/28/2023, 09:29:20",50.00946857142858
1225,"03/28/2023, 09:29:50",50.009468571428656
1226,"03/28/2023, 09:30:20",50.0116375141243
1227,"03/28/2023, 09:30:51",50.014270975800194
1228,"03/28/2023, 09:31:21",50.00056729620673
1229,"03/28/2023, 09:31:51",50.00632380952381
1230,"03/28/2023, 09:32:21",50.01092
1231,"03/28/2023, 09:32:51",50.01164571428573
1232,"03/28/2023, 09:33:21",50.01382285714288
1233,"03/28/2023, 09:33:51",50.01624190476192
1234,"03/28/2023, 09:34:21",50.017209523809576
1235,"03/28/2023, 09:34:51",50.01212952380955
1236,"03/28/2023, 09:35:21",50.00656571428578
1237,"03/28/2023, 09:35:51",49.98576190476199
1238,"03/28/2023, 09:36:22",50.001727619047664
1239,"03/28/2023, 09:36:52",50.00850095238096
1240,"03/28/2023, 09:37:22",50.00317904761915
1241,"03/28/2023, 09:37:52",50.00269523809524
1242,"03/28/2023, 09:38:22",49.99108380952376
1243,"03/28/2023, 09:38:52",49.99688952380958
1244,"03/28/2023, 09:39:22",50.00003428571439
1245,"03/28/2023, 09:39:52",50.009952380952434
1246,"03/28/2023, 09:40:22",50.0002761904763
1247,"03/28/2023, 09:40:52",49.99859925746578
1248,"03/28/2023, 09:41:23",50.01116190476193
1249,"03/28/2023, 09:41:53",50.00487238095243
1250,"03/28/2023, 09:42:23",50.01309714285714
1251,"03/28/2023, 09:42:53",50.01600000000003
1252,"03/28/2023, 09:43:23",50.01019428571428
1253,"03/28/2023, 09:43:53",50.01092000000004
1254,"03/28/2023, 09:44:23",50.00390476190484
1255,"03/28/2023, 09:44:53",49.99688952380958
1256,"03/28/2023, 09:45:23",50.01212952380952
1257,"03/28/2023, 09:45:53",50.01285523809529
1258,"03/28/2023, 09:46:23",50.01527428571429
1259,"03/28/2023, 09:46:54",50.0174514285715
1260,"03/28/2023, 09:47:24",50.01793523809527
1261,"03/28/2023, 09:47:54",50.01503238095237
1262,"03/28/2023, 09:48:24",50.01672571428572
1263,"03/28/2023, 09:48:54",49.999792380952485
1264,"03/28/2023, 09:49:24",50.008742857142856
1265,"03/28/2023, 09:49:54",49.99809904761912
1266,"03/28/2023, 09:50:24",50.00995238095239
1267,"03/28/2023, 09:50:54",50.00317904761912
1268,"03/28/2023, 09:51:24",49.98088690879736
1269,"03/28/2023, 09:51:54",49.969796190476096
1270,"03/28/2023, 09:52:24",50.000276190476285
1271,"03/28/2023, 09:52:55",49.98672952380954
1272,"03/28/2023, 09:53:25",49.99398666666677
1273,"03/28/2023, 09:53:55",49.966651428571375
1274,"03/28/2023, 09:54:25",49.97076380952372
1275,"03/28/2023, 09:54:55",49.97415047619042
1276,"03/28/2023, 09:55:25",49.975843809523816
1277,"03/28/2023, 09:55:55",49.986245714285744
1278,"03/28/2023, 09:56:25",49.96640952380943
1279,"03/28/2023, 09:56:55",49.97971428571429
1280,"03/28/2023, 09:57:25",49.99350285714287
1281,"03/28/2023, 09:57:55",49.985278095238165
1282,"03/28/2023, 09:58:26",49.99688952380955
1283,"03/28/2023, 09:58:56",49.98431047619047
1284,"03/28/2023, 09:59:26",49.98576190476195
1285,"03/28/2023, 09:59:56",49.990841904761886
1286,"03/28/2023, 10:00:26",49.99326095238103
1287,"03/28/2023, 10:00:56",50.00656571428573
1288,"03/28/2023, 10:01:26",49.99835325262314
1289,"03/28/2023, 10:01:56",49.99713142857152
1290,"03/28/2023, 10:02:26",49.99761523809534
1291,"03/28/2023, 10:02:56",50.00680761904763
1292,"03/28/2023, 10:03:26",50.01237142857144
1293,"03/28/2023, 10:03:57",50.01140380952383
1294,"03/28/2023, 10:04:27",50.00898476190476
1295,"03/28/2023, 10:04:57",49.998340952380985
1296,"03/28/2023, 10:05:27",50.00680761904771
1297,"03/28/2023, 10:05:57",49.998582857142935
1298,"03/28/2023, 10:06:27",49.99374476190483
1299,"03/28/2023, 10:06:57",49.971731428571424
1300,"03/28/2023, 10:07:27",49.97100571428568
1301,"03/28/2023, 10:07:57",49.97245714285708
1302,"03/28/2023, 10:08:27",49.98310095238104
1303,"03/28/2023, 10:08:57",49.98914857142857
1304,"03/28/2023, 10:09:28",49.9748761904762
1305,"03/28/2023, 10:09:58",49.9782628571429
1306,"03/28/2023, 10:10:28",49.98068190476191
1307,"03/28/2023, 10:10:58",49.995680000000114
1308,"03/28/2023, 10:11:28",50.00003428571437
1309,"03/28/2023, 10:11:58",49.9985992574658
1310,"03/28/2023, 10:12:28",49.99785714285724
1311,"03/28/2023, 10:12:58",49.99422857142868
1312,"03/28/2023, 10:13:28",49.99906666666671
1313,"03/28/2023, 10:13:58",49.99398666666668
1314,"03/28/2023, 10:14:28",49.97173142857138
1315,"03/28/2023, 10:14:59",49.973666666666645
1316,"03/28/2023, 10:15:29",49.96011999999996
1317,"03/28/2023, 10:15:59",49.97390857142851
1318,"03/28/2023, 10:16:29",49.9783421701796
1319,"03/28/2023, 10:16:59",50.00253533494757
1320,"03/28/2023, 10:17:29",50.00317904761906
1321,"03/28/2023, 10:17:59",50.00680761904763
1322,"03/28/2023, 10:18:29",50.00148571428582
1323,"03/28/2023, 10:18:59",49.998582857142864
1324,"03/28/2023, 10:19:29",49.98382666666669
1325,"03/28/2023, 10:19:59",50.010436190476206
1326,"03/28/2023, 10:20:30",50.02253142857144
1327,"03/28/2023, 10:21:00",50.02809523809522
1328,"03/28/2023, 10:21:30",50.02301523809523
1329,"03/28/2023, 10:22:00",50.0153275867636
1330,"03/28/2023, 10:22:30",50.02712761904771
