,Date,H_TDH_I_L3_N
0,"03/25/2023, 10:35:28",62.47051522648632
1,"03/25/2023, 10:35:58",59.75813177131205
2,"03/25/2023, 10:36:28",59.11776436569028
3,"03/25/2023, 10:36:58",57.82772664112008
4,"03/25/2023, 10:37:28",56.2351854137556
5,"03/25/2023, 10:37:58",58.441554455829824
6,"03/25/2023, 10:38:29",55.80515909796615
7,"03/25/2023, 10:38:59",56.57599289706565
8,"03/25/2023, 10:39:29",66.5196643378357
9,"03/25/2023, 10:39:59",58.92062998757955
10,"03/25/2023, 10:40:29",64.55262164260205
11,"03/25/2023, 10:40:59",59.47391360037258
12,"03/25/2023, 10:41:30",55.959706412047794
13,"03/25/2023, 10:42:00",67.68712024530349
14,"03/25/2023, 10:42:30",55.75610988200588
15,"03/25/2023, 10:43:00",74.63012133209128
16,"03/25/2023, 10:43:30",82.07989384412356
17,"03/25/2023, 10:44:00",84.27082929669305
18,"03/25/2023, 10:44:31",79.66764566311154
19,"03/25/2023, 10:45:01",71.89668463747863
20,"03/25/2023, 10:45:31",56.24575636547115
21,"03/25/2023, 10:46:01",63.08177942089736
22,"03/25/2023, 10:46:31",62.11453733892252
23,"03/25/2023, 10:47:01",58.074531012265126
24,"03/25/2023, 10:47:31",57.87727705325258
25,"03/25/2023, 10:48:02",58.35339271852192
26,"03/25/2023, 10:48:32",59.43818378357396
27,"03/25/2023, 10:49:02",56.68043390001549
28,"03/25/2023, 10:49:32",59.2085827123117
29,"03/25/2023, 10:50:02",60.162716814159246
30,"03/25/2023, 10:50:32",56.56986174507063
31,"03/25/2023, 10:51:02",54.39013150131964
32,"03/25/2023, 10:51:33",56.05611349169378
33,"03/25/2023, 10:52:03",55.79712517466231
34,"03/25/2023, 10:52:33",55.1248126455519
35,"03/25/2023, 10:53:03",54.114229661543206
36,"03/25/2023, 10:53:33",53.17785475857784
37,"03/25/2023, 10:54:03",57.17811430678462
38,"03/25/2023, 10:54:34",54.29203306939913
39,"03/25/2023, 10:55:04",54.27414128569885
40,"03/25/2023, 10:55:34",58.23795792578788
41,"03/25/2023, 10:56:04",54.71296836671321
42,"03/25/2023, 10:56:34",56.24808197484861
43,"03/25/2023, 10:57:04",55.49881291724885
44,"03/25/2023, 10:57:35",56.31066200900481
45,"03/25/2023, 10:58:05",56.58360398230087
46,"03/25/2023, 10:58:35",53.08652173575528
47,"03/25/2023, 10:59:05",54.867938518863504
48,"03/25/2023, 10:59:35",54.270256908865065
49,"03/25/2023, 11:00:05",56.77366969414685
50,"03/25/2023, 11:00:35",54.65736516068932
51,"03/25/2023, 11:01:06",55.89078380686226
52,"03/25/2023, 11:01:36",54.697746196242775
53,"03/25/2023, 11:02:06",57.3897447601304
54,"03/25/2023, 11:02:36",56.02186360813537
55,"03/25/2023, 11:03:06",57.96099899083989
56,"03/25/2023, 11:03:37",59.860387595093904
57,"03/25/2023, 11:04:07",53.57215125756869
58,"03/25/2023, 11:04:37",56.762041647259714
59,"03/25/2023, 11:05:07",56.38867563266572
60,"03/25/2023, 11:05:37",57.586683382278224
61,"03/25/2023, 11:06:07",55.56667842726282
62,"03/25/2023, 11:06:37",55.37492136314236
63,"03/25/2023, 11:07:08",53.044449347927305
64,"03/25/2023, 11:07:38",57.706450473528925
65,"03/25/2023, 11:08:08",56.972403586399615
66,"03/25/2023, 11:08:38",58.682572154944864
67,"03/25/2023, 11:09:08",58.32315979661542
68,"03/25/2023, 11:09:38",58.10159264865702
69,"03/25/2023, 11:10:09",61.11473672566371
70,"03/25/2023, 11:10:39",62.94731691507528
71,"03/25/2023, 11:11:09",52.77594717435176
72,"03/25/2023, 11:11:39",66.46659816022354
73,"03/25/2023, 11:12:09",57.84852406458622
74,"03/25/2023, 11:12:39",60.78365451793199
75,"03/25/2023, 11:13:10",69.04950450240645
76,"03/25/2023, 11:13:40",64.7213340319826
77,"03/25/2023, 11:14:10",53.87744034311438
78,"03/25/2023, 11:14:40",75.17621669771769
79,"03/25/2023, 11:15:10",83.58477453035238
80,"03/25/2023, 11:15:40",48.72363912659628
81,"03/25/2023, 11:16:11",59.78829370439368
82,"03/25/2023, 11:16:41",73.45146021580493
83,"03/25/2023, 11:17:11",64.67334191119386
84,"03/25/2023, 11:17:41",62.15449553640736
85,"03/25/2023, 11:18:11",66.22473478497126
86,"03/25/2023, 11:18:41",67.90319049836978
87,"03/25/2023, 11:19:12",62.41454094861043
88,"03/25/2023, 11:19:42",61.98134334730629
89,"03/25/2023, 11:20:12",64.2746056124825
90,"03/25/2023, 11:20:42",62.79424953423377
91,"03/25/2023, 11:21:12",65.1207045877969
92,"03/25/2023, 11:21:42",60.92361391864613
93,"03/25/2023, 11:22:12",64.97947667287686
94,"03/25/2023, 11:22:43",62.16316371681412
95,"03/25/2023, 11:23:13",57.90708713709048
96,"03/25/2023, 11:23:43",60.93524196553326
97,"03/25/2023, 11:24:13",58.15508166433779
98,"03/25/2023, 11:24:43",59.55953830926871
99,"03/25/2023, 11:25:13",57.02589260208039
100,"03/25/2023, 11:25:43",59.92529323862755
101,"03/25/2023, 11:26:13",57.01757200889951
102,"03/25/2023, 11:26:43",56.64343556901101
103,"03/25/2023, 11:27:14",58.84557623039897
104,"03/25/2023, 11:27:44",59.07433162552397
105,"03/25/2023, 11:28:14",60.51092396367021
106,"03/25/2023, 11:28:44",57.17388592609841
107,"03/25/2023, 11:29:14",62.79065541065049
108,"03/25/2023, 11:29:44",60.72826273094238
109,"03/25/2023, 11:30:14",58.63288868188167
110,"03/25/2023, 11:30:44",63.74309816022357
111,"03/25/2023, 11:31:14",55.17957017543856
112,"03/25/2023, 11:31:44",62.489594705791
113,"03/25/2023, 11:32:14",60.56462439838533
114,"03/25/2023, 11:32:44",57.85296386430676
115,"03/25/2023, 11:33:15",51.43914462040054
116,"03/25/2023, 11:33:45",61.13017031516844
117,"03/25/2023, 11:34:15",57.988906303369006
118,"03/25/2023, 11:34:45",56.49523082595866
119,"03/25/2023, 11:35:15",57.24301995031825
120,"03/25/2023, 11:35:45",53.26390230554259
121,"03/25/2023, 11:36:15",51.810643697420375
122,"03/25/2023, 11:36:45",57.49693421052626
123,"03/25/2023, 11:37:15",57.77283605030269
124,"03/25/2023, 11:37:45",56.64026428349632
125,"03/25/2023, 11:38:15",58.42168106660456
126,"03/25/2023, 11:38:46",56.58635242974691
127,"03/25/2023, 11:39:16",58.096095753764935
128,"03/25/2023, 11:39:46",61.42087148734664
129,"03/25/2023, 11:40:16",55.14997151063498
130,"03/25/2023, 11:40:46",61.1111426020804
131,"03/25/2023, 11:41:16",57.88467671945346
132,"03/25/2023, 11:41:46",59.43733810743672
133,"03/25/2023, 11:42:16",60.74813612016766
134,"03/25/2023, 11:42:46",59.8756097655643
135,"03/25/2023, 11:43:16",59.42528722248097
136,"03/25/2023, 11:43:46",60.151723024375045
137,"03/25/2023, 11:44:17",63.47417314857939
138,"03/25/2023, 11:44:47",59.32190331470264
139,"03/25/2023, 11:45:17",62.12616538580964
140,"03/25/2023, 11:45:47",62.82152258965998
141,"03/25/2023, 11:46:17",55.40763397948523
142,"03/25/2023, 11:46:47",61.90734668529729
143,"03/25/2023, 11:47:17",59.164607553174974
144,"03/25/2023, 11:47:47",60.40225458003415
145,"03/25/2023, 11:48:17",60.41536256016142
146,"03/25/2023, 11:48:47",62.033775267815535
147,"03/25/2023, 11:49:17",53.82564267970808
148,"03/25/2023, 11:49:48",66.13593879056043
149,"03/25/2023, 11:50:18",59.66545924545876
150,"03/25/2023, 11:50:48",59.53480228225428
151,"03/25/2023, 11:51:18",62.26126214873465
152,"03/25/2023, 11:51:48",57.44957634684053
153,"03/25/2023, 11:52:18",60.04833911659677
154,"03/25/2023, 11:52:48",58.4595250737463
155,"03/25/2023, 11:53:18",63.86360700978108
156,"03/25/2023, 11:53:48",55.49331602235675
157,"03/25/2023, 11:54:18",58.30265215028719
158,"03/25/2023, 11:54:48",55.49902433628316
159,"03/25/2023, 11:55:18",61.50459342493397
160,"03/25/2023, 11:55:48",58.80625229001704
161,"03/25/2023, 11:56:19",55.78238317623589
162,"03/25/2023, 11:56:49",55.26800225183949
163,"03/25/2023, 11:57:19",52.24795859483341
164,"03/25/2023, 11:57:49",62.71517881540132
165,"03/25/2023, 11:58:19",61.84476665114109
166,"03/25/2023, 11:58:49",59.468416705480486
167,"03/25/2023, 11:59:19",64.40420548051542
168,"03/25/2023, 11:59:49",59.8324802825648
169,"03/25/2023, 12:00:19",61.98980010867875
170,"03/25/2023, 12:00:49",59.91155100139728
171,"03/25/2023, 12:01:20",62.18113433473061
172,"03/25/2023, 12:01:50",62.84647003570871
173,"03/25/2023, 12:02:20",58.77517369197325
174,"03/25/2023, 12:02:50",60.22635394348699
175,"03/25/2023, 12:03:20",61.49444531128704
176,"03/25/2023, 12:03:50",60.46948583294517
177,"03/25/2023, 12:04:20",60.83312657196086
178,"03/25/2023, 12:04:50",61.69529339388289
179,"03/25/2023, 12:05:20",55.41022834187233
180,"03/25/2023, 12:05:50",59.54537323396982
181,"03/25/2023, 12:06:21",59.577720346219536
182,"03/25/2023, 12:06:51",56.29408890673884
183,"03/25/2023, 12:07:21",58.536058764167045
184,"03/25/2023, 12:07:51",57.21511263778911
185,"03/25/2023, 12:08:21",60.20626913522742
186,"03/25/2023, 12:08:51",56.693753299177125
187,"03/25/2023, 12:09:21",60.9272080422294
188,"03/25/2023, 12:09:51",64.70632328054644
189,"03/25/2023, 12:10:21",57.913006870051234
190,"03/25/2023, 12:10:51",60.26546646483463
191,"03/25/2023, 12:11:21",61.80734548206799
192,"03/25/2023, 12:11:51",60.1242385499146
193,"03/25/2023, 12:12:22",62.26464485328361
194,"03/25/2023, 12:12:52",62.82405961807172
195,"03/25/2023, 12:13:22",57.79693782021422
196,"03/25/2023, 12:13:52",59.76757463903115
197,"03/25/2023, 12:14:22",61.770558570097776
198,"03/25/2023, 12:14:52",58.91090471200121
199,"03/25/2023, 12:15:22",60.90944884334729
200,"03/25/2023, 12:15:52",58.50371165191738
201,"03/25/2023, 12:16:22",57.15506963204468
202,"03/25/2023, 12:16:52",60.370753143921725
203,"03/25/2023, 12:17:22",58.82294722698073
204,"03/25/2023, 12:17:53",64.07460320602388
205,"03/25/2023, 12:18:23",59.28553924080111
206,"03/25/2023, 12:18:53",54.78569651451633
207,"03/25/2023, 12:19:23",67.6541388759509
208,"03/25/2023, 12:19:53",62.04519189566834
209,"03/25/2023, 12:20:23",63.0196222248098
210,"03/25/2023, 12:20:53",62.77078202142521
211,"03/25/2023, 12:21:23",57.06141099984471
212,"03/25/2023, 12:21:53",62.50862241887904
213,"03/25/2023, 12:22:23",58.16501835895044
214,"03/25/2023, 12:22:53",61.43715075298862
215,"03/25/2023, 12:23:24",67.15730414531902
216,"03/25/2023, 12:23:54",63.95620854680946
217,"03/25/2023, 12:24:24",61.98409179475233
218,"03/25/2023, 12:24:54",63.33379090979659
219,"03/25/2023, 12:25:24",58.151064702685886
220,"03/25/2023, 12:25:54",70.16051152771306
221,"03/25/2023, 12:26:24",64.89956027790713
222,"03/25/2023, 12:26:54",66.37505371836667
223,"03/25/2023, 12:27:24",68.8022839838271
224,"03/25/2023, 12:27:54",69.12519251668992
225,"03/25/2023, 12:28:24",65.42324522589654
226,"03/25/2023, 12:28:54",68.98121615432383
227,"03/25/2023, 12:29:25",69.10870183201364
228,"03/25/2023, 12:29:55",65.0266231175283
229,"03/25/2023, 12:30:25",68.12243203695074
230,"03/25/2023, 12:30:55",65.23508228535938
231,"03/25/2023, 12:31:25",66.38985305076852
232,"03/25/2023, 12:31:55",64.5959625446359
233,"03/25/2023, 12:32:25",63.34415044247785
234,"03/25/2023, 12:32:55",64.83888301505974
235,"03/25/2023, 12:33:25",60.82276703927955
236,"03/25/2023, 12:33:55",60.42635634994564
237,"03/25/2023, 12:34:25",62.47268118304609
238,"03/25/2023, 12:34:56",61.13165024840861
239,"03/25/2023, 12:35:26",59.41239066138796
240,"03/25/2023, 12:35:56",57.379173808414826
241,"03/25/2023, 12:36:26",59.030567885421526
242,"03/25/2023, 16:01:03",62.47051522648632
243,"03/25/2023, 16:01:33",59.75813177131205
244,"03/25/2023, 16:02:03",59.11776436569028
245,"03/25/2023, 16:02:33",57.82772664112008
246,"03/25/2023, 16:03:03",56.2351854137556
247,"03/25/2023, 16:03:34",58.441554455829824
248,"03/25/2023, 16:04:04",55.80515909796615
249,"03/25/2023, 16:04:34",56.57599289706565
250,"03/25/2023, 16:05:04",66.5196643378357
251,"03/25/2023, 16:05:34",58.92062998757955
252,"03/25/2023, 16:06:04",64.55262164260205
253,"03/25/2023, 16:06:34",59.47391360037258
254,"03/25/2023, 16:07:05",55.959706412047794
255,"03/25/2023, 16:07:35",67.68712024530349
256,"03/25/2023, 16:08:05",55.75610988200588
257,"03/25/2023, 16:08:35",74.63012133209128
258,"03/25/2023, 16:09:05",82.07989384412356
259,"03/25/2023, 16:09:35",84.27082929669305
260,"03/25/2023, 16:10:05",79.66764566311154
261,"03/25/2023, 16:10:36",71.89668463747863
262,"03/25/2023, 16:11:06",56.24575636547115
263,"03/25/2023, 16:11:36",63.08177942089736
264,"03/25/2023, 16:12:06",62.11453733892252
265,"03/25/2023, 16:12:36",58.074531012265126
266,"03/25/2023, 16:13:06",57.87727705325258
267,"03/25/2023, 16:13:36",58.35339271852192
268,"03/25/2023, 16:14:07",59.43818378357396
269,"03/25/2023, 16:14:37",56.68043390001549
270,"03/25/2023, 16:15:07",59.2085827123117
271,"03/25/2023, 16:15:37",60.162716814159246
272,"03/25/2023, 16:16:07",56.56986174507063
273,"03/25/2023, 16:16:37",54.39013150131964
274,"03/25/2023, 16:17:07",56.05611349169378
275,"03/25/2023, 16:17:38",55.79712517466231
276,"03/25/2023, 16:18:08",55.1248126455519
277,"03/25/2023, 16:18:38",54.114229661543206
278,"03/25/2023, 16:19:08",53.17785475857784
279,"03/25/2023, 16:19:38",57.17811430678462
280,"03/25/2023, 16:20:08",54.29203306939913
281,"03/25/2023, 16:20:38",54.27414128569885
282,"03/25/2023, 16:21:09",58.23795792578788
283,"03/25/2023, 16:21:39",54.71296836671321
284,"03/25/2023, 16:22:09",56.24808197484861
285,"03/25/2023, 16:22:39",55.49881291724885
286,"03/25/2023, 16:23:09",56.31066200900481
287,"03/25/2023, 16:23:39",56.58360398230087
288,"03/25/2023, 16:24:09",53.08652173575528
289,"03/25/2023, 16:24:40",54.867938518863504
290,"03/25/2023, 16:25:10",54.270256908865065
291,"03/25/2023, 16:25:40",56.77366969414685
292,"03/25/2023, 16:26:10",54.65736516068932
293,"03/25/2023, 16:26:40",55.89078380686226
294,"03/25/2023, 16:27:10",54.697746196242775
295,"03/25/2023, 16:27:41",57.3897447601304
296,"03/25/2023, 16:28:11",56.02186360813537
297,"03/25/2023, 16:28:41",57.96099899083989
298,"03/25/2023, 16:29:11",59.860387595093904
299,"03/25/2023, 16:29:41",53.57215125756869
300,"03/25/2023, 16:30:11",56.762041647259714
301,"03/25/2023, 16:30:41",56.38867563266572
302,"03/25/2023, 16:31:12",57.586683382278224
303,"03/25/2023, 16:31:42",55.56667842726282
304,"03/25/2023, 16:32:12",55.37492136314236
305,"03/25/2023, 16:32:42",53.044449347927305
306,"03/25/2023, 16:33:12",57.706450473528925
307,"03/25/2023, 16:33:42",56.972403586399615
308,"03/25/2023, 16:34:13",58.682572154944864
309,"03/25/2023, 16:34:43",58.32315979661542
310,"03/25/2023, 16:35:13",58.10159264865702
311,"03/25/2023, 16:35:43",61.11473672566371
312,"03/25/2023, 16:36:13",62.94731691507528
313,"03/25/2023, 16:36:44",52.77594717435176
314,"03/25/2023, 16:37:14",66.46659816022354
315,"03/25/2023, 16:37:44",57.84852406458622
316,"03/25/2023, 16:38:14",60.78365451793199
317,"03/25/2023, 16:38:44",69.04950450240645
318,"03/25/2023, 16:39:14",64.7213340319826
319,"03/25/2023, 16:39:44",53.87744034311438
320,"03/25/2023, 16:40:15",75.17621669771769
321,"03/25/2023, 16:40:45",83.58477453035238
322,"03/25/2023, 16:41:15",48.72363912659628
323,"03/25/2023, 16:41:45",59.78829370439368
324,"03/25/2023, 16:42:15",73.45146021580493
325,"03/25/2023, 16:42:45",64.67334191119386
326,"03/25/2023, 16:43:16",62.15449553640736
327,"03/25/2023, 16:43:46",66.22473478497126
328,"03/25/2023, 16:44:16",67.90319049836978
329,"03/25/2023, 16:44:46",62.41454094861043
330,"03/25/2023, 16:45:16",61.98134334730629
331,"03/25/2023, 16:45:46",64.2746056124825
332,"03/25/2023, 16:46:16",62.79424953423377
333,"03/25/2023, 16:46:47",65.1207045877969
334,"03/25/2023, 16:47:17",60.92361391864613
335,"03/25/2023, 16:47:47",64.97947667287686
336,"03/25/2023, 16:48:17",62.16316371681412
337,"03/25/2023, 16:48:47",57.90708713709048
338,"03/25/2023, 16:49:17",60.93524196553326
339,"03/25/2023, 16:49:47",58.15508166433779
340,"03/25/2023, 16:50:18",59.55953830926871
341,"03/25/2023, 16:50:48",57.02589260208039
342,"03/25/2023, 16:51:18",59.92529323862755
343,"03/25/2023, 16:51:48",57.01757200889951
344,"03/25/2023, 16:52:18",56.64343556901101
345,"03/25/2023, 16:52:48",58.84557623039897
346,"03/25/2023, 16:53:18",59.07433162552397
347,"03/25/2023, 16:53:48",60.51092396367021
348,"03/25/2023, 16:54:19",57.17388592609841
349,"03/25/2023, 16:54:49",62.79065541065049
350,"03/25/2023, 16:55:19",60.72826273094238
351,"03/25/2023, 16:55:49",58.63288868188167
352,"03/25/2023, 16:56:19",63.74309816022357
353,"03/25/2023, 16:56:49",55.17957017543856
354,"03/25/2023, 16:57:20",62.489594705791
355,"03/25/2023, 16:57:50",60.56462439838533
356,"03/25/2023, 16:58:20",57.85296386430676
357,"03/25/2023, 16:58:50",51.43914462040054
358,"03/25/2023, 16:59:20",61.13017031516844
359,"03/25/2023, 16:59:50",57.988906303369006
360,"03/25/2023, 17:00:21",56.49523082595866
361,"03/25/2023, 17:00:51",57.24301995031825
362,"03/25/2023, 17:01:21",53.26390230554259
363,"03/25/2023, 17:01:51",51.810643697420375
364,"03/25/2023, 17:02:21",57.49693421052626
365,"03/25/2023, 17:02:51",57.77283605030269
366,"03/25/2023, 17:03:21",56.64026428349632
367,"03/25/2023, 17:03:52",58.42168106660456
368,"03/25/2023, 17:04:22",56.58635242974691
369,"03/25/2023, 17:04:52",58.096095753764935
370,"03/25/2023, 17:05:22",61.42087148734664
371,"03/25/2023, 17:05:52",55.14997151063498
372,"03/25/2023, 17:06:22",61.1111426020804
373,"03/25/2023, 17:06:53",57.88467671945346
374,"03/25/2023, 17:07:23",59.43733810743672
375,"03/25/2023, 17:07:53",60.74813612016766
376,"03/25/2023, 17:08:23",59.8756097655643
377,"03/25/2023, 17:08:53",59.42528722248097
378,"03/25/2023, 17:09:23",60.151723024375045
379,"03/25/2023, 17:09:53",63.47417314857939
380,"03/25/2023, 17:10:24",59.32190331470264
381,"03/25/2023, 17:10:54",62.12616538580964
382,"03/25/2023, 17:11:24",62.82152258965998
383,"03/25/2023, 17:11:54",55.40763397948523
384,"03/25/2023, 17:12:24",61.90734668529729
385,"03/25/2023, 17:12:54",59.164607553174974
386,"03/25/2023, 17:13:25",60.40225458003415
387,"03/25/2023, 17:13:55",60.41536256016142
388,"03/25/2023, 17:14:25",62.033775267815535
389,"03/25/2023, 17:14:55",53.82564267970808
390,"03/25/2023, 17:15:25",66.13593879056043
391,"03/25/2023, 17:15:55",59.66545924545876
392,"03/25/2023, 17:16:25",59.53480228225428
393,"03/25/2023, 17:16:56",62.26126214873465
394,"03/25/2023, 17:17:26",57.44957634684053
395,"03/25/2023, 17:17:56",60.04833911659677
396,"03/25/2023, 17:18:26",58.4595250737463
397,"03/25/2023, 17:18:56",63.86360700978108
398,"03/25/2023, 17:19:26",55.49331602235675
399,"03/25/2023, 17:19:56",58.30265215028719
400,"03/25/2023, 17:20:26",55.49902433628316
401,"03/25/2023, 17:20:56",61.50459342493397
402,"03/25/2023, 17:21:27",58.80625229001704
403,"03/25/2023, 17:21:57",55.78238317623589
404,"03/25/2023, 17:22:27",55.26800225183949
405,"03/25/2023, 17:22:57",52.24795859483341
406,"03/25/2023, 17:23:27",62.71517881540132
407,"03/25/2023, 17:23:57",61.84476665114109
408,"03/25/2023, 17:24:27",59.468416705480486
409,"03/25/2023, 17:24:57",64.40420548051542
410,"03/25/2023, 17:25:27",59.8324802825648
411,"03/25/2023, 17:25:57",61.98980010867875
412,"03/25/2023, 17:26:27",59.91155100139728
413,"03/25/2023, 17:26:58",62.18113433473061
414,"03/25/2023, 17:27:28",62.84647003570871
415,"03/25/2023, 17:27:58",58.77517369197325
416,"03/25/2023, 17:28:28",60.22635394348699
417,"03/25/2023, 17:28:58",61.49444531128704
418,"03/25/2023, 17:29:28",60.46948583294517
419,"03/25/2023, 17:29:58",60.83312657196086
420,"03/25/2023, 17:30:28",61.69529339388289
421,"03/25/2023, 17:30:58",55.41022834187233
422,"03/25/2023, 17:31:28",59.54537323396982
423,"03/25/2023, 17:31:59",59.577720346219536
424,"03/25/2023, 17:32:29",56.29408890673884
425,"03/25/2023, 17:32:59",58.536058764167045
426,"03/25/2023, 17:33:29",57.21511263778911
427,"03/25/2023, 17:33:59",60.20626913522742
428,"03/25/2023, 17:34:29",56.693753299177125
429,"03/25/2023, 17:34:59",60.9272080422294
430,"03/25/2023, 17:35:29",64.70632328054644
431,"03/25/2023, 17:35:59",57.913006870051234
432,"03/25/2023, 17:36:29",60.26546646483463
433,"03/25/2023, 17:36:59",61.80734548206799
434,"03/25/2023, 17:37:29",60.1242385499146
435,"03/25/2023, 17:38:00",62.26464485328361
436,"03/25/2023, 17:38:30",62.82405961807172
437,"03/25/2023, 17:39:00",57.79693782021422
438,"03/25/2023, 17:39:30",59.76757463903115
439,"03/25/2023, 17:40:00",61.770558570097776
440,"03/25/2023, 17:40:30",58.91090471200121
441,"03/25/2023, 17:41:00",60.90944884334729
442,"03/25/2023, 17:41:30",58.50371165191738
443,"03/25/2023, 17:42:00",57.15506963204468
444,"03/25/2023, 17:42:30",60.370753143921725
445,"03/25/2023, 17:43:00",58.82294722698073
446,"03/25/2023, 17:43:30",64.07460320602388
447,"03/25/2023, 17:44:01",59.28553924080111
448,"03/25/2023, 17:44:31",54.78569651451633
449,"03/25/2023, 17:45:01",67.6541388759509
450,"03/25/2023, 17:45:31",62.04519189566834
451,"03/25/2023, 17:46:01",63.0196222248098
452,"03/25/2023, 17:46:31",62.77078202142521
453,"03/25/2023, 17:47:01",57.06141099984471
454,"03/25/2023, 17:47:31",62.50862241887904
455,"03/25/2023, 17:48:01",58.16501835895044
456,"03/25/2023, 17:48:31",61.43715075298862
457,"03/25/2023, 17:49:01",67.15730414531902
458,"03/25/2023, 17:49:32",63.95620854680946
459,"03/25/2023, 17:50:02",61.98409179475233
460,"03/25/2023, 17:50:32",63.33379090979659
461,"03/25/2023, 17:51:02",58.151064702685886
462,"03/25/2023, 17:51:32",70.16051152771306
463,"03/25/2023, 17:52:02",64.89956027790713
464,"03/25/2023, 17:52:32",66.37505371836667
465,"03/25/2023, 17:53:02",68.8022839838271
466,"03/25/2023, 17:53:32",69.12519251668992
467,"03/25/2023, 17:54:02",65.42324522589654
468,"03/25/2023, 17:54:32",68.98121615432383
469,"03/25/2023, 17:55:03",69.10870183201364
470,"03/25/2023, 17:55:33",65.0266231175283
471,"03/25/2023, 17:56:03",68.12243203695074
472,"03/25/2023, 17:56:33",65.23508228535938
473,"03/25/2023, 17:57:03",66.38985305076852
474,"03/25/2023, 17:57:33",64.5959625446359
475,"03/25/2023, 17:58:03",63.34415044247785
476,"03/25/2023, 17:58:33",64.83888301505974
477,"03/25/2023, 17:59:03",60.82276703927955
478,"03/25/2023, 17:59:33",60.42635634994564
479,"03/25/2023, 18:00:03",62.47268118304609
480,"03/25/2023, 18:00:34",61.13165024840861
481,"03/25/2023, 18:01:04",59.41239066138796
482,"03/25/2023, 18:01:34",57.379173808414826
483,"03/25/2023, 18:02:04",59.030567885421526
484,"03/25/2023, 18:02:34",58.29673241732648
485,"03/25/2023, 18:03:04",57.086358445893495
486,"03/25/2023, 18:03:34",60.546621530107714
487,"03/25/2023, 18:04:04",57.7914409253221
488,"03/25/2023, 18:04:34",55.574078093463726
489,"03/25/2023, 18:05:04",58.30328640739014
490,"03/25/2023, 18:05:34",62.09360685452568
491,"03/25/2023, 18:06:04",59.65044849402265
492,"03/25/2023, 18:06:35",56.68254809035862
493,"03/25/2023, 18:07:05",59.09103372923457
494,"03/25/2023, 18:07:35",59.93966973296068
495,"03/25/2023, 18:08:05",60.77460162420047
496,"03/25/2023, 18:08:35",59.06783496943572
497,"03/25/2023, 18:09:05",57.27008158671012
498,"03/25/2023, 18:09:35",60.47963394659213
499,"03/25/2023, 18:10:05",57.85021541686071
500,"03/25/2023, 18:10:35",61.22256043316251
501,"03/25/2023, 18:11:05",60.24622733271227
502,"03/25/2023, 18:11:35",54.9744937121565
503,"03/25/2023, 18:12:06",62.843721588262696
504,"03/25/2023, 18:12:36",61.44687602856697
505,"03/25/2023, 18:13:06",60.75617004347147
506,"03/25/2023, 18:13:36",62.80973687434048
507,"03/25/2023, 18:14:06",53.14423913212232
508,"03/25/2023, 18:14:36",54.22395614035084
509,"03/25/2023, 18:15:06",66.55349138332556
510,"03/25/2023, 18:15:36",63.07036279304454
511,"03/25/2023, 18:16:06",61.27287816332864
512,"03/25/2023, 18:16:36",61.31347061791645
513,"03/25/2023, 18:17:06",53.79667827200743
514,"03/25/2023, 18:17:37",68.98523311597576
515,"03/27/2023, 13:16:07",62.47051522648632
516,"03/27/2023, 13:16:37",59.75813177131205
517,"03/27/2023, 13:17:07",59.11776436569028
518,"03/27/2023, 13:17:38",57.82772664112008
519,"03/27/2023, 13:18:08",56.2351854137556
520,"03/27/2023, 13:18:38",58.441554455829824
521,"03/27/2023, 13:19:08",55.80515909796615
522,"03/27/2023, 13:19:38",56.57599289706565
523,"03/27/2023, 13:20:08",66.5196643378357
524,"03/27/2023, 13:20:38",58.92062998757955
525,"03/27/2023, 13:21:09",64.55262164260205
526,"03/27/2023, 13:21:39",59.47391360037258
527,"03/27/2023, 13:22:09",55.959706412047794
528,"03/27/2023, 13:22:39",67.68712024530349
529,"03/27/2023, 13:23:09",55.75610988200588
530,"03/27/2023, 13:23:39",74.63012133209128
531,"03/27/2023, 13:24:10",82.07989384412356
532,"03/27/2023, 13:24:40",84.27082929669305
533,"03/27/2023, 13:25:10",79.66764566311154
534,"03/27/2023, 13:25:40",71.89668463747863
535,"03/27/2023, 13:26:10",56.24575636547115
536,"03/27/2023, 13:26:40",63.08177942089736
537,"03/27/2023, 13:27:11",62.11453733892252
538,"03/27/2023, 13:27:41",58.074531012265126
539,"03/27/2023, 13:28:11",57.87727705325258
540,"03/27/2023, 13:28:41",58.35339271852192
541,"03/27/2023, 13:29:11",59.43818378357396
542,"03/27/2023, 13:29:41",56.68043390001549
543,"03/27/2023, 13:30:11",59.2085827123117
544,"03/27/2023, 13:30:42",60.162716814159246
545,"03/27/2023, 13:31:12",56.56986174507063
546,"03/27/2023, 13:31:42",54.39013150131964
547,"03/27/2023, 13:32:12",56.05611349169378
548,"03/27/2023, 13:32:42",55.79712517466231
549,"03/27/2023, 13:33:12",55.1248126455519
550,"03/27/2023, 13:33:42",54.114229661543206
551,"03/27/2023, 13:34:13",53.17785475857784
552,"03/27/2023, 13:34:43",57.17811430678462
553,"03/27/2023, 13:35:13",54.29203306939913
554,"03/27/2023, 13:35:43",54.27414128569885
555,"03/27/2023, 13:36:13",58.23795792578788
556,"03/27/2023, 13:36:43",54.71296836671321
557,"03/27/2023, 13:37:13",56.24808197484861
558,"03/27/2023, 13:37:43",55.49881291724885
559,"03/27/2023, 13:38:13",56.31066200900481
560,"03/27/2023, 13:38:43",56.58360398230087
561,"03/27/2023, 13:39:14",53.08652173575528
562,"03/27/2023, 13:39:44",54.867938518863504
563,"03/27/2023, 13:40:14",54.270256908865065
564,"03/27/2023, 13:40:44",56.77366969414685
565,"03/27/2023, 13:41:14",54.65736516068932
566,"03/27/2023, 13:41:44",55.89078380686226
567,"03/27/2023, 13:42:14",54.697746196242775
568,"03/27/2023, 13:42:44",57.3897447601304
569,"03/27/2023, 13:43:14",56.02186360813537
570,"03/27/2023, 13:43:44",57.96099899083989
571,"03/27/2023, 13:44:14",59.860387595093904
572,"03/27/2023, 13:44:44",53.57215125756869
573,"03/27/2023, 13:45:15",56.762041647259714
574,"03/27/2023, 13:45:45",56.38867563266572
575,"03/27/2023, 13:46:15",57.586683382278224
576,"03/27/2023, 13:46:45",55.56667842726282
577,"03/27/2023, 13:47:15",55.37492136314236
578,"03/27/2023, 13:47:45",53.044449347927305
579,"03/27/2023, 13:48:15",57.706450473528925
580,"03/27/2023, 13:48:45",56.972403586399615
581,"03/27/2023, 13:49:15",58.682572154944864
582,"03/27/2023, 13:49:45",58.32315979661542
583,"03/27/2023, 13:50:15",58.10159264865702
584,"03/27/2023, 13:50:46",61.11473672566371
585,"03/27/2023, 13:51:16",62.94731691507528
586,"03/27/2023, 13:51:46",52.77594717435176
587,"03/27/2023, 13:52:16",66.46659816022354
588,"03/27/2023, 13:52:46",57.84852406458622
589,"03/27/2023, 13:53:16",60.78365451793199
590,"03/27/2023, 13:53:46",69.04950450240645
591,"03/27/2023, 13:54:16",64.7213340319826
592,"03/27/2023, 13:54:46",53.87744034311438
593,"03/27/2023, 13:55:16",75.17621669771769
594,"03/27/2023, 13:55:46",83.58477453035238
595,"03/27/2023, 13:56:17",48.72363912659628
596,"03/27/2023, 13:56:47",59.78829370439368
597,"03/27/2023, 13:57:17",73.45146021580493
598,"03/27/2023, 13:57:47",64.67334191119386
599,"03/27/2023, 13:58:17",62.15449553640736
600,"03/27/2023, 13:58:47",66.22473478497126
601,"03/27/2023, 13:59:17",67.90319049836978
602,"03/27/2023, 13:59:47",62.41454094861043
603,"03/27/2023, 14:00:17",61.98134334730629
604,"03/27/2023, 14:00:47",64.2746056124825
605,"03/27/2023, 14:01:17",62.79424953423377
606,"03/27/2023, 14:01:48",65.1207045877969
607,"03/27/2023, 14:02:18",60.92361391864613
608,"03/27/2023, 14:02:48",64.97947667287686
609,"03/27/2023, 14:03:18",62.16316371681412
610,"03/27/2023, 14:03:48",57.90708713709048
611,"03/27/2023, 14:04:18",60.93524196553326
612,"03/27/2023, 14:04:48",58.15508166433779
613,"03/27/2023, 14:05:18",59.55953830926871
614,"03/27/2023, 14:05:48",57.02589260208039
615,"03/27/2023, 14:06:18",59.92529323862755
616,"03/27/2023, 14:06:48",57.01757200889951
617,"03/27/2023, 14:07:18",56.64343556901101
618,"03/27/2023, 14:07:49",58.84557623039897
619,"03/27/2023, 14:08:19",59.07433162552397
620,"03/27/2023, 14:08:49",60.51092396367021
621,"03/27/2023, 14:09:19",57.17388592609841
622,"03/27/2023, 14:09:49",62.79065541065049
623,"03/27/2023, 14:10:19",60.72826273094238
624,"03/27/2023, 14:10:49",58.63288868188167
625,"03/27/2023, 14:11:19",63.74309816022357
626,"03/27/2023, 14:11:49",55.17957017543856
627,"03/27/2023, 14:12:19",62.489594705791
628,"03/27/2023, 14:12:49",60.56462439838533
629,"03/27/2023, 14:13:19",57.85296386430676
630,"03/27/2023, 14:13:50",51.43914462040054
631,"03/27/2023, 14:14:20",61.13017031516844
632,"03/27/2023, 14:14:50",57.988906303369006
633,"03/27/2023, 14:15:20",56.49523082595866
634,"03/27/2023, 14:15:50",57.24301995031825
635,"03/27/2023, 14:16:20",53.26390230554259
636,"03/27/2023, 14:16:50",51.810643697420375
637,"03/27/2023, 14:17:20",57.49693421052626
638,"03/27/2023, 14:17:50",57.77283605030269
639,"03/27/2023, 14:18:21",56.64026428349632
640,"03/27/2023, 14:18:51",58.42168106660456
641,"03/27/2023, 14:19:21",56.58635242974691
642,"03/27/2023, 14:19:51",58.096095753764935
643,"03/27/2023, 14:20:21",61.42087148734664
644,"03/27/2023, 14:20:51",55.14997151063498
645,"03/27/2023, 14:21:21",61.1111426020804
646,"03/27/2023, 14:21:51",57.88467671945346
647,"03/27/2023, 14:22:21",59.43733810743672
648,"03/27/2023, 14:22:51",60.74813612016766
649,"03/27/2023, 14:23:21",59.8756097655643
650,"03/27/2023, 14:23:51",59.42528722248097
651,"03/27/2023, 14:24:21",60.151723024375045
652,"03/27/2023, 14:24:52",63.47417314857939
653,"03/27/2023, 14:25:22",59.32190331470264
654,"03/27/2023, 14:25:52",62.12616538580964
655,"03/27/2023, 14:26:22",62.82152258965998
656,"03/27/2023, 14:26:52",55.40763397948523
657,"03/27/2023, 14:27:22",61.90734668529729
658,"03/27/2023, 14:27:52",59.164607553174974
659,"03/27/2023, 14:28:22",60.40225458003415
660,"03/27/2023, 14:28:52",60.41536256016142
661,"03/27/2023, 14:29:22",62.033775267815535
662,"03/27/2023, 14:29:52",53.82564267970808
663,"03/27/2023, 14:30:22",66.13593879056043
664,"03/27/2023, 14:30:53",59.66545924545876
665,"03/27/2023, 14:31:23",59.53480228225428
666,"03/27/2023, 14:31:53",62.26126214873465
667,"03/27/2023, 14:32:23",57.44957634684053
668,"03/27/2023, 14:32:53",60.04833911659677
669,"03/27/2023, 14:33:24",62.47051522648632
670,"03/27/2023, 14:33:55",59.75813177131205
671,"03/27/2023, 14:34:25",59.11776436569028
672,"03/27/2023, 14:34:55",57.82772664112008
673,"03/27/2023, 14:35:25",56.2351854137556
674,"03/27/2023, 14:35:55",58.441554455829824
675,"03/27/2023, 14:36:25",55.80515909796615
676,"03/27/2023, 14:36:55",56.57599289706565
677,"03/27/2023, 14:37:25",66.5196643378357
678,"03/27/2023, 14:37:55",58.92062998757955
679,"03/27/2023, 14:38:25",64.55262164260205
680,"03/27/2023, 14:38:56",59.47391360037258
681,"03/27/2023, 14:39:26",55.959706412047794
682,"03/27/2023, 14:39:56",67.68712024530349
683,"03/27/2023, 14:40:26",55.75610988200588
684,"03/27/2023, 14:40:56",74.63012133209128
685,"03/27/2023, 14:41:26",82.07989384412356
686,"03/27/2023, 14:41:56",84.27082929669305
687,"03/27/2023, 14:42:26",79.66764566311154
688,"03/27/2023, 14:42:56",71.89668463747863
689,"03/27/2023, 14:43:26",56.24575636547115
690,"03/27/2023, 14:43:56",63.08177942089736
691,"03/27/2023, 14:44:26",62.11453733892252
692,"03/27/2023, 14:44:57",58.074531012265126
693,"03/27/2023, 14:45:27",57.87727705325258
694,"03/27/2023, 14:45:57",58.35339271852192
695,"03/27/2023, 14:46:27",59.43818378357396
696,"03/27/2023, 14:46:57",56.68043390001549
697,"03/27/2023, 14:47:27",59.2085827123117
698,"03/27/2023, 14:47:57",60.162716814159246
699,"03/27/2023, 14:48:27",56.56986174507063
700,"03/27/2023, 14:48:57",54.39013150131964
701,"03/27/2023, 14:49:27",56.05611349169378
702,"03/27/2023, 14:49:58",55.79712517466231
703,"03/27/2023, 14:50:28",55.1248126455519
704,"03/27/2023, 14:50:58",54.114229661543206
705,"03/27/2023, 14:51:28",53.17785475857784
706,"03/27/2023, 14:51:58",57.17811430678462
707,"03/27/2023, 14:52:28",54.29203306939913
708,"03/27/2023, 14:52:58",54.27414128569885
709,"03/27/2023, 14:53:28",58.23795792578788
710,"03/27/2023, 14:53:58",54.71296836671321
711,"03/27/2023, 14:54:28",56.24808197484861
712,"03/27/2023, 14:54:58",55.49881291724885
713,"03/27/2023, 14:55:29",56.31066200900481
714,"03/27/2023, 14:55:59",56.58360398230087
715,"03/27/2023, 14:56:29",53.08652173575528
716,"03/27/2023, 14:56:59",54.867938518863504
717,"03/27/2023, 14:57:29",54.270256908865065
718,"03/27/2023, 14:57:59",56.77366969414685
719,"03/27/2023, 14:58:29",54.65736516068932
720,"03/27/2023, 14:58:59",55.89078380686226
721,"03/27/2023, 14:59:29",54.697746196242775
722,"03/27/2023, 14:59:59",57.3897447601304
723,"03/27/2023, 15:00:29",56.02186360813537
724,"03/27/2023, 15:00:59",57.96099899083989
725,"03/27/2023, 15:01:30",59.860387595093904
726,"03/27/2023, 15:02:00",53.57215125756869
727,"03/27/2023, 15:02:30",56.762041647259714
728,"03/27/2023, 15:03:00",56.38867563266572
729,"03/27/2023, 15:03:30",57.586683382278224
730,"03/27/2023, 15:04:00",55.56667842726282
731,"03/27/2023, 15:04:30",55.37492136314236
732,"03/27/2023, 15:05:00",53.044449347927305
733,"03/27/2023, 15:05:30",57.706450473528925
734,"03/27/2023, 15:06:00",56.972403586399615
735,"03/27/2023, 15:06:31",58.682572154944864
736,"03/27/2023, 15:07:01",58.32315979661542
737,"03/27/2023, 15:07:31",58.10159264865702
738,"03/27/2023, 15:17:30",62.47051522648632
739,"03/27/2023, 15:18:00",59.75813177131205
740,"03/27/2023, 15:18:30",59.11776436569028
741,"03/27/2023, 15:19:00",57.82772664112008
742,"03/27/2023, 15:19:31",56.2351854137556
743,"03/27/2023, 15:20:01",58.441554455829824
744,"03/27/2023, 15:20:31",55.80515909796615
745,"03/27/2023, 15:21:01",56.57599289706565
746,"03/27/2023, 15:21:31",66.5196643378357
747,"03/27/2023, 15:22:01",58.92062998757955
748,"03/27/2023, 15:22:31",64.55262164260205
749,"03/27/2023, 15:23:02",59.47391360037258
750,"03/27/2023, 15:23:32",55.959706412047794
751,"03/27/2023, 15:24:02",67.68712024530349
752,"03/27/2023, 15:24:32",55.75610988200588
753,"03/27/2023, 15:25:02",74.63012133209128
754,"03/27/2023, 15:25:32",82.07989384412356
755,"03/27/2023, 15:26:03",84.27082929669305
756,"03/27/2023, 15:26:33",79.66764566311154
757,"03/27/2023, 15:27:03",71.89668463747863
758,"03/27/2023, 15:27:33",56.24575636547115
759,"03/27/2023, 15:28:03",63.08177942089736
760,"03/27/2023, 15:28:33",62.11453733892252
761,"03/27/2023, 15:29:04",58.074531012265126
762,"03/27/2023, 15:29:34",57.87727705325258
763,"03/27/2023, 15:30:04",58.35339271852192
764,"03/27/2023, 15:30:34",59.43818378357396
765,"03/27/2023, 15:31:04",56.68043390001549
766,"03/27/2023, 15:31:34",59.2085827123117
767,"03/27/2023, 15:32:04",60.162716814159246
768,"03/27/2023, 15:32:35",56.56986174507063
769,"03/27/2023, 15:33:05",54.39013150131964
770,"03/27/2023, 15:33:35",56.05611349169378
771,"03/27/2023, 15:34:05",55.79712517466231
772,"03/27/2023, 15:34:35",55.1248126455519
773,"03/27/2023, 15:35:05",54.114229661543206
774,"03/27/2023, 15:35:36",53.17785475857784
775,"03/27/2023, 15:36:06",57.17811430678462
776,"03/27/2023, 15:36:36",54.29203306939913
777,"03/27/2023, 15:37:06",54.27414128569885
778,"03/27/2023, 15:37:36",58.23795792578788
779,"03/27/2023, 15:38:06",54.71296836671321
780,"03/27/2023, 15:38:36",56.24808197484861
781,"03/27/2023, 15:39:07",55.49881291724885
782,"03/27/2023, 15:39:37",56.31066200900481
783,"03/27/2023, 15:40:07",56.58360398230087
784,"03/27/2023, 15:40:37",53.08652173575528
785,"03/27/2023, 15:41:07",54.867938518863504
786,"03/27/2023, 15:41:37",54.270256908865065
787,"03/27/2023, 15:42:08",56.77366969414685
788,"03/27/2023, 15:42:38",54.65736516068932
789,"03/27/2023, 15:43:08",55.89078380686226
790,"03/27/2023, 15:43:38",54.697746196242775
791,"03/27/2023, 15:44:08",57.3897447601304
792,"03/27/2023, 15:44:38",56.02186360813537
793,"03/27/2023, 15:45:08",57.96099899083989
794,"03/27/2023, 15:45:39",59.860387595093904
795,"03/27/2023, 15:46:09",53.57215125756869
796,"03/27/2023, 15:46:39",56.762041647259714
797,"03/27/2023, 15:47:09",56.38867563266572
798,"03/27/2023, 15:47:39",57.586683382278224
799,"03/27/2023, 15:48:09",55.56667842726282
800,"03/27/2023, 15:48:40",55.37492136314236
801,"03/27/2023, 15:49:10",53.044449347927305
802,"03/27/2023, 15:49:40",57.706450473528925
803,"03/27/2023, 15:50:10",56.972403586399615
804,"03/27/2023, 15:50:40",58.682572154944864
805,"03/27/2023, 15:51:10",58.32315979661542
806,"03/27/2023, 15:51:40",58.10159264865702
807,"03/27/2023, 15:52:11",61.11473672566371
808,"03/27/2023, 15:52:41",62.94731691507528
809,"03/27/2023, 15:53:11",52.77594717435176
810,"03/27/2023, 15:53:41",66.46659816022354
811,"03/27/2023, 15:54:11",57.84852406458622
812,"03/27/2023, 15:54:41",60.78365451793199
813,"03/27/2023, 15:55:12",69.04950450240645
814,"03/27/2023, 15:55:42",64.7213340319826
815,"03/27/2023, 15:56:12",53.87744034311438
816,"03/27/2023, 15:56:42",75.17621669771769
817,"03/27/2023, 15:57:12",83.58477453035238
818,"03/27/2023, 15:57:42",48.72363912659628
819,"03/27/2023, 15:58:13",59.78829370439368
820,"03/27/2023, 15:58:43",73.45146021580493
821,"03/27/2023, 15:59:13",64.67334191119386
822,"03/27/2023, 15:59:43",62.15449553640736
823,"03/27/2023, 16:00:13",66.22473478497126
824,"03/27/2023, 16:00:43",67.90319049836978
825,"03/27/2023, 16:01:14",62.41454094861043
826,"03/27/2023, 16:01:44",61.98134334730629
827,"03/27/2023, 16:02:14",64.2746056124825
828,"03/27/2023, 16:02:44",62.79424953423377
829,"03/27/2023, 16:03:14",65.1207045877969
830,"03/27/2023, 16:03:44",60.92361391864613
831,"03/27/2023, 16:04:14",64.97947667287686
832,"03/27/2023, 16:04:45",62.16316371681412
833,"03/27/2023, 16:05:15",57.90708713709048
834,"03/27/2023, 16:05:45",60.93524196553326
835,"03/27/2023, 16:06:15",58.15508166433779
836,"03/27/2023, 16:06:45",59.55953830926871
837,"03/27/2023, 16:07:15",57.02589260208039
838,"03/27/2023, 16:07:46",59.92529323862755
839,"03/27/2023, 16:08:16",57.01757200889951
840,"03/27/2023, 16:08:46",56.64343556901101
841,"03/27/2023, 16:09:16",58.84557623039897
842,"03/27/2023, 16:09:46",59.07433162552397
843,"03/27/2023, 16:10:16",60.51092396367021
844,"03/27/2023, 16:10:47",57.17388592609841
845,"03/27/2023, 16:11:17",62.79065541065049
846,"03/27/2023, 16:11:47",60.72826273094238
847,"03/27/2023, 16:12:17",58.63288868188167
848,"03/27/2023, 16:12:47",63.74309816022357
849,"03/27/2023, 16:13:17",55.17957017543856
850,"03/27/2023, 16:13:47",62.489594705791
851,"03/27/2023, 16:14:18",60.56462439838533
852,"03/27/2023, 16:14:48",57.85296386430676
853,"03/27/2023, 16:15:18",51.43914462040054
854,"03/27/2023, 16:15:48",61.13017031516844
855,"03/27/2023, 16:16:18",57.988906303369006
856,"03/27/2023, 16:16:48",56.49523082595866
857,"03/27/2023, 16:17:19",57.24301995031825
858,"03/27/2023, 16:17:49",53.26390230554259
859,"03/27/2023, 16:18:19",51.810643697420375
860,"03/27/2023, 16:18:49",57.49693421052626
861,"03/27/2023, 16:19:19",57.77283605030269
862,"03/27/2023, 16:19:49",56.64026428349632
863,"03/27/2023, 16:20:19",58.42168106660456
864,"03/27/2023, 16:20:49",56.58635242974691
865,"03/27/2023, 16:21:19",58.096095753764935
866,"03/27/2023, 16:21:49",61.42087148734664
867,"03/27/2023, 16:22:19",55.14997151063498
868,"03/27/2023, 16:22:50",61.1111426020804
869,"03/27/2023, 16:23:20",57.88467671945346
870,"03/27/2023, 16:23:50",59.43733810743672
871,"03/27/2023, 16:24:20",60.74813612016766
872,"03/27/2023, 16:24:50",59.8756097655643
873,"03/27/2023, 16:25:20",59.42528722248097
874,"03/27/2023, 16:25:50",60.151723024375045
875,"03/27/2023, 16:26:20",63.47417314857939
876,"03/27/2023, 16:26:50",59.32190331470264
877,"03/27/2023, 16:27:20",62.12616538580964
878,"03/27/2023, 16:27:50",62.82152258965998
879,"03/27/2023, 16:28:20",55.40763397948523
880,"03/27/2023, 16:28:51",61.90734668529729
881,"03/27/2023, 16:29:21",59.164607553174974
882,"03/27/2023, 16:29:51",60.40225458003415
883,"03/27/2023, 16:30:21",60.41536256016142
884,"03/27/2023, 16:30:51",62.033775267815535
885,"03/27/2023, 16:31:21",53.82564267970808
886,"03/27/2023, 16:31:51",66.13593879056043
887,"03/27/2023, 16:32:21",59.66545924545876
888,"03/27/2023, 16:32:51",59.53480228225428
889,"03/27/2023, 16:33:21",62.26126214873465
890,"03/27/2023, 16:33:51",57.44957634684053
891,"03/27/2023, 16:34:21",60.04833911659677
892,"03/27/2023, 16:34:52",58.4595250737463
893,"03/27/2023, 16:35:22",63.86360700978108
894,"03/27/2023, 16:35:52",55.49331602235675
895,"03/27/2023, 16:36:22",58.30265215028719
896,"03/27/2023, 16:36:52",55.49902433628316
897,"03/27/2023, 16:37:22",61.50459342493397
898,"03/27/2023, 16:37:52",58.80625229001704
899,"03/27/2023, 16:38:22",55.78238317623589
900,"03/27/2023, 16:38:52",55.26800225183949
901,"03/27/2023, 16:39:23",52.24795859483341
902,"03/27/2023, 16:39:53",62.71517881540132
903,"03/27/2023, 16:40:23",61.84476665114109
904,"03/27/2023, 16:40:53",59.468416705480486
905,"03/27/2023, 16:41:23",64.40420548051542
906,"03/27/2023, 16:41:53",59.8324802825648
907,"03/27/2023, 16:42:23",61.98980010867875
908,"03/27/2023, 16:42:53",59.91155100139728
909,"03/27/2023, 16:43:23",62.18113433473061
910,"03/27/2023, 16:43:53",62.84647003570871
911,"03/27/2023, 16:44:23",58.77517369197325
912,"03/27/2023, 16:44:54",60.22635394348699
913,"03/27/2023, 16:45:24",61.49444531128704
914,"03/27/2023, 16:45:54",60.46948583294517
915,"03/27/2023, 16:46:24",60.83312657196086
916,"03/27/2023, 16:46:54",61.69529339388289
917,"03/27/2023, 16:47:24",55.41022834187233
918,"03/27/2023, 16:47:54",59.54537323396982
919,"03/27/2023, 16:48:24",59.577720346219536
920,"03/27/2023, 16:48:54",56.29408890673884
921,"03/27/2023, 16:49:24",58.536058764167045
922,"03/27/2023, 16:49:54",57.21511263778911
923,"03/27/2023, 16:50:25",60.20626913522742
924,"03/27/2023, 16:50:55",56.693753299177125
925,"03/27/2023, 16:51:25",60.9272080422294
926,"03/27/2023, 16:51:55",64.70632328054644
927,"03/27/2023, 16:52:25",57.913006870051234
928,"03/27/2023, 16:52:55",60.26546646483463
929,"03/27/2023, 16:53:25",61.80734548206799
930,"03/27/2023, 16:53:55",60.1242385499146
931,"03/27/2023, 16:54:25",62.26464485328361
932,"03/27/2023, 16:54:55",62.82405961807172
933,"03/27/2023, 16:55:25",57.79693782021422
934,"03/27/2023, 16:55:55",59.76757463903115
935,"03/27/2023, 16:56:25",61.770558570097776
936,"03/27/2023, 16:56:56",58.91090471200121
937,"03/27/2023, 16:57:26",60.90944884334729
938,"03/27/2023, 16:57:56",58.50371165191738
939,"03/27/2023, 16:58:26",57.15506963204468
940,"03/27/2023, 16:58:56",60.370753143921725
941,"03/27/2023, 16:59:26",58.82294722698073
942,"03/27/2023, 16:59:56",64.07460320602388
943,"03/27/2023, 17:00:26",59.28553924080111
944,"03/27/2023, 17:00:56",54.78569651451633
945,"03/27/2023, 17:01:26",67.6541388759509
946,"03/27/2023, 17:01:56",62.04519189566834
947,"03/27/2023, 17:02:27",63.0196222248098
948,"03/27/2023, 17:02:57",62.77078202142521
949,"03/27/2023, 17:03:27",57.06141099984471
950,"03/27/2023, 17:03:57",62.50862241887904
951,"03/27/2023, 17:04:27",58.16501835895044
952,"03/27/2023, 17:04:57",61.43715075298862
953,"03/27/2023, 17:05:27",67.15730414531902
954,"03/27/2023, 17:05:57",63.95620854680946
955,"03/27/2023, 17:06:27",61.98409179475233
956,"03/27/2023, 17:06:57",63.33379090979659
957,"03/27/2023, 17:07:28",58.151064702685886
958,"03/27/2023, 17:07:58",70.16051152771306
959,"03/27/2023, 17:08:28",64.89956027790713
960,"03/27/2023, 17:08:58",66.37505371836667
961,"03/27/2023, 17:09:28",68.8022839838271
962,"03/27/2023, 17:09:58",69.12519251668992
963,"03/27/2023, 17:10:28",65.42324522589654
964,"03/27/2023, 17:10:58",68.98121615432383
965,"03/27/2023, 17:35:27",62.47051522648632
966,"03/27/2023, 17:35:57",59.75813177131205
967,"03/27/2023, 17:36:28",59.11776436569028
968,"03/27/2023, 17:36:58",57.82772664112008
969,"03/27/2023, 17:37:28",56.2351854137556
970,"03/27/2023, 17:37:58",58.441554455829824
971,"03/27/2023, 17:38:28",55.80515909796615
972,"03/27/2023, 17:38:58",56.57599289706565
973,"03/27/2023, 17:39:28",66.5196643378357
974,"03/27/2023, 17:39:58",58.92062998757955
975,"03/27/2023, 17:40:28",64.55262164260205
976,"03/27/2023, 17:40:58",59.47391360037258
977,"03/27/2023, 17:41:29",55.959706412047794
978,"03/27/2023, 17:41:59",67.68712024530349
979,"03/27/2023, 17:42:29",55.75610988200588
980,"03/27/2023, 17:42:59",74.63012133209128
981,"03/27/2023, 18:19:43",62.47051522648632
982,"03/27/2023, 18:20:14",59.75813177131205
983,"03/27/2023, 18:20:44",59.11776436569028
984,"03/27/2023, 18:21:14",57.82772664112008
985,"03/27/2023, 18:21:44",56.2351854137556
986,"03/27/2023, 18:22:14",58.441554455829824
987,"03/27/2023, 18:22:44",55.80515909796615
988,"03/27/2023, 18:23:14",56.57599289706565
989,"03/27/2023, 18:23:45",66.5196643378357
990,"03/27/2023, 18:24:15",58.92062998757955
991,"03/27/2023, 18:24:45",64.55262164260205
992,"03/27/2023, 18:25:15",59.47391360037258
993,"03/27/2023, 18:25:45",55.959706412047794
994,"03/27/2023, 18:26:15",67.68712024530349
995,"03/27/2023, 18:26:46",55.75610988200588
996,"03/27/2023, 18:27:16",74.63012133209128
997,"03/27/2023, 18:27:46",82.07989384412356
998,"03/27/2023, 18:28:16",84.27082929669305
999,"03/27/2023, 18:28:46",79.66764566311154
1000,"03/27/2023, 18:29:16",71.89668463747863
1001,"03/27/2023, 18:29:47",56.24575636547115
1002,"03/27/2023, 18:30:17",63.08177942089736
1003,"03/27/2023, 18:30:47",62.11453733892252
1004,"03/27/2023, 18:31:17",58.074531012265126
1005,"03/27/2023, 18:31:47",57.87727705325258
1006,"03/27/2023, 18:32:17",58.35339271852192
1007,"03/27/2023, 18:32:47",59.43818378357396
1008,"03/27/2023, 18:33:18",56.68043390001549
1009,"03/27/2023, 18:33:48",59.2085827123117
1010,"03/27/2023, 18:34:18",60.162716814159246
1011,"03/27/2023, 18:34:48",56.56986174507063
1012,"03/27/2023, 18:35:18",54.39013150131964
1013,"03/27/2023, 18:35:48",56.05611349169378
1014,"03/27/2023, 18:36:19",55.79712517466231
1015,"03/27/2023, 18:36:49",55.1248126455519
1016,"03/27/2023, 18:37:19",54.114229661543206
1017,"03/27/2023, 18:37:49",53.17785475857784
1018,"03/27/2023, 18:38:19",57.17811430678462
1019,"03/27/2023, 18:38:49",54.29203306939913
1020,"03/27/2023, 18:39:20",54.27414128569885
1021,"03/27/2023, 18:39:50",58.23795792578788
1022,"03/27/2023, 18:40:20",54.71296836671321
1023,"03/27/2023, 18:40:50",56.24808197484861
1024,"03/27/2023, 18:41:20",55.49881291724885
1025,"03/27/2023, 18:41:50",56.31066200900481
1026,"03/27/2023, 18:42:20",56.58360398230087
1027,"03/27/2023, 18:42:51",53.08652173575528
1028,"03/27/2023, 18:43:21",54.867938518863504
1029,"03/27/2023, 18:43:51",54.270256908865065
1030,"03/27/2023, 18:44:21",56.77366969414685
1031,"03/27/2023, 18:44:51",54.65736516068932
1032,"03/27/2023, 18:45:21",55.89078380686226
1033,"03/27/2023, 18:45:52",54.697746196242775
1034,"03/27/2023, 18:46:22",57.3897447601304
1035,"03/27/2023, 18:46:52",56.02186360813537
1036,"03/27/2023, 18:47:22",57.96099899083989
1037,"03/27/2023, 18:47:52",59.860387595093904
1038,"03/27/2023, 18:48:22",53.57215125756869
1039,"03/27/2023, 18:48:52",56.762041647259714
1040,"03/27/2023, 18:49:23",56.38867563266572
1041,"03/27/2023, 18:49:53",57.586683382278224
1042,"03/27/2023, 18:50:23",55.56667842726282
1043,"03/27/2023, 18:50:53",55.37492136314236
1044,"03/27/2023, 18:51:23",53.044449347927305
1045,"03/27/2023, 18:51:53",57.706450473528925
1046,"03/27/2023, 18:52:24",56.972403586399615
1047,"03/27/2023, 18:52:54",58.682572154944864
1048,"03/27/2023, 18:53:24",58.32315979661542
1049,"03/27/2023, 18:53:54",58.10159264865702
1050,"03/27/2023, 18:54:24",61.11473672566371
1051,"03/27/2023, 18:54:54",62.94731691507528
1052,"03/27/2023, 18:55:25",52.77594717435176
1053,"03/27/2023, 18:55:55",66.46659816022354
1054,"03/27/2023, 18:56:25",57.84852406458622
1055,"03/27/2023, 18:56:55",60.78365451793199
1056,"03/27/2023, 18:57:25",69.04950450240645
1057,"03/27/2023, 18:57:55",64.7213340319826
1058,"03/27/2023, 18:58:26",53.87744034311438
1059,"03/27/2023, 18:58:56",75.17621669771769
1060,"03/27/2023, 18:59:26",83.58477453035238
1061,"03/27/2023, 18:59:56",48.72363912659628
1062,"03/27/2023, 19:00:26",59.78829370439368
1063,"03/27/2023, 19:00:56",73.45146021580493
1064,"03/27/2023, 19:01:27",64.67334191119386
1065,"03/28/2023, 08:09:32",62.47051522648632
1066,"03/28/2023, 08:10:02",59.75813177131205
1067,"03/28/2023, 08:10:32",59.11776436569028
1068,"03/28/2023, 08:11:02",57.82772664112008
1069,"03/28/2023, 08:11:32",56.2351854137556
1070,"03/28/2023, 08:12:03",58.441554455829824
1071,"03/28/2023, 08:12:33",55.80515909796615
1072,"03/28/2023, 08:13:03",56.57599289706565
1073,"03/28/2023, 08:13:33",66.5196643378357
1074,"03/28/2023, 08:14:03",58.92062998757955
1075,"03/28/2023, 08:14:34",64.55262164260205
1076,"03/28/2023, 08:15:04",59.47391360037258
1077,"03/28/2023, 08:15:34",55.959706412047794
1078,"03/28/2023, 08:16:04",67.68712024530349
1079,"03/28/2023, 08:16:34",55.75610988200588
1080,"03/28/2023, 08:17:04",74.63012133209128
1081,"03/28/2023, 08:17:35",82.07989384412356
1082,"03/28/2023, 08:18:05",84.27082929669305
1083,"03/28/2023, 08:18:35",79.66764566311154
1084,"03/28/2023, 08:19:05",71.89668463747863
1085,"03/28/2023, 08:19:35",56.24575636547115
1086,"03/28/2023, 08:20:05",63.08177942089736
1087,"03/28/2023, 08:20:36",62.11453733892252
1088,"03/28/2023, 08:21:06",58.074531012265126
1089,"03/28/2023, 08:21:36",57.87727705325258
1090,"03/28/2023, 08:22:06",58.35339271852192
1091,"03/28/2023, 08:22:36",59.43818378357396
1092,"03/28/2023, 08:23:07",56.68043390001549
1093,"03/28/2023, 08:23:37",59.2085827123117
1094,"03/28/2023, 08:24:07",60.162716814159246
1095,"03/28/2023, 08:24:37",56.56986174507063
1096,"03/28/2023, 08:25:07",54.39013150131964
1097,"03/28/2023, 08:25:37",56.05611349169378
1098,"03/28/2023, 08:26:07",55.79712517466231
1099,"03/28/2023, 08:26:38",55.1248126455519
1100,"03/28/2023, 08:27:08",54.114229661543206
1101,"03/28/2023, 08:27:38",53.17785475857784
1102,"03/28/2023, 08:28:08",57.17811430678462
1103,"03/28/2023, 08:28:38",54.29203306939913
1104,"03/28/2023, 08:29:08",54.27414128569885
1105,"03/28/2023, 08:29:39",58.23795792578788
1106,"03/28/2023, 08:30:09",54.71296836671321
1107,"03/28/2023, 08:30:39",56.24808197484861
1108,"03/28/2023, 08:31:09",55.49881291724885
1109,"03/28/2023, 08:31:39",56.31066200900481
1110,"03/28/2023, 08:32:09",56.58360398230087
1111,"03/28/2023, 08:32:39",53.08652173575528
1112,"03/28/2023, 08:33:10",54.867938518863504
1113,"03/28/2023, 08:33:40",54.270256908865065
1114,"03/28/2023, 08:34:10",56.77366969414685
1115,"03/28/2023, 08:34:40",54.65736516068932
1116,"03/28/2023, 08:35:10",55.89078380686226
1117,"03/28/2023, 08:35:41",54.697746196242775
1118,"03/28/2023, 08:36:11",57.3897447601304
1119,"03/28/2023, 08:36:41",56.02186360813537
1120,"03/28/2023, 08:37:11",57.96099899083989
1121,"03/28/2023, 08:37:41",59.860387595093904
1122,"03/28/2023, 08:38:11",53.57215125756869
1123,"03/28/2023, 08:38:41",56.762041647259714
1124,"03/28/2023, 08:39:12",56.38867563266572
1125,"03/28/2023, 08:39:42",57.586683382278224
1126,"03/28/2023, 08:40:12",55.56667842726282
1127,"03/28/2023, 08:40:42",55.37492136314236
1128,"03/28/2023, 08:41:12",53.044449347927305
1129,"03/28/2023, 08:41:42",57.706450473528925
1130,"03/28/2023, 08:42:12",56.972403586399615
1131,"03/28/2023, 08:42:42",58.682572154944864
1132,"03/28/2023, 08:43:12",58.32315979661542
1133,"03/28/2023, 08:43:42",58.10159264865702
1134,"03/28/2023, 08:44:13",61.11473672566371
1135,"03/28/2023, 08:44:43",62.94731691507528
1136,"03/28/2023, 08:45:13",52.77594717435176
1137,"03/28/2023, 08:45:43",66.46659816022354
1138,"03/28/2023, 08:46:13",57.84852406458622
1139,"03/28/2023, 08:46:43",60.78365451793199
1140,"03/28/2023, 08:47:13",69.04950450240645
1141,"03/28/2023, 08:47:43",64.7213340319826
1142,"03/28/2023, 08:48:13",53.87744034311438
1143,"03/28/2023, 08:48:43",75.17621669771769
1144,"03/28/2023, 08:49:13",83.58477453035238
1145,"03/28/2023, 08:49:44",48.72363912659628
1146,"03/28/2023, 08:50:14",59.78829370439368
1147,"03/28/2023, 08:50:44",73.45146021580493
1148,"03/28/2023, 08:51:14",64.67334191119386
1149,"03/28/2023, 08:51:44",62.15449553640736
1150,"03/28/2023, 08:52:14",66.22473478497126
1151,"03/28/2023, 08:52:44",67.90319049836978
1152,"03/28/2023, 08:53:14",62.41454094861043
1153,"03/28/2023, 08:53:44",61.98134334730629
1154,"03/28/2023, 08:54:14",64.2746056124825
1155,"03/28/2023, 08:54:44",62.79424953423377
1156,"03/28/2023, 08:55:15",65.1207045877969
1157,"03/28/2023, 08:55:45",60.92361391864613
1158,"03/28/2023, 08:56:15",64.97947667287686
1159,"03/28/2023, 08:56:45",62.16316371681412
1160,"03/28/2023, 08:57:15",57.90708713709048
1161,"03/28/2023, 08:57:45",60.93524196553326
1162,"03/28/2023, 08:58:15",58.15508166433779
1163,"03/28/2023, 08:58:45",59.55953830926871
1164,"03/28/2023, 08:59:15",57.02589260208039
1165,"03/28/2023, 08:59:45",59.92529323862755
1166,"03/28/2023, 09:00:15",57.01757200889951
1167,"03/28/2023, 09:00:45",56.64343556901101
1168,"03/28/2023, 09:01:15",58.84557623039897
1169,"03/28/2023, 09:01:46",59.07433162552397
1170,"03/28/2023, 09:02:16",60.51092396367021
1171,"03/28/2023, 09:02:46",57.17388592609841
1172,"03/28/2023, 09:03:16",62.79065541065049
1173,"03/28/2023, 09:03:46",60.72826273094238
1174,"03/28/2023, 09:04:16",58.63288868188167
1175,"03/28/2023, 09:04:46",63.74309816022357
1176,"03/28/2023, 09:05:16",55.17957017543856
1177,"03/28/2023, 09:05:46",62.489594705791
1178,"03/28/2023, 09:06:16",60.56462439838533
1179,"03/28/2023, 09:06:46",57.85296386430676
1180,"03/28/2023, 09:07:17",51.43914462040054
1181,"03/28/2023, 09:07:47",61.13017031516844
1182,"03/28/2023, 09:08:17",57.988906303369006
1183,"03/28/2023, 09:08:47",56.49523082595866
1184,"03/28/2023, 09:09:17",57.24301995031825
1185,"03/28/2023, 09:09:47",53.26390230554259
1186,"03/28/2023, 09:10:17",51.810643697420375
1187,"03/28/2023, 09:10:47",57.49693421052626
1188,"03/28/2023, 09:11:17",57.77283605030269
1189,"03/28/2023, 09:11:47",56.64026428349632
1190,"03/28/2023, 09:12:17",58.42168106660456
1191,"03/28/2023, 09:12:48",56.58635242974691
1192,"03/28/2023, 09:13:18",58.096095753764935
1193,"03/28/2023, 09:13:48",61.42087148734664
1194,"03/28/2023, 09:14:18",55.14997151063498
1195,"03/28/2023, 09:14:48",61.1111426020804
1196,"03/28/2023, 09:15:18",57.88467671945346
1197,"03/28/2023, 09:15:48",59.43733810743672
1198,"03/28/2023, 09:16:18",60.74813612016766
1199,"03/28/2023, 09:16:48",59.8756097655643
1200,"03/28/2023, 09:17:18",59.42528722248097
1201,"03/28/2023, 09:17:48",60.151723024375045
1202,"03/28/2023, 09:18:19",63.47417314857939
1203,"03/28/2023, 09:18:49",59.32190331470264
1204,"03/28/2023, 09:19:19",62.12616538580964
1205,"03/28/2023, 09:19:49",62.82152258965998
1206,"03/28/2023, 09:20:19",55.40763397948523
1207,"03/28/2023, 09:20:49",61.90734668529729
1208,"03/28/2023, 09:21:19",59.164607553174974
1209,"03/28/2023, 09:21:49",60.40225458003415
1210,"03/28/2023, 09:22:19",60.41536256016142
1211,"03/28/2023, 09:22:49",62.033775267815535
1212,"03/28/2023, 09:23:19",53.82564267970808
1213,"03/28/2023, 09:23:49",66.13593879056043
1214,"03/28/2023, 09:24:20",59.66545924545876
1215,"03/28/2023, 09:24:50",59.53480228225428
1216,"03/28/2023, 09:25:20",62.26126214873465
1217,"03/28/2023, 09:25:50",57.44957634684053
1218,"03/28/2023, 09:26:20",60.04833911659677
1219,"03/28/2023, 09:26:50",58.4595250737463
1220,"03/28/2023, 09:27:20",63.86360700978108
1221,"03/28/2023, 09:27:50",55.49331602235675
1222,"03/28/2023, 09:28:20",58.30265215028719
1223,"03/28/2023, 09:28:50",55.49902433628316
1224,"03/28/2023, 09:29:20",61.50459342493397
1225,"03/28/2023, 09:29:50",58.80625229001704
1226,"03/28/2023, 09:30:20",55.78238317623589
1227,"03/28/2023, 09:30:51",55.26800225183949
1228,"03/28/2023, 09:31:21",52.24795859483341
1229,"03/28/2023, 09:31:51",62.71517881540132
1230,"03/28/2023, 09:32:21",61.84476665114109
1231,"03/28/2023, 09:32:51",59.468416705480486
1232,"03/28/2023, 09:33:21",64.40420548051542
1233,"03/28/2023, 09:33:51",59.8324802825648
1234,"03/28/2023, 09:34:21",61.98980010867875
1235,"03/28/2023, 09:34:51",59.91155100139728
1236,"03/28/2023, 09:35:21",62.18113433473061
1237,"03/28/2023, 09:35:51",62.84647003570871
1238,"03/28/2023, 09:36:22",58.77517369197325
1239,"03/28/2023, 09:36:52",60.22635394348699
1240,"03/28/2023, 09:37:22",61.49444531128704
1241,"03/28/2023, 09:37:52",60.46948583294517
1242,"03/28/2023, 09:38:22",60.83312657196086
1243,"03/28/2023, 09:38:52",61.69529339388289
1244,"03/28/2023, 09:39:22",55.41022834187233
1245,"03/28/2023, 09:39:52",59.54537323396982
1246,"03/28/2023, 09:40:22",59.577720346219536
1247,"03/28/2023, 09:40:52",56.29408890673884
1248,"03/28/2023, 09:41:23",58.536058764167045
1249,"03/28/2023, 09:41:53",57.21511263778911
1250,"03/28/2023, 09:42:23",60.20626913522742
1251,"03/28/2023, 09:42:53",56.693753299177125
1252,"03/28/2023, 09:43:23",60.9272080422294
1253,"03/28/2023, 09:43:53",64.70632328054644
1254,"03/28/2023, 09:44:23",57.913006870051234
1255,"03/28/2023, 09:44:53",60.26546646483463
1256,"03/28/2023, 09:45:23",61.80734548206799
1257,"03/28/2023, 09:45:53",60.1242385499146
1258,"03/28/2023, 09:46:23",62.26464485328361
1259,"03/28/2023, 09:46:54",62.82405961807172
1260,"03/28/2023, 09:47:24",57.79693782021422
1261,"03/28/2023, 09:47:54",59.76757463903115
1262,"03/28/2023, 09:48:24",61.770558570097776
1263,"03/28/2023, 09:48:54",58.91090471200121
1264,"03/28/2023, 09:49:24",60.90944884334729
1265,"03/28/2023, 09:49:54",58.50371165191738
1266,"03/28/2023, 09:50:24",57.15506963204468
1267,"03/28/2023, 09:50:54",60.370753143921725
1268,"03/28/2023, 09:51:24",58.82294722698073
1269,"03/28/2023, 09:51:54",64.07460320602388
1270,"03/28/2023, 09:52:24",59.28553924080111
1271,"03/28/2023, 09:52:55",54.78569651451633
1272,"03/28/2023, 09:53:25",67.6541388759509
1273,"03/28/2023, 09:53:55",62.04519189566834
1274,"03/28/2023, 09:54:25",63.0196222248098
1275,"03/28/2023, 09:54:55",62.77078202142521
1276,"03/28/2023, 09:55:25",57.06141099984471
1277,"03/28/2023, 09:55:55",62.50862241887904
1278,"03/28/2023, 09:56:25",58.16501835895044
1279,"03/28/2023, 09:56:55",61.43715075298862
1280,"03/28/2023, 09:57:25",67.15730414531902
1281,"03/28/2023, 09:57:55",63.95620854680946
1282,"03/28/2023, 09:58:26",61.98409179475233
1283,"03/28/2023, 09:58:56",63.33379090979659
1284,"03/28/2023, 09:59:26",58.151064702685886
1285,"03/28/2023, 09:59:56",70.16051152771306
1286,"03/28/2023, 10:00:26",64.89956027790713
1287,"03/28/2023, 10:00:56",66.37505371836667
1288,"03/28/2023, 10:01:26",68.8022839838271
1289,"03/28/2023, 10:01:56",69.12519251668992
1290,"03/28/2023, 10:02:26",65.42324522589654
1291,"03/28/2023, 10:02:56",68.98121615432383
1292,"03/28/2023, 10:03:26",69.10870183201364
1293,"03/28/2023, 10:03:57",65.0266231175283
1294,"03/28/2023, 10:04:27",68.12243203695074
1295,"03/28/2023, 10:04:57",65.23508228535938
1296,"03/28/2023, 10:05:27",66.38985305076852
1297,"03/28/2023, 10:05:57",64.5959625446359
1298,"03/28/2023, 10:06:27",63.34415044247785
1299,"03/28/2023, 10:06:57",64.83888301505974
1300,"03/28/2023, 10:07:27",60.82276703927955
1301,"03/28/2023, 10:07:57",60.42635634994564
1302,"03/28/2023, 10:08:27",62.47268118304609
1303,"03/28/2023, 10:08:57",61.13165024840861
1304,"03/28/2023, 10:09:28",59.41239066138796
1305,"03/28/2023, 10:09:58",57.379173808414826
1306,"03/28/2023, 10:10:28",59.030567885421526
1307,"03/28/2023, 10:10:58",58.29673241732648
1308,"03/28/2023, 10:11:28",57.086358445893495
1309,"03/28/2023, 10:11:58",60.546621530107714
1310,"03/28/2023, 10:12:28",57.7914409253221
1311,"03/28/2023, 10:12:58",55.574078093463726
1312,"03/28/2023, 10:13:28",58.30328640739014
1313,"03/28/2023, 10:13:58",62.09360685452568
1314,"03/28/2023, 10:14:28",59.65044849402265
1315,"03/28/2023, 10:14:59",56.68254809035862
1316,"03/28/2023, 10:15:29",59.09103372923457
1317,"03/28/2023, 10:15:59",59.93966973296068
1318,"03/28/2023, 10:16:29",60.77460162420047
1319,"03/28/2023, 10:16:59",59.06783496943572
1320,"03/28/2023, 10:17:29",57.27008158671012
1321,"03/28/2023, 10:17:59",60.47963394659213
1322,"03/28/2023, 10:18:29",57.85021541686071
1323,"03/28/2023, 10:18:59",61.22256043316251
1324,"03/28/2023, 10:19:29",60.24622733271227
1325,"03/28/2023, 10:19:59",54.9744937121565
1326,"03/28/2023, 10:20:30",62.843721588262696
1327,"03/28/2023, 10:21:00",61.44687602856697
1328,"03/28/2023, 10:21:30",60.75617004347147
1329,"03/28/2023, 10:22:00",62.80973687434048
1330,"03/28/2023, 10:22:30",53.14423913212232
