,Date,H_TDH_U_L2_N
0,"03/25/2023, 10:35:28",6.080542888736474
1,"03/25/2023, 10:35:58",5.907459502454394
2,"03/25/2023, 10:36:28",5.175363894955599
3,"03/25/2023, 10:36:58",5.189215660227285
4,"03/25/2023, 10:37:28",5.483338925240147
5,"03/25/2023, 10:37:58",6.995030471251569
6,"03/25/2023, 10:38:29",6.647390052902688
7,"03/25/2023, 10:38:59",6.668929399276066
8,"03/25/2023, 10:39:29",5.907872494083253
9,"03/25/2023, 10:39:59",6.417637024919946
10,"03/25/2023, 10:40:29",5.776783568843103
11,"03/25/2023, 10:40:59",6.345375991925378
12,"03/25/2023, 10:41:30",7.60021662258109
13,"03/25/2023, 10:42:00",6.080187265070301
14,"03/25/2023, 10:42:30",7.305845555478211
15,"03/25/2023, 10:43:00",6.593657489906724
16,"03/25/2023, 10:43:30",6.012558349575385
17,"03/25/2023, 10:44:00",5.778868021717944
18,"03/25/2023, 10:44:31",6.278806967722757
19,"03/25/2023, 10:45:01",6.37386351454824
20,"03/25/2023, 10:45:31",7.288475114854517
21,"03/25/2023, 10:46:01",6.155227568564666
22,"03/25/2023, 10:46:31",6.390075925797019
23,"03/25/2023, 10:47:01",6.627471947654182
24,"03/25/2023, 10:47:31",6.752770726019769
25,"03/25/2023, 10:48:02",6.534134780036195
26,"03/25/2023, 10:48:32",6.234205171933732
27,"03/25/2023, 10:49:02",6.9985045593763004
28,"03/25/2023, 10:49:32",6.250185977307528
29,"03/25/2023, 10:50:02",5.450914102742586
30,"03/25/2023, 10:50:32",5.342754159125711
31,"03/25/2023, 10:51:02",5.65449566685229
32,"03/25/2023, 10:51:33",5.536608276486151
33,"03/25/2023, 10:52:03",5.405056139496031
34,"03/25/2023, 10:52:33",5.614891062230265
35,"03/25/2023, 10:53:03",5.541471999860781
36,"03/25/2023, 10:53:33",5.377495040373102
37,"03/25/2023, 10:54:03",4.864951239036615
38,"03/25/2023, 10:54:34",5.008546881525826
39,"03/25/2023, 10:55:04",5.035672247561922
40,"03/25/2023, 10:55:34",4.7632762599192535
41,"03/25/2023, 10:56:04",5.311487366003062
42,"03/25/2023, 10:56:34",5.361282629124321
43,"03/25/2023, 10:57:04",5.059731779896978
44,"03/25/2023, 10:57:35",4.838779775163581
45,"03/25/2023, 10:58:05",4.924242343032162
46,"03/25/2023, 10:58:35",5.243858450508141
47,"03/25/2023, 10:59:05",5.052088786022555
48,"03/25/2023, 10:59:35",5.054404844772378
49,"03/25/2023, 11:00:05",4.832526416539049
50,"03/25/2023, 11:00:35",4.988628776277318
51,"03/25/2023, 11:01:06",5.169976176388694
52,"03/25/2023, 11:01:36",5.404592927746066
53,"03/25/2023, 11:02:06",5.0009038876514005
54,"03/25/2023, 11:02:36",5.112074707643049
55,"03/25/2023, 11:03:06",4.8751418975358485
56,"03/25/2023, 11:03:37",4.950877018655158
57,"03/25/2023, 11:04:07",5.496772065989142
58,"03/25/2023, 11:04:37",5.108369013643326
59,"03/25/2023, 11:05:07",5.072933314770988
60,"03/25/2023, 11:05:37",4.9652483594739945
61,"03/25/2023, 11:06:07",5.128518724766812
62,"03/25/2023, 11:06:37",5.202632604761243
63,"03/25/2023, 11:07:08",5.492834766114433
64,"03/25/2023, 11:07:38",5.026148928024503
65,"03/25/2023, 11:08:08",5.144267924265626
66,"03/25/2023, 11:08:38",4.925400372407076
67,"03/25/2023, 11:09:08",4.87004656828623
68,"03/25/2023, 11:09:38",5.128981936516777
69,"03/25/2023, 11:10:09",6.168429103438672
70,"03/25/2023, 11:10:39",5.669781654601142
71,"03/25/2023, 11:11:09",6.585319678407349
72,"03/25/2023, 11:11:39",5.427521909369339
73,"03/25/2023, 11:12:09",6.01024229082556
74,"03/25/2023, 11:12:39",5.648010702352778
75,"03/25/2023, 11:13:10",5.2072647222608905
76,"03/25/2023, 11:13:40",5.58316105735765
77,"03/25/2023, 11:14:10",6.796544236391478
78,"03/25/2023, 11:14:40",4.87421547403592
79,"03/25/2023, 11:15:10",5.178545593763052
80,"03/25/2023, 11:15:40",4.4536741623937885
81,"03/25/2023, 11:16:11",4.231972382709174
82,"03/25/2023, 11:16:41",4.845496345538074
83,"03/25/2023, 11:17:11",5.111611495893083
84,"03/25/2023, 11:17:41",4.78690005916748
85,"03/25/2023, 11:18:11",4.655116316302381
86,"03/25/2023, 11:18:41",4.41957314144508
87,"03/25/2023, 11:19:12",4.653263469302521
88,"03/25/2023, 11:19:42",4.738726037171094
89,"03/25/2023, 11:20:12",4.668781062926354
90,"03/25/2023, 11:20:42",4.806354952666019
91,"03/25/2023, 11:21:12",4.670633909926215
92,"03/25/2023, 11:21:42",4.854065762912431
93,"03/25/2023, 11:22:12",4.558768272309619
94,"03/25/2023, 11:22:43",4.715797055547823
95,"03/25/2023, 11:23:13",5.054868056522344
96,"03/25/2023, 11:23:43",5.001367099401365
97,"03/25/2023, 11:24:13",5.021980022274813
98,"03/25/2023, 11:24:43",4.921694678407352
99,"03/25/2023, 11:25:13",5.27396721425588
100,"03/25/2023, 11:25:43",5.063437473896697
101,"03/25/2023, 11:26:13",5.232340965131889
102,"03/25/2023, 11:26:43",5.253585897257414
103,"03/25/2023, 11:27:14",5.073164920645969
104,"03/25/2023, 11:27:44",5.081039520395377
105,"03/25/2023, 11:28:14",5.054404844772379
106,"03/25/2023, 11:28:44",5.357808540999582
107,"03/25/2023, 11:29:14",4.8904278852847005
108,"03/25/2023, 11:29:44",4.905250661283585
109,"03/25/2023, 11:30:14",5.081734338020327
110,"03/25/2023, 11:30:44",4.699353038424054
111,"03/25/2023, 11:31:14",5.229267280384242
112,"03/25/2023, 11:31:44",4.684530262425171
113,"03/25/2023, 11:32:14",4.91544131978282
114,"03/25/2023, 11:32:44",5.285084296255047
115,"03/25/2023, 11:33:15",5.893976141584296
116,"03/25/2023, 11:33:45",5.07061725602116
117,"03/25/2023, 11:34:15",5.278367725880548
118,"03/25/2023, 11:34:45",5.283694661005149
119,"03/25/2023, 11:35:15",5.219076621885003
120,"03/25/2023, 11:35:45",5.636893620353616
121,"03/25/2023, 11:36:15",5.801149291995932
122,"03/25/2023, 11:36:45",5.48496016636503
123,"03/25/2023, 11:37:15",5.286937143254905
124,"03/25/2023, 11:37:45",5.267019038006403
125,"03/25/2023, 11:38:15",5.009473305025753
126,"03/25/2023, 11:38:46",5.326078536126966
127,"03/25/2023, 11:39:16",5.195684428511765
128,"03/25/2023, 11:39:46",5.038655645273563
129,"03/25/2023, 11:40:16",5.504878271613533
130,"03/25/2023, 11:40:46",5.055331268272306
131,"03/25/2023, 11:41:16",5.255670350132254
132,"03/25/2023, 11:41:46",5.256828379507169
133,"03/25/2023, 11:42:16",5.067143167896418
134,"03/25/2023, 11:42:46",5.189662675762218
135,"03/25/2023, 11:43:16",5.3279313831268285
136,"03/25/2023, 11:43:46",5.313571818877906
137,"03/25/2023, 11:44:17",5.206801510510923
138,"03/25/2023, 11:44:47",5.39694993387164
139,"03/25/2023, 11:45:17",5.268177067381316
140,"03/25/2023, 11:45:47",5.160480335514405
141,"03/25/2023, 11:46:17",5.745563882000106
142,"03/25/2023, 11:46:47",5.281378602255322
143,"03/25/2023, 11:47:17",5.4886658603647485
144,"03/25/2023, 11:47:47",5.53498703536127
145,"03/25/2023, 11:48:17",5.689699759849643
146,"03/25/2023, 11:48:47",5.497235277739104
147,"03/25/2023, 11:49:17",6.0403510545733
148,"03/25/2023, 11:49:48",5.076639008770708
149,"03/25/2023, 11:50:18",5.358734964499512
150,"03/25/2023, 11:50:48",5.466663302241405
151,"03/25/2023, 11:51:18",5.122265366142281
152,"03/25/2023, 11:51:48",5.634809167478769
153,"03/25/2023, 11:52:18",5.40320329249617
154,"03/25/2023, 11:52:48",5.531049735486564
155,"03/25/2023, 11:53:18",5.07571258527078
156,"03/25/2023, 11:53:48",5.823567955589582
157,"03/25/2023, 11:54:18",5.5002461541138805
158,"03/25/2023, 11:54:48",5.834916643463732
159,"03/25/2023, 11:55:18",5.420342127244882
160,"03/25/2023, 11:55:48",5.4932979778644
161,"03/25/2023, 11:56:19",5.718006708400482
162,"03/25/2023, 11:56:49",5.81290269488752
163,"03/25/2023, 11:57:19",6.236411316031026
164,"03/25/2023, 11:57:49",5.386296063622441
165,"03/25/2023, 11:58:19",5.499782942363916
166,"03/25/2023, 11:58:49",5.555831564109702
167,"03/25/2023, 11:59:19",5.184104134762632
168,"03/25/2023, 11:59:49",5.513216083112907
169,"03/25/2023, 12:00:19",5.46735811986635
170,"03/25/2023, 12:00:49",5.522943529862174
171,"03/25/2023, 12:01:20",5.381663946122791
172,"03/25/2023, 12:01:50",5.280683784630377
173,"03/25/2023, 12:02:20",5.623228873729636
174,"03/25/2023, 12:02:50",5.524333165112071
175,"03/25/2023, 12:03:20",5.217223774885143
176,"03/25/2023, 12:03:50",5.416868039120143
177,"03/25/2023, 12:04:20",5.453924979117359
178,"03/25/2023, 12:04:50",5.4133939509954025
179,"03/25/2023, 12:05:20",5.916210305582629
180,"03/25/2023, 12:05:50",5.557684411109562
181,"03/25/2023, 12:06:21",5.365219928999021
182,"03/25/2023, 12:06:51",5.706701201282686
183,"03/25/2023, 12:07:21",5.497698489489069
184,"03/25/2023, 12:07:51",5.632724714603925
185,"03/25/2023, 12:08:21",5.478475201865517
186,"03/25/2023, 12:08:51",5.517153382987611
187,"03/25/2023, 12:09:21",5.10975864889322
188,"03/25/2023, 12:09:51",4.911504019908116
189,"03/25/2023, 12:10:21",5.397181539746623
190,"03/25/2023, 12:10:51",5.246174509257966
191,"03/25/2023, 12:11:21",5.220929468884868
192,"03/25/2023, 12:11:51",5.29620137825421
193,"03/25/2023, 12:12:22",5.144962741890574
194,"03/25/2023, 12:12:52",5.072933314770987
195,"03/25/2023, 12:13:22",5.478011990115553
196,"03/25/2023, 12:13:52",5.366841170123904
197,"03/25/2023, 12:14:22",5.271419549631073
198,"03/25/2023, 12:14:52",5.356187299874704
199,"03/25/2023, 12:15:22",5.1097586488932185
200,"03/25/2023, 12:15:52",5.548651781985243
201,"03/25/2023, 12:16:22",5.725135458721983
202,"03/25/2023, 12:16:52",5.486581407489904
203,"03/25/2023, 12:17:22",5.469992146003867
204,"03/25/2023, 12:17:53",4.955045924404844
205,"03/25/2023, 12:18:23",5.255207138382293
206,"03/25/2023, 12:18:53",5.70660698872337
207,"03/25/2023, 12:19:23",4.988397170402341
208,"03/25/2023, 12:19:53",5.259839255881942
209,"03/25/2023, 12:20:23",5.122265366142279
210,"03/25/2023, 12:20:53",4.823262181539744
211,"03/25/2023, 12:21:23",5.451608920367534
212,"03/25/2023, 12:21:53",5.008315275650842
213,"03/25/2023, 12:22:23",5.299212254628983
214,"03/25/2023, 12:22:53",5.204022240011135
215,"03/25/2023, 12:23:24",4.880932044410411
216,"03/25/2023, 12:23:54",5.057415721147153
217,"03/25/2023, 12:24:24",5.314498242377836
218,"03/25/2023, 12:24:54",5.160480335514407
219,"03/25/2023, 12:25:24",5.571117551858556
220,"03/25/2023, 12:25:54",4.940686360155921
221,"03/25/2023, 12:26:24",5.129445148266736
222,"03/25/2023, 12:26:54",5.060194991646945
223,"03/25/2023, 12:27:24",4.90872082388502
224,"03/25/2023, 12:27:54",4.977743300153136
225,"03/25/2023, 12:28:24",5.074786161770847
226,"03/25/2023, 12:28:54",4.8376217457886685
227,"03/25/2023, 12:29:25",4.787363270917447
228,"03/25/2023, 12:29:55",5.011094546150628
229,"03/25/2023, 12:30:25",4.900850149658915
230,"03/25/2023, 12:30:55",5.05255199777252
231,"03/25/2023, 12:31:25",4.9135884727829575
232,"03/25/2023, 12:31:55",5.015263451900318
233,"03/25/2023, 12:32:25",5.249416991507728
234,"03/25/2023, 12:32:55",5.098873172769037
235,"03/25/2023, 12:33:25",5.3615142349993015
236,"03/25/2023, 12:33:55",5.182714499512737
237,"03/25/2023, 12:34:25",5.044214186273142
238,"03/25/2023, 12:34:56",5.3362691946262
239,"03/25/2023, 12:35:26",5.380042704997913
240,"03/25/2023, 12:35:56",5.581308210357789
241,"03/25/2023, 12:36:26",5.304770795628564
242,"03/25/2023, 16:01:03",6.080542888736474
243,"03/25/2023, 16:01:33",5.907459502454394
244,"03/25/2023, 16:02:03",5.175363894955599
245,"03/25/2023, 16:02:33",5.189215660227285
246,"03/25/2023, 16:03:03",5.483338925240147
247,"03/25/2023, 16:03:34",6.995030471251569
248,"03/25/2023, 16:04:04",6.647390052902688
249,"03/25/2023, 16:04:34",6.668929399276066
250,"03/25/2023, 16:05:04",5.907872494083253
251,"03/25/2023, 16:05:34",6.417637024919946
252,"03/25/2023, 16:06:04",5.776783568843103
253,"03/25/2023, 16:06:34",6.345375991925378
254,"03/25/2023, 16:07:05",7.60021662258109
255,"03/25/2023, 16:07:35",6.080187265070301
256,"03/25/2023, 16:08:05",7.305845555478211
257,"03/25/2023, 16:08:35",6.593657489906724
258,"03/25/2023, 16:09:05",6.012558349575385
259,"03/25/2023, 16:09:35",5.778868021717944
260,"03/25/2023, 16:10:05",6.278806967722757
261,"03/25/2023, 16:10:36",6.37386351454824
262,"03/25/2023, 16:11:06",7.288475114854517
263,"03/25/2023, 16:11:36",6.155227568564666
264,"03/25/2023, 16:12:06",6.390075925797019
265,"03/25/2023, 16:12:36",6.627471947654182
266,"03/25/2023, 16:13:06",6.752770726019769
267,"03/25/2023, 16:13:36",6.534134780036195
268,"03/25/2023, 16:14:07",6.234205171933732
269,"03/25/2023, 16:14:37",6.9985045593763004
270,"03/25/2023, 16:15:07",6.250185977307528
271,"03/25/2023, 16:15:37",5.450914102742586
272,"03/25/2023, 16:16:07",5.342754159125711
273,"03/25/2023, 16:16:37",5.65449566685229
274,"03/25/2023, 16:17:07",5.536608276486151
275,"03/25/2023, 16:17:38",5.405056139496031
276,"03/25/2023, 16:18:08",5.614891062230265
277,"03/25/2023, 16:18:38",5.541471999860781
278,"03/25/2023, 16:19:08",5.377495040373102
279,"03/25/2023, 16:19:38",4.864951239036615
280,"03/25/2023, 16:20:08",5.008546881525826
281,"03/25/2023, 16:20:38",5.035672247561922
282,"03/25/2023, 16:21:09",4.7632762599192535
283,"03/25/2023, 16:21:39",5.311487366003062
284,"03/25/2023, 16:22:09",5.361282629124321
285,"03/25/2023, 16:22:39",5.059731779896978
286,"03/25/2023, 16:23:09",4.838779775163581
287,"03/25/2023, 16:23:39",4.924242343032162
288,"03/25/2023, 16:24:09",5.243858450508141
289,"03/25/2023, 16:24:40",5.052088786022555
290,"03/25/2023, 16:25:10",5.054404844772378
291,"03/25/2023, 16:25:40",4.832526416539049
292,"03/25/2023, 16:26:10",4.988628776277318
293,"03/25/2023, 16:26:40",5.169976176388694
294,"03/25/2023, 16:27:10",5.404592927746066
295,"03/25/2023, 16:27:41",5.0009038876514005
296,"03/25/2023, 16:28:11",5.112074707643049
297,"03/25/2023, 16:28:41",4.8751418975358485
298,"03/25/2023, 16:29:11",4.950877018655158
299,"03/25/2023, 16:29:41",5.496772065989142
300,"03/25/2023, 16:30:11",5.108369013643326
301,"03/25/2023, 16:30:41",5.072933314770988
302,"03/25/2023, 16:31:12",4.9652483594739945
303,"03/25/2023, 16:31:42",5.128518724766812
304,"03/25/2023, 16:32:12",5.202632604761243
305,"03/25/2023, 16:32:42",5.492834766114433
306,"03/25/2023, 16:33:12",5.026148928024503
307,"03/25/2023, 16:33:42",5.144267924265626
308,"03/25/2023, 16:34:13",4.925400372407076
309,"03/25/2023, 16:34:43",4.87004656828623
310,"03/25/2023, 16:35:13",5.128981936516777
311,"03/25/2023, 16:35:43",6.168429103438672
312,"03/25/2023, 16:36:13",5.669781654601142
313,"03/25/2023, 16:36:44",6.585319678407349
314,"03/25/2023, 16:37:14",5.427521909369339
315,"03/25/2023, 16:37:44",6.01024229082556
316,"03/25/2023, 16:38:14",5.648010702352778
317,"03/25/2023, 16:38:44",5.2072647222608905
318,"03/25/2023, 16:39:14",5.58316105735765
319,"03/25/2023, 16:39:44",6.796544236391478
320,"03/25/2023, 16:40:15",4.87421547403592
321,"03/25/2023, 16:40:45",5.178545593763052
322,"03/25/2023, 16:41:15",4.4536741623937885
323,"03/25/2023, 16:41:45",4.231972382709174
324,"03/25/2023, 16:42:15",4.845496345538074
325,"03/25/2023, 16:42:45",5.111611495893083
326,"03/25/2023, 16:43:16",4.78690005916748
327,"03/25/2023, 16:43:46",4.655116316302381
328,"03/25/2023, 16:44:16",4.41957314144508
329,"03/25/2023, 16:44:46",4.653263469302521
330,"03/25/2023, 16:45:16",4.738726037171094
331,"03/25/2023, 16:45:46",4.668781062926354
332,"03/25/2023, 16:46:16",4.806354952666019
333,"03/25/2023, 16:46:47",4.670633909926215
334,"03/25/2023, 16:47:17",4.854065762912431
335,"03/25/2023, 16:47:47",4.558768272309619
336,"03/25/2023, 16:48:17",4.715797055547823
337,"03/25/2023, 16:48:47",5.054868056522344
338,"03/25/2023, 16:49:17",5.001367099401365
339,"03/25/2023, 16:49:47",5.021980022274813
340,"03/25/2023, 16:50:18",4.921694678407352
341,"03/25/2023, 16:50:48",5.27396721425588
342,"03/25/2023, 16:51:18",5.063437473896697
343,"03/25/2023, 16:51:48",5.232340965131889
344,"03/25/2023, 16:52:18",5.253585897257414
345,"03/25/2023, 16:52:48",5.073164920645969
346,"03/25/2023, 16:53:18",5.081039520395377
347,"03/25/2023, 16:53:48",5.054404844772379
348,"03/25/2023, 16:54:19",5.357808540999582
349,"03/25/2023, 16:54:49",4.8904278852847005
350,"03/25/2023, 16:55:19",4.905250661283585
351,"03/25/2023, 16:55:49",5.081734338020327
352,"03/25/2023, 16:56:19",4.699353038424054
353,"03/25/2023, 16:56:49",5.229267280384242
354,"03/25/2023, 16:57:20",4.684530262425171
355,"03/25/2023, 16:57:50",4.91544131978282
356,"03/25/2023, 16:58:20",5.285084296255047
357,"03/25/2023, 16:58:50",5.893976141584296
358,"03/25/2023, 16:59:20",5.07061725602116
359,"03/25/2023, 16:59:50",5.278367725880548
360,"03/25/2023, 17:00:21",5.283694661005149
361,"03/25/2023, 17:00:51",5.219076621885003
362,"03/25/2023, 17:01:21",5.636893620353616
363,"03/25/2023, 17:01:51",5.801149291995932
364,"03/25/2023, 17:02:21",5.48496016636503
365,"03/25/2023, 17:02:51",5.286937143254905
366,"03/25/2023, 17:03:21",5.267019038006403
367,"03/25/2023, 17:03:52",5.009473305025753
368,"03/25/2023, 17:04:22",5.326078536126966
369,"03/25/2023, 17:04:52",5.195684428511765
370,"03/25/2023, 17:05:22",5.038655645273563
371,"03/25/2023, 17:05:52",5.504878271613533
372,"03/25/2023, 17:06:22",5.055331268272306
373,"03/25/2023, 17:06:53",5.255670350132254
374,"03/25/2023, 17:07:23",5.256828379507169
375,"03/25/2023, 17:07:53",5.067143167896418
376,"03/25/2023, 17:08:23",5.189662675762218
377,"03/25/2023, 17:08:53",5.3279313831268285
378,"03/25/2023, 17:09:23",5.313571818877906
379,"03/25/2023, 17:09:53",5.206801510510923
380,"03/25/2023, 17:10:24",5.39694993387164
381,"03/25/2023, 17:10:54",5.268177067381316
382,"03/25/2023, 17:11:24",5.160480335514405
383,"03/25/2023, 17:11:54",5.745563882000106
384,"03/25/2023, 17:12:24",5.281378602255322
385,"03/25/2023, 17:12:54",5.4886658603647485
386,"03/25/2023, 17:13:25",5.53498703536127
387,"03/25/2023, 17:13:55",5.689699759849643
388,"03/25/2023, 17:14:25",5.497235277739104
389,"03/25/2023, 17:14:55",6.0403510545733
390,"03/25/2023, 17:15:25",5.076639008770708
391,"03/25/2023, 17:15:55",5.358734964499512
392,"03/25/2023, 17:16:25",5.466663302241405
393,"03/25/2023, 17:16:56",5.122265366142281
394,"03/25/2023, 17:17:26",5.634809167478769
395,"03/25/2023, 17:17:56",5.40320329249617
396,"03/25/2023, 17:18:26",5.531049735486564
397,"03/25/2023, 17:18:56",5.07571258527078
398,"03/25/2023, 17:19:26",5.823567955589582
399,"03/25/2023, 17:19:56",5.5002461541138805
400,"03/25/2023, 17:20:26",5.834916643463732
401,"03/25/2023, 17:20:56",5.420342127244882
402,"03/25/2023, 17:21:27",5.4932979778644
403,"03/25/2023, 17:21:57",5.718006708400482
404,"03/25/2023, 17:22:27",5.81290269488752
405,"03/25/2023, 17:22:57",6.236411316031026
406,"03/25/2023, 17:23:27",5.386296063622441
407,"03/25/2023, 17:23:57",5.499782942363916
408,"03/25/2023, 17:24:27",5.555831564109702
409,"03/25/2023, 17:24:57",5.184104134762632
410,"03/25/2023, 17:25:27",5.513216083112907
411,"03/25/2023, 17:25:57",5.46735811986635
412,"03/25/2023, 17:26:27",5.522943529862174
413,"03/25/2023, 17:26:58",5.381663946122791
414,"03/25/2023, 17:27:28",5.280683784630377
415,"03/25/2023, 17:27:58",5.623228873729636
416,"03/25/2023, 17:28:28",5.524333165112071
417,"03/25/2023, 17:28:58",5.217223774885143
418,"03/25/2023, 17:29:28",5.416868039120143
419,"03/25/2023, 17:29:58",5.453924979117359
420,"03/25/2023, 17:30:28",5.4133939509954025
421,"03/25/2023, 17:30:58",5.916210305582629
422,"03/25/2023, 17:31:28",5.557684411109562
423,"03/25/2023, 17:31:59",5.365219928999021
424,"03/25/2023, 17:32:29",5.706701201282686
425,"03/25/2023, 17:32:59",5.497698489489069
426,"03/25/2023, 17:33:29",5.632724714603925
427,"03/25/2023, 17:33:59",5.478475201865517
428,"03/25/2023, 17:34:29",5.517153382987611
429,"03/25/2023, 17:34:59",5.10975864889322
430,"03/25/2023, 17:35:29",4.911504019908116
431,"03/25/2023, 17:35:59",5.397181539746623
432,"03/25/2023, 17:36:29",5.246174509257966
433,"03/25/2023, 17:36:59",5.220929468884868
434,"03/25/2023, 17:37:29",5.29620137825421
435,"03/25/2023, 17:38:00",5.144962741890574
436,"03/25/2023, 17:38:30",5.072933314770987
437,"03/25/2023, 17:39:00",5.478011990115553
438,"03/25/2023, 17:39:30",5.366841170123904
439,"03/25/2023, 17:40:00",5.271419549631073
440,"03/25/2023, 17:40:30",5.356187299874704
441,"03/25/2023, 17:41:00",5.1097586488932185
442,"03/25/2023, 17:41:30",5.548651781985243
443,"03/25/2023, 17:42:00",5.725135458721983
444,"03/25/2023, 17:42:30",5.486581407489904
445,"03/25/2023, 17:43:00",5.469992146003867
446,"03/25/2023, 17:43:30",4.955045924404844
447,"03/25/2023, 17:44:01",5.255207138382293
448,"03/25/2023, 17:44:31",5.70660698872337
449,"03/25/2023, 17:45:01",4.988397170402341
450,"03/25/2023, 17:45:31",5.259839255881942
451,"03/25/2023, 17:46:01",5.122265366142279
452,"03/25/2023, 17:46:31",4.823262181539744
453,"03/25/2023, 17:47:01",5.451608920367534
454,"03/25/2023, 17:47:31",5.008315275650842
455,"03/25/2023, 17:48:01",5.299212254628983
456,"03/25/2023, 17:48:31",5.204022240011135
457,"03/25/2023, 17:49:01",4.880932044410411
458,"03/25/2023, 17:49:32",5.057415721147153
459,"03/25/2023, 17:50:02",5.314498242377836
460,"03/25/2023, 17:50:32",5.160480335514407
461,"03/25/2023, 17:51:02",5.571117551858556
462,"03/25/2023, 17:51:32",4.940686360155921
463,"03/25/2023, 17:52:02",5.129445148266736
464,"03/25/2023, 17:52:32",5.060194991646945
465,"03/25/2023, 17:53:02",4.90872082388502
466,"03/25/2023, 17:53:32",4.977743300153136
467,"03/25/2023, 17:54:02",5.074786161770847
468,"03/25/2023, 17:54:32",4.8376217457886685
469,"03/25/2023, 17:55:03",4.787363270917447
470,"03/25/2023, 17:55:33",5.011094546150628
471,"03/25/2023, 17:56:03",4.900850149658915
472,"03/25/2023, 17:56:33",5.05255199777252
473,"03/25/2023, 17:57:03",4.9135884727829575
474,"03/25/2023, 17:57:33",5.015263451900318
475,"03/25/2023, 17:58:03",5.249416991507728
476,"03/25/2023, 17:58:33",5.098873172769037
477,"03/25/2023, 17:59:03",5.3615142349993015
478,"03/25/2023, 17:59:33",5.182714499512737
479,"03/25/2023, 18:00:03",5.044214186273142
480,"03/25/2023, 18:00:34",5.3362691946262
481,"03/25/2023, 18:01:04",5.380042704997913
482,"03/25/2023, 18:01:34",5.581308210357789
483,"03/25/2023, 18:02:04",5.304770795628564
484,"03/25/2023, 18:02:34",5.219771439509954
485,"03/25/2023, 18:03:04",5.255207138382289
486,"03/25/2023, 18:03:34",5.123054396326542
487,"03/25/2023, 18:04:04",5.239689544758455
488,"03/25/2023, 18:04:34",5.57250718710845
489,"03/25/2023, 18:05:04",5.320519995127381
490,"03/25/2023, 18:05:34",5.038887251148544
491,"03/25/2023, 18:06:04",5.228804068634278
492,"03/25/2023, 18:06:35",5.4252058506195215
493,"03/25/2023, 18:07:05",5.347386276625366
494,"03/25/2023, 18:07:35",5.182019681887791
495,"03/25/2023, 18:08:05",5.141777211905159
496,"03/25/2023, 18:08:35",5.305826761397556
497,"03/25/2023, 18:09:05",5.362209052624251
498,"03/25/2023, 18:09:35",5.167660117638868
499,"03/25/2023, 18:10:05",5.447903226367815
500,"03/25/2023, 18:10:35",5.139635806765975
501,"03/25/2023, 18:11:05",5.251269838507586
502,"03/25/2023, 18:11:35",5.73833699359599
503,"03/25/2023, 18:12:06",5.001830311151329
504,"03/25/2023, 18:12:36",5.23297297438396
505,"03/25/2023, 18:13:06",5.227182827509394
506,"03/25/2023, 18:13:36",5.122112270733393
507,"03/25/2023, 18:14:06",5.874984459835721
508,"03/25/2023, 18:14:36",5.698269177223996
509,"03/25/2023, 18:15:06",4.837158534038703
510,"03/25/2023, 18:15:36",5.049541121397744
511,"03/25/2023, 18:16:06",4.963152130029233
512,"03/25/2023, 18:16:36",4.9485609599053335
513,"03/25/2023, 18:17:06",5.658896178476958
514,"03/25/2023, 18:17:37",4.629871275929278
515,"03/27/2023, 13:16:07",6.080542888736474
516,"03/27/2023, 13:16:37",5.907459502454394
517,"03/27/2023, 13:17:07",5.175363894955599
518,"03/27/2023, 13:17:38",5.189215660227285
519,"03/27/2023, 13:18:08",5.483338925240147
520,"03/27/2023, 13:18:38",6.995030471251569
521,"03/27/2023, 13:19:08",6.647390052902688
522,"03/27/2023, 13:19:38",6.668929399276066
523,"03/27/2023, 13:20:08",5.907872494083253
524,"03/27/2023, 13:20:38",6.417637024919946
525,"03/27/2023, 13:21:09",5.776783568843103
526,"03/27/2023, 13:21:39",6.345375991925378
527,"03/27/2023, 13:22:09",7.60021662258109
528,"03/27/2023, 13:22:39",6.080187265070301
529,"03/27/2023, 13:23:09",7.305845555478211
530,"03/27/2023, 13:23:39",6.593657489906724
531,"03/27/2023, 13:24:10",6.012558349575385
532,"03/27/2023, 13:24:40",5.778868021717944
533,"03/27/2023, 13:25:10",6.278806967722757
534,"03/27/2023, 13:25:40",6.37386351454824
535,"03/27/2023, 13:26:10",7.288475114854517
536,"03/27/2023, 13:26:40",6.155227568564666
537,"03/27/2023, 13:27:11",6.390075925797019
538,"03/27/2023, 13:27:41",6.627471947654182
539,"03/27/2023, 13:28:11",6.752770726019769
540,"03/27/2023, 13:28:41",6.534134780036195
541,"03/27/2023, 13:29:11",6.234205171933732
542,"03/27/2023, 13:29:41",6.9985045593763004
543,"03/27/2023, 13:30:11",6.250185977307528
544,"03/27/2023, 13:30:42",5.450914102742586
545,"03/27/2023, 13:31:12",5.342754159125711
546,"03/27/2023, 13:31:42",5.65449566685229
547,"03/27/2023, 13:32:12",5.536608276486151
548,"03/27/2023, 13:32:42",5.405056139496031
549,"03/27/2023, 13:33:12",5.614891062230265
550,"03/27/2023, 13:33:42",5.541471999860781
551,"03/27/2023, 13:34:13",5.377495040373102
552,"03/27/2023, 13:34:43",4.864951239036615
553,"03/27/2023, 13:35:13",5.008546881525826
554,"03/27/2023, 13:35:43",5.035672247561922
555,"03/27/2023, 13:36:13",4.7632762599192535
556,"03/27/2023, 13:36:43",5.311487366003062
557,"03/27/2023, 13:37:13",5.361282629124321
558,"03/27/2023, 13:37:43",5.059731779896978
559,"03/27/2023, 13:38:13",4.838779775163581
560,"03/27/2023, 13:38:43",4.924242343032162
561,"03/27/2023, 13:39:14",5.243858450508141
562,"03/27/2023, 13:39:44",5.052088786022555
563,"03/27/2023, 13:40:14",5.054404844772378
564,"03/27/2023, 13:40:44",4.832526416539049
565,"03/27/2023, 13:41:14",4.988628776277318
566,"03/27/2023, 13:41:44",5.169976176388694
567,"03/27/2023, 13:42:14",5.404592927746066
568,"03/27/2023, 13:42:44",5.0009038876514005
569,"03/27/2023, 13:43:14",5.112074707643049
570,"03/27/2023, 13:43:44",4.8751418975358485
571,"03/27/2023, 13:44:14",4.950877018655158
572,"03/27/2023, 13:44:44",5.496772065989142
573,"03/27/2023, 13:45:15",5.108369013643326
574,"03/27/2023, 13:45:45",5.072933314770988
575,"03/27/2023, 13:46:15",4.9652483594739945
576,"03/27/2023, 13:46:45",5.128518724766812
577,"03/27/2023, 13:47:15",5.202632604761243
578,"03/27/2023, 13:47:45",5.492834766114433
579,"03/27/2023, 13:48:15",5.026148928024503
580,"03/27/2023, 13:48:45",5.144267924265626
581,"03/27/2023, 13:49:15",4.925400372407076
582,"03/27/2023, 13:49:45",4.87004656828623
583,"03/27/2023, 13:50:15",5.128981936516777
584,"03/27/2023, 13:50:46",6.168429103438672
585,"03/27/2023, 13:51:16",5.669781654601142
586,"03/27/2023, 13:51:46",6.585319678407349
587,"03/27/2023, 13:52:16",5.427521909369339
588,"03/27/2023, 13:52:46",6.01024229082556
589,"03/27/2023, 13:53:16",5.648010702352778
590,"03/27/2023, 13:53:46",5.2072647222608905
591,"03/27/2023, 13:54:16",5.58316105735765
592,"03/27/2023, 13:54:46",6.796544236391478
593,"03/27/2023, 13:55:16",4.87421547403592
594,"03/27/2023, 13:55:46",5.178545593763052
595,"03/27/2023, 13:56:17",4.4536741623937885
596,"03/27/2023, 13:56:47",4.231972382709174
597,"03/27/2023, 13:57:17",4.845496345538074
598,"03/27/2023, 13:57:47",5.111611495893083
599,"03/27/2023, 13:58:17",4.78690005916748
600,"03/27/2023, 13:58:47",4.655116316302381
601,"03/27/2023, 13:59:17",4.41957314144508
602,"03/27/2023, 13:59:47",4.653263469302521
603,"03/27/2023, 14:00:17",4.738726037171094
604,"03/27/2023, 14:00:47",4.668781062926354
605,"03/27/2023, 14:01:17",4.806354952666019
606,"03/27/2023, 14:01:48",4.670633909926215
607,"03/27/2023, 14:02:18",4.854065762912431
608,"03/27/2023, 14:02:48",4.558768272309619
609,"03/27/2023, 14:03:18",4.715797055547823
610,"03/27/2023, 14:03:48",5.054868056522344
611,"03/27/2023, 14:04:18",5.001367099401365
612,"03/27/2023, 14:04:48",5.021980022274813
613,"03/27/2023, 14:05:18",4.921694678407352
614,"03/27/2023, 14:05:48",5.27396721425588
615,"03/27/2023, 14:06:18",5.063437473896697
616,"03/27/2023, 14:06:48",5.232340965131889
617,"03/27/2023, 14:07:18",5.253585897257414
618,"03/27/2023, 14:07:49",5.073164920645969
619,"03/27/2023, 14:08:19",5.081039520395377
620,"03/27/2023, 14:08:49",5.054404844772379
621,"03/27/2023, 14:09:19",5.357808540999582
622,"03/27/2023, 14:09:49",4.8904278852847005
623,"03/27/2023, 14:10:19",4.905250661283585
624,"03/27/2023, 14:10:49",5.081734338020327
625,"03/27/2023, 14:11:19",4.699353038424054
626,"03/27/2023, 14:11:49",5.229267280384242
627,"03/27/2023, 14:12:19",4.684530262425171
628,"03/27/2023, 14:12:49",4.91544131978282
629,"03/27/2023, 14:13:19",5.285084296255047
630,"03/27/2023, 14:13:50",5.893976141584296
631,"03/27/2023, 14:14:20",5.07061725602116
632,"03/27/2023, 14:14:50",5.278367725880548
633,"03/27/2023, 14:15:20",5.283694661005149
634,"03/27/2023, 14:15:50",5.219076621885003
635,"03/27/2023, 14:16:20",5.636893620353616
636,"03/27/2023, 14:16:50",5.801149291995932
637,"03/27/2023, 14:17:20",5.48496016636503
638,"03/27/2023, 14:17:50",5.286937143254905
639,"03/27/2023, 14:18:21",5.267019038006403
640,"03/27/2023, 14:18:51",5.009473305025753
641,"03/27/2023, 14:19:21",5.326078536126966
642,"03/27/2023, 14:19:51",5.195684428511765
643,"03/27/2023, 14:20:21",5.038655645273563
644,"03/27/2023, 14:20:51",5.504878271613533
645,"03/27/2023, 14:21:21",5.055331268272306
646,"03/27/2023, 14:21:51",5.255670350132254
647,"03/27/2023, 14:22:21",5.256828379507169
648,"03/27/2023, 14:22:51",5.067143167896418
649,"03/27/2023, 14:23:21",5.189662675762218
650,"03/27/2023, 14:23:51",5.3279313831268285
651,"03/27/2023, 14:24:21",5.313571818877906
652,"03/27/2023, 14:24:52",5.206801510510923
653,"03/27/2023, 14:25:22",5.39694993387164
654,"03/27/2023, 14:25:52",5.268177067381316
655,"03/27/2023, 14:26:22",5.160480335514405
656,"03/27/2023, 14:26:52",5.745563882000106
657,"03/27/2023, 14:27:22",5.281378602255322
658,"03/27/2023, 14:27:52",5.4886658603647485
659,"03/27/2023, 14:28:22",5.53498703536127
660,"03/27/2023, 14:28:52",5.689699759849643
661,"03/27/2023, 14:29:22",5.497235277739104
662,"03/27/2023, 14:29:52",6.0403510545733
663,"03/27/2023, 14:30:22",5.076639008770708
664,"03/27/2023, 14:30:53",5.358734964499512
665,"03/27/2023, 14:31:23",5.466663302241405
666,"03/27/2023, 14:31:53",5.122265366142281
667,"03/27/2023, 14:32:23",5.634809167478769
668,"03/27/2023, 14:32:53",5.40320329249617
669,"03/27/2023, 14:33:24",6.080542888736474
670,"03/27/2023, 14:33:55",5.907459502454394
671,"03/27/2023, 14:34:25",5.175363894955599
672,"03/27/2023, 14:34:55",5.189215660227285
673,"03/27/2023, 14:35:25",5.483338925240147
674,"03/27/2023, 14:35:55",6.995030471251569
675,"03/27/2023, 14:36:25",6.647390052902688
676,"03/27/2023, 14:36:55",6.668929399276066
677,"03/27/2023, 14:37:25",5.907872494083253
678,"03/27/2023, 14:37:55",6.417637024919946
679,"03/27/2023, 14:38:25",5.776783568843103
680,"03/27/2023, 14:38:56",6.345375991925378
681,"03/27/2023, 14:39:26",7.60021662258109
682,"03/27/2023, 14:39:56",6.080187265070301
683,"03/27/2023, 14:40:26",7.305845555478211
684,"03/27/2023, 14:40:56",6.593657489906724
685,"03/27/2023, 14:41:26",6.012558349575385
686,"03/27/2023, 14:41:56",5.778868021717944
687,"03/27/2023, 14:42:26",6.278806967722757
688,"03/27/2023, 14:42:56",6.37386351454824
689,"03/27/2023, 14:43:26",7.288475114854517
690,"03/27/2023, 14:43:56",6.155227568564666
691,"03/27/2023, 14:44:26",6.390075925797019
692,"03/27/2023, 14:44:57",6.627471947654182
693,"03/27/2023, 14:45:27",6.752770726019769
694,"03/27/2023, 14:45:57",6.534134780036195
695,"03/27/2023, 14:46:27",6.234205171933732
696,"03/27/2023, 14:46:57",6.9985045593763004
697,"03/27/2023, 14:47:27",6.250185977307528
698,"03/27/2023, 14:47:57",5.450914102742586
699,"03/27/2023, 14:48:27",5.342754159125711
700,"03/27/2023, 14:48:57",5.65449566685229
701,"03/27/2023, 14:49:27",5.536608276486151
702,"03/27/2023, 14:49:58",5.405056139496031
703,"03/27/2023, 14:50:28",5.614891062230265
704,"03/27/2023, 14:50:58",5.541471999860781
705,"03/27/2023, 14:51:28",5.377495040373102
706,"03/27/2023, 14:51:58",4.864951239036615
707,"03/27/2023, 14:52:28",5.008546881525826
708,"03/27/2023, 14:52:58",5.035672247561922
709,"03/27/2023, 14:53:28",4.7632762599192535
710,"03/27/2023, 14:53:58",5.311487366003062
711,"03/27/2023, 14:54:28",5.361282629124321
712,"03/27/2023, 14:54:58",5.059731779896978
713,"03/27/2023, 14:55:29",4.838779775163581
714,"03/27/2023, 14:55:59",4.924242343032162
715,"03/27/2023, 14:56:29",5.243858450508141
716,"03/27/2023, 14:56:59",5.052088786022555
717,"03/27/2023, 14:57:29",5.054404844772378
718,"03/27/2023, 14:57:59",4.832526416539049
719,"03/27/2023, 14:58:29",4.988628776277318
720,"03/27/2023, 14:58:59",5.169976176388694
721,"03/27/2023, 14:59:29",5.404592927746066
722,"03/27/2023, 14:59:59",5.0009038876514005
723,"03/27/2023, 15:00:29",5.112074707643049
724,"03/27/2023, 15:00:59",4.8751418975358485
725,"03/27/2023, 15:01:30",4.950877018655158
726,"03/27/2023, 15:02:00",5.496772065989142
727,"03/27/2023, 15:02:30",5.108369013643326
728,"03/27/2023, 15:03:00",5.072933314770988
729,"03/27/2023, 15:03:30",4.9652483594739945
730,"03/27/2023, 15:04:00",5.128518724766812
731,"03/27/2023, 15:04:30",5.202632604761243
732,"03/27/2023, 15:05:00",5.492834766114433
733,"03/27/2023, 15:05:30",5.026148928024503
734,"03/27/2023, 15:06:00",5.144267924265626
735,"03/27/2023, 15:06:31",4.925400372407076
736,"03/27/2023, 15:07:01",4.87004656828623
737,"03/27/2023, 15:07:31",5.128981936516777
738,"03/27/2023, 15:17:30",6.080542888736474
739,"03/27/2023, 15:18:00",5.907459502454394
740,"03/27/2023, 15:18:30",5.175363894955599
741,"03/27/2023, 15:19:00",5.189215660227285
742,"03/27/2023, 15:19:31",5.483338925240147
743,"03/27/2023, 15:20:01",6.995030471251569
744,"03/27/2023, 15:20:31",6.647390052902688
745,"03/27/2023, 15:21:01",6.668929399276066
746,"03/27/2023, 15:21:31",5.907872494083253
747,"03/27/2023, 15:22:01",6.417637024919946
748,"03/27/2023, 15:22:31",5.776783568843103
749,"03/27/2023, 15:23:02",6.345375991925378
750,"03/27/2023, 15:23:32",7.60021662258109
751,"03/27/2023, 15:24:02",6.080187265070301
752,"03/27/2023, 15:24:32",7.305845555478211
753,"03/27/2023, 15:25:02",6.593657489906724
754,"03/27/2023, 15:25:32",6.012558349575385
755,"03/27/2023, 15:26:03",5.778868021717944
756,"03/27/2023, 15:26:33",6.278806967722757
757,"03/27/2023, 15:27:03",6.37386351454824
758,"03/27/2023, 15:27:33",7.288475114854517
759,"03/27/2023, 15:28:03",6.155227568564666
760,"03/27/2023, 15:28:33",6.390075925797019
761,"03/27/2023, 15:29:04",6.627471947654182
762,"03/27/2023, 15:29:34",6.752770726019769
763,"03/27/2023, 15:30:04",6.534134780036195
764,"03/27/2023, 15:30:34",6.234205171933732
765,"03/27/2023, 15:31:04",6.9985045593763004
766,"03/27/2023, 15:31:34",6.250185977307528
767,"03/27/2023, 15:32:04",5.450914102742586
768,"03/27/2023, 15:32:35",5.342754159125711
769,"03/27/2023, 15:33:05",5.65449566685229
770,"03/27/2023, 15:33:35",5.536608276486151
771,"03/27/2023, 15:34:05",5.405056139496031
772,"03/27/2023, 15:34:35",5.614891062230265
773,"03/27/2023, 15:35:05",5.541471999860781
774,"03/27/2023, 15:35:36",5.377495040373102
775,"03/27/2023, 15:36:06",4.864951239036615
776,"03/27/2023, 15:36:36",5.008546881525826
777,"03/27/2023, 15:37:06",5.035672247561922
778,"03/27/2023, 15:37:36",4.7632762599192535
779,"03/27/2023, 15:38:06",5.311487366003062
780,"03/27/2023, 15:38:36",5.361282629124321
781,"03/27/2023, 15:39:07",5.059731779896978
782,"03/27/2023, 15:39:37",4.838779775163581
783,"03/27/2023, 15:40:07",4.924242343032162
784,"03/27/2023, 15:40:37",5.243858450508141
785,"03/27/2023, 15:41:07",5.052088786022555
786,"03/27/2023, 15:41:37",5.054404844772378
787,"03/27/2023, 15:42:08",4.832526416539049
788,"03/27/2023, 15:42:38",4.988628776277318
789,"03/27/2023, 15:43:08",5.169976176388694
790,"03/27/2023, 15:43:38",5.404592927746066
791,"03/27/2023, 15:44:08",5.0009038876514005
792,"03/27/2023, 15:44:38",5.112074707643049
793,"03/27/2023, 15:45:08",4.8751418975358485
794,"03/27/2023, 15:45:39",4.950877018655158
795,"03/27/2023, 15:46:09",5.496772065989142
796,"03/27/2023, 15:46:39",5.108369013643326
797,"03/27/2023, 15:47:09",5.072933314770988
798,"03/27/2023, 15:47:39",4.9652483594739945
799,"03/27/2023, 15:48:09",5.128518724766812
800,"03/27/2023, 15:48:40",5.202632604761243
801,"03/27/2023, 15:49:10",5.492834766114433
802,"03/27/2023, 15:49:40",5.026148928024503
803,"03/27/2023, 15:50:10",5.144267924265626
804,"03/27/2023, 15:50:40",4.925400372407076
805,"03/27/2023, 15:51:10",4.87004656828623
806,"03/27/2023, 15:51:40",5.128981936516777
807,"03/27/2023, 15:52:11",6.168429103438672
808,"03/27/2023, 15:52:41",5.669781654601142
809,"03/27/2023, 15:53:11",6.585319678407349
810,"03/27/2023, 15:53:41",5.427521909369339
811,"03/27/2023, 15:54:11",6.01024229082556
812,"03/27/2023, 15:54:41",5.648010702352778
813,"03/27/2023, 15:55:12",5.2072647222608905
814,"03/27/2023, 15:55:42",5.58316105735765
815,"03/27/2023, 15:56:12",6.796544236391478
816,"03/27/2023, 15:56:42",4.87421547403592
817,"03/27/2023, 15:57:12",5.178545593763052
818,"03/27/2023, 15:57:42",4.4536741623937885
819,"03/27/2023, 15:58:13",4.231972382709174
820,"03/27/2023, 15:58:43",4.845496345538074
821,"03/27/2023, 15:59:13",5.111611495893083
822,"03/27/2023, 15:59:43",4.78690005916748
823,"03/27/2023, 16:00:13",4.655116316302381
824,"03/27/2023, 16:00:43",4.41957314144508
825,"03/27/2023, 16:01:14",4.653263469302521
826,"03/27/2023, 16:01:44",4.738726037171094
827,"03/27/2023, 16:02:14",4.668781062926354
828,"03/27/2023, 16:02:44",4.806354952666019
829,"03/27/2023, 16:03:14",4.670633909926215
830,"03/27/2023, 16:03:44",4.854065762912431
831,"03/27/2023, 16:04:14",4.558768272309619
832,"03/27/2023, 16:04:45",4.715797055547823
833,"03/27/2023, 16:05:15",5.054868056522344
834,"03/27/2023, 16:05:45",5.001367099401365
835,"03/27/2023, 16:06:15",5.021980022274813
836,"03/27/2023, 16:06:45",4.921694678407352
837,"03/27/2023, 16:07:15",5.27396721425588
838,"03/27/2023, 16:07:46",5.063437473896697
839,"03/27/2023, 16:08:16",5.232340965131889
840,"03/27/2023, 16:08:46",5.253585897257414
841,"03/27/2023, 16:09:16",5.073164920645969
842,"03/27/2023, 16:09:46",5.081039520395377
843,"03/27/2023, 16:10:16",5.054404844772379
844,"03/27/2023, 16:10:47",5.357808540999582
845,"03/27/2023, 16:11:17",4.8904278852847005
846,"03/27/2023, 16:11:47",4.905250661283585
847,"03/27/2023, 16:12:17",5.081734338020327
848,"03/27/2023, 16:12:47",4.699353038424054
849,"03/27/2023, 16:13:17",5.229267280384242
850,"03/27/2023, 16:13:47",4.684530262425171
851,"03/27/2023, 16:14:18",4.91544131978282
852,"03/27/2023, 16:14:48",5.285084296255047
853,"03/27/2023, 16:15:18",5.893976141584296
854,"03/27/2023, 16:15:48",5.07061725602116
855,"03/27/2023, 16:16:18",5.278367725880548
856,"03/27/2023, 16:16:48",5.283694661005149
857,"03/27/2023, 16:17:19",5.219076621885003
858,"03/27/2023, 16:17:49",5.636893620353616
859,"03/27/2023, 16:18:19",5.801149291995932
860,"03/27/2023, 16:18:49",5.48496016636503
861,"03/27/2023, 16:19:19",5.286937143254905
862,"03/27/2023, 16:19:49",5.267019038006403
863,"03/27/2023, 16:20:19",5.009473305025753
864,"03/27/2023, 16:20:49",5.326078536126966
865,"03/27/2023, 16:21:19",5.195684428511765
866,"03/27/2023, 16:21:49",5.038655645273563
867,"03/27/2023, 16:22:19",5.504878271613533
868,"03/27/2023, 16:22:50",5.055331268272306
869,"03/27/2023, 16:23:20",5.255670350132254
870,"03/27/2023, 16:23:50",5.256828379507169
871,"03/27/2023, 16:24:20",5.067143167896418
872,"03/27/2023, 16:24:50",5.189662675762218
873,"03/27/2023, 16:25:20",5.3279313831268285
874,"03/27/2023, 16:25:50",5.313571818877906
875,"03/27/2023, 16:26:20",5.206801510510923
876,"03/27/2023, 16:26:50",5.39694993387164
877,"03/27/2023, 16:27:20",5.268177067381316
878,"03/27/2023, 16:27:50",5.160480335514405
879,"03/27/2023, 16:28:20",5.745563882000106
880,"03/27/2023, 16:28:51",5.281378602255322
881,"03/27/2023, 16:29:21",5.4886658603647485
882,"03/27/2023, 16:29:51",5.53498703536127
883,"03/27/2023, 16:30:21",5.689699759849643
884,"03/27/2023, 16:30:51",5.497235277739104
885,"03/27/2023, 16:31:21",6.0403510545733
886,"03/27/2023, 16:31:51",5.076639008770708
887,"03/27/2023, 16:32:21",5.358734964499512
888,"03/27/2023, 16:32:51",5.466663302241405
889,"03/27/2023, 16:33:21",5.122265366142281
890,"03/27/2023, 16:33:51",5.634809167478769
891,"03/27/2023, 16:34:21",5.40320329249617
892,"03/27/2023, 16:34:52",5.531049735486564
893,"03/27/2023, 16:35:22",5.07571258527078
894,"03/27/2023, 16:35:52",5.823567955589582
895,"03/27/2023, 16:36:22",5.5002461541138805
896,"03/27/2023, 16:36:52",5.834916643463732
897,"03/27/2023, 16:37:22",5.420342127244882
898,"03/27/2023, 16:37:52",5.4932979778644
899,"03/27/2023, 16:38:22",5.718006708400482
900,"03/27/2023, 16:38:52",5.81290269488752
901,"03/27/2023, 16:39:23",6.236411316031026
902,"03/27/2023, 16:39:53",5.386296063622441
903,"03/27/2023, 16:40:23",5.499782942363916
904,"03/27/2023, 16:40:53",5.555831564109702
905,"03/27/2023, 16:41:23",5.184104134762632
906,"03/27/2023, 16:41:53",5.513216083112907
907,"03/27/2023, 16:42:23",5.46735811986635
908,"03/27/2023, 16:42:53",5.522943529862174
909,"03/27/2023, 16:43:23",5.381663946122791
910,"03/27/2023, 16:43:53",5.280683784630377
911,"03/27/2023, 16:44:23",5.623228873729636
912,"03/27/2023, 16:44:54",5.524333165112071
913,"03/27/2023, 16:45:24",5.217223774885143
914,"03/27/2023, 16:45:54",5.416868039120143
915,"03/27/2023, 16:46:24",5.453924979117359
916,"03/27/2023, 16:46:54",5.4133939509954025
917,"03/27/2023, 16:47:24",5.916210305582629
918,"03/27/2023, 16:47:54",5.557684411109562
919,"03/27/2023, 16:48:24",5.365219928999021
920,"03/27/2023, 16:48:54",5.706701201282686
921,"03/27/2023, 16:49:24",5.497698489489069
922,"03/27/2023, 16:49:54",5.632724714603925
923,"03/27/2023, 16:50:25",5.478475201865517
924,"03/27/2023, 16:50:55",5.517153382987611
925,"03/27/2023, 16:51:25",5.10975864889322
926,"03/27/2023, 16:51:55",4.911504019908116
927,"03/27/2023, 16:52:25",5.397181539746623
928,"03/27/2023, 16:52:55",5.246174509257966
929,"03/27/2023, 16:53:25",5.220929468884868
930,"03/27/2023, 16:53:55",5.29620137825421
931,"03/27/2023, 16:54:25",5.144962741890574
932,"03/27/2023, 16:54:55",5.072933314770987
933,"03/27/2023, 16:55:25",5.478011990115553
934,"03/27/2023, 16:55:55",5.366841170123904
935,"03/27/2023, 16:56:25",5.271419549631073
936,"03/27/2023, 16:56:56",5.356187299874704
937,"03/27/2023, 16:57:26",5.1097586488932185
938,"03/27/2023, 16:57:56",5.548651781985243
939,"03/27/2023, 16:58:26",5.725135458721983
940,"03/27/2023, 16:58:56",5.486581407489904
941,"03/27/2023, 16:59:26",5.469992146003867
942,"03/27/2023, 16:59:56",4.955045924404844
943,"03/27/2023, 17:00:26",5.255207138382293
944,"03/27/2023, 17:00:56",5.70660698872337
945,"03/27/2023, 17:01:26",4.988397170402341
946,"03/27/2023, 17:01:56",5.259839255881942
947,"03/27/2023, 17:02:27",5.122265366142279
948,"03/27/2023, 17:02:57",4.823262181539744
949,"03/27/2023, 17:03:27",5.451608920367534
950,"03/27/2023, 17:03:57",5.008315275650842
951,"03/27/2023, 17:04:27",5.299212254628983
952,"03/27/2023, 17:04:57",5.204022240011135
953,"03/27/2023, 17:05:27",4.880932044410411
954,"03/27/2023, 17:05:57",5.057415721147153
955,"03/27/2023, 17:06:27",5.314498242377836
956,"03/27/2023, 17:06:57",5.160480335514407
957,"03/27/2023, 17:07:28",5.571117551858556
958,"03/27/2023, 17:07:58",4.940686360155921
959,"03/27/2023, 17:08:28",5.129445148266736
960,"03/27/2023, 17:08:58",5.060194991646945
961,"03/27/2023, 17:09:28",4.90872082388502
962,"03/27/2023, 17:09:58",4.977743300153136
963,"03/27/2023, 17:10:28",5.074786161770847
964,"03/27/2023, 17:10:58",4.8376217457886685
965,"03/27/2023, 17:35:27",6.080542888736474
966,"03/27/2023, 17:35:57",5.907459502454394
967,"03/27/2023, 17:36:28",5.175363894955599
968,"03/27/2023, 17:36:58",5.189215660227285
969,"03/27/2023, 17:37:28",5.483338925240147
970,"03/27/2023, 17:37:58",6.995030471251569
971,"03/27/2023, 17:38:28",6.647390052902688
972,"03/27/2023, 17:38:58",6.668929399276066
973,"03/27/2023, 17:39:28",5.907872494083253
974,"03/27/2023, 17:39:58",6.417637024919946
975,"03/27/2023, 17:40:28",5.776783568843103
976,"03/27/2023, 17:40:58",6.345375991925378
977,"03/27/2023, 17:41:29",7.60021662258109
978,"03/27/2023, 17:41:59",6.080187265070301
979,"03/27/2023, 17:42:29",7.305845555478211
980,"03/27/2023, 17:42:59",6.593657489906724
981,"03/27/2023, 18:19:43",6.080542888736474
982,"03/27/2023, 18:20:14",5.907459502454394
983,"03/27/2023, 18:20:44",5.175363894955599
984,"03/27/2023, 18:21:14",5.189215660227285
985,"03/27/2023, 18:21:44",5.483338925240147
986,"03/27/2023, 18:22:14",6.995030471251569
987,"03/27/2023, 18:22:44",6.647390052902688
988,"03/27/2023, 18:23:14",6.668929399276066
989,"03/27/2023, 18:23:45",5.907872494083253
990,"03/27/2023, 18:24:15",6.417637024919946
991,"03/27/2023, 18:24:45",5.776783568843103
992,"03/27/2023, 18:25:15",6.345375991925378
993,"03/27/2023, 18:25:45",7.60021662258109
994,"03/27/2023, 18:26:15",6.080187265070301
995,"03/27/2023, 18:26:46",7.305845555478211
996,"03/27/2023, 18:27:16",6.593657489906724
997,"03/27/2023, 18:27:46",6.012558349575385
998,"03/27/2023, 18:28:16",5.778868021717944
999,"03/27/2023, 18:28:46",6.278806967722757
1000,"03/27/2023, 18:29:16",6.37386351454824
1001,"03/27/2023, 18:29:47",7.288475114854517
1002,"03/27/2023, 18:30:17",6.155227568564666
1003,"03/27/2023, 18:30:47",6.390075925797019
1004,"03/27/2023, 18:31:17",6.627471947654182
1005,"03/27/2023, 18:31:47",6.752770726019769
1006,"03/27/2023, 18:32:17",6.534134780036195
1007,"03/27/2023, 18:32:47",6.234205171933732
1008,"03/27/2023, 18:33:18",6.9985045593763004
1009,"03/27/2023, 18:33:48",6.250185977307528
1010,"03/27/2023, 18:34:18",5.450914102742586
1011,"03/27/2023, 18:34:48",5.342754159125711
1012,"03/27/2023, 18:35:18",5.65449566685229
1013,"03/27/2023, 18:35:48",5.536608276486151
1014,"03/27/2023, 18:36:19",5.405056139496031
1015,"03/27/2023, 18:36:49",5.614891062230265
1016,"03/27/2023, 18:37:19",5.541471999860781
1017,"03/27/2023, 18:37:49",5.377495040373102
1018,"03/27/2023, 18:38:19",4.864951239036615
1019,"03/27/2023, 18:38:49",5.008546881525826
1020,"03/27/2023, 18:39:20",5.035672247561922
1021,"03/27/2023, 18:39:50",4.7632762599192535
1022,"03/27/2023, 18:40:20",5.311487366003062
1023,"03/27/2023, 18:40:50",5.361282629124321
1024,"03/27/2023, 18:41:20",5.059731779896978
1025,"03/27/2023, 18:41:50",4.838779775163581
1026,"03/27/2023, 18:42:20",4.924242343032162
1027,"03/27/2023, 18:42:51",5.243858450508141
1028,"03/27/2023, 18:43:21",5.052088786022555
1029,"03/27/2023, 18:43:51",5.054404844772378
1030,"03/27/2023, 18:44:21",4.832526416539049
1031,"03/27/2023, 18:44:51",4.988628776277318
1032,"03/27/2023, 18:45:21",5.169976176388694
1033,"03/27/2023, 18:45:52",5.404592927746066
1034,"03/27/2023, 18:46:22",5.0009038876514005
1035,"03/27/2023, 18:46:52",5.112074707643049
1036,"03/27/2023, 18:47:22",4.8751418975358485
1037,"03/27/2023, 18:47:52",4.950877018655158
1038,"03/27/2023, 18:48:22",5.496772065989142
1039,"03/27/2023, 18:48:52",5.108369013643326
1040,"03/27/2023, 18:49:23",5.072933314770988
1041,"03/27/2023, 18:49:53",4.9652483594739945
1042,"03/27/2023, 18:50:23",5.128518724766812
1043,"03/27/2023, 18:50:53",5.202632604761243
1044,"03/27/2023, 18:51:23",5.492834766114433
1045,"03/27/2023, 18:51:53",5.026148928024503
1046,"03/27/2023, 18:52:24",5.144267924265626
1047,"03/27/2023, 18:52:54",4.925400372407076
1048,"03/27/2023, 18:53:24",4.87004656828623
1049,"03/27/2023, 18:53:54",5.128981936516777
1050,"03/27/2023, 18:54:24",6.168429103438672
1051,"03/27/2023, 18:54:54",5.669781654601142
1052,"03/27/2023, 18:55:25",6.585319678407349
1053,"03/27/2023, 18:55:55",5.427521909369339
1054,"03/27/2023, 18:56:25",6.01024229082556
1055,"03/27/2023, 18:56:55",5.648010702352778
1056,"03/27/2023, 18:57:25",5.2072647222608905
1057,"03/27/2023, 18:57:55",5.58316105735765
1058,"03/27/2023, 18:58:26",6.796544236391478
1059,"03/27/2023, 18:58:56",4.87421547403592
1060,"03/27/2023, 18:59:26",5.178545593763052
1061,"03/27/2023, 18:59:56",4.4536741623937885
1062,"03/27/2023, 19:00:26",4.231972382709174
1063,"03/27/2023, 19:00:56",4.845496345538074
1064,"03/27/2023, 19:01:27",5.111611495893083
1065,"03/28/2023, 08:09:32",6.080542888736474
1066,"03/28/2023, 08:10:02",5.907459502454394
1067,"03/28/2023, 08:10:32",5.175363894955599
1068,"03/28/2023, 08:11:02",5.189215660227285
1069,"03/28/2023, 08:11:32",5.483338925240147
1070,"03/28/2023, 08:12:03",6.995030471251569
1071,"03/28/2023, 08:12:33",6.647390052902688
1072,"03/28/2023, 08:13:03",6.668929399276066
1073,"03/28/2023, 08:13:33",5.907872494083253
1074,"03/28/2023, 08:14:03",6.417637024919946
1075,"03/28/2023, 08:14:34",5.776783568843103
1076,"03/28/2023, 08:15:04",6.345375991925378
1077,"03/28/2023, 08:15:34",7.60021662258109
1078,"03/28/2023, 08:16:04",6.080187265070301
1079,"03/28/2023, 08:16:34",7.305845555478211
1080,"03/28/2023, 08:17:04",6.593657489906724
1081,"03/28/2023, 08:17:35",6.012558349575385
1082,"03/28/2023, 08:18:05",5.778868021717944
1083,"03/28/2023, 08:18:35",6.278806967722757
1084,"03/28/2023, 08:19:05",6.37386351454824
1085,"03/28/2023, 08:19:35",7.288475114854517
1086,"03/28/2023, 08:20:05",6.155227568564666
1087,"03/28/2023, 08:20:36",6.390075925797019
1088,"03/28/2023, 08:21:06",6.627471947654182
1089,"03/28/2023, 08:21:36",6.752770726019769
1090,"03/28/2023, 08:22:06",6.534134780036195
1091,"03/28/2023, 08:22:36",6.234205171933732
1092,"03/28/2023, 08:23:07",6.9985045593763004
1093,"03/28/2023, 08:23:37",6.250185977307528
1094,"03/28/2023, 08:24:07",5.450914102742586
1095,"03/28/2023, 08:24:37",5.342754159125711
1096,"03/28/2023, 08:25:07",5.65449566685229
1097,"03/28/2023, 08:25:37",5.536608276486151
1098,"03/28/2023, 08:26:07",5.405056139496031
1099,"03/28/2023, 08:26:38",5.614891062230265
1100,"03/28/2023, 08:27:08",5.541471999860781
1101,"03/28/2023, 08:27:38",5.377495040373102
1102,"03/28/2023, 08:28:08",4.864951239036615
1103,"03/28/2023, 08:28:38",5.008546881525826
1104,"03/28/2023, 08:29:08",5.035672247561922
1105,"03/28/2023, 08:29:39",4.7632762599192535
1106,"03/28/2023, 08:30:09",5.311487366003062
1107,"03/28/2023, 08:30:39",5.361282629124321
1108,"03/28/2023, 08:31:09",5.059731779896978
1109,"03/28/2023, 08:31:39",4.838779775163581
1110,"03/28/2023, 08:32:09",4.924242343032162
1111,"03/28/2023, 08:32:39",5.243858450508141
1112,"03/28/2023, 08:33:10",5.052088786022555
1113,"03/28/2023, 08:33:40",5.054404844772378
1114,"03/28/2023, 08:34:10",4.832526416539049
1115,"03/28/2023, 08:34:40",4.988628776277318
1116,"03/28/2023, 08:35:10",5.169976176388694
1117,"03/28/2023, 08:35:41",5.404592927746066
1118,"03/28/2023, 08:36:11",5.0009038876514005
1119,"03/28/2023, 08:36:41",5.112074707643049
1120,"03/28/2023, 08:37:11",4.8751418975358485
1121,"03/28/2023, 08:37:41",4.950877018655158
1122,"03/28/2023, 08:38:11",5.496772065989142
1123,"03/28/2023, 08:38:41",5.108369013643326
1124,"03/28/2023, 08:39:12",5.072933314770988
1125,"03/28/2023, 08:39:42",4.9652483594739945
1126,"03/28/2023, 08:40:12",5.128518724766812
1127,"03/28/2023, 08:40:42",5.202632604761243
1128,"03/28/2023, 08:41:12",5.492834766114433
1129,"03/28/2023, 08:41:42",5.026148928024503
1130,"03/28/2023, 08:42:12",5.144267924265626
1131,"03/28/2023, 08:42:42",4.925400372407076
1132,"03/28/2023, 08:43:12",4.87004656828623
1133,"03/28/2023, 08:43:42",5.128981936516777
1134,"03/28/2023, 08:44:13",6.168429103438672
1135,"03/28/2023, 08:44:43",5.669781654601142
1136,"03/28/2023, 08:45:13",6.585319678407349
1137,"03/28/2023, 08:45:43",5.427521909369339
1138,"03/28/2023, 08:46:13",6.01024229082556
1139,"03/28/2023, 08:46:43",5.648010702352778
1140,"03/28/2023, 08:47:13",5.2072647222608905
1141,"03/28/2023, 08:47:43",5.58316105735765
1142,"03/28/2023, 08:48:13",6.796544236391478
1143,"03/28/2023, 08:48:43",4.87421547403592
1144,"03/28/2023, 08:49:13",5.178545593763052
1145,"03/28/2023, 08:49:44",4.4536741623937885
1146,"03/28/2023, 08:50:14",4.231972382709174
1147,"03/28/2023, 08:50:44",4.845496345538074
1148,"03/28/2023, 08:51:14",5.111611495893083
1149,"03/28/2023, 08:51:44",4.78690005916748
1150,"03/28/2023, 08:52:14",4.655116316302381
1151,"03/28/2023, 08:52:44",4.41957314144508
1152,"03/28/2023, 08:53:14",4.653263469302521
1153,"03/28/2023, 08:53:44",4.738726037171094
1154,"03/28/2023, 08:54:14",4.668781062926354
1155,"03/28/2023, 08:54:44",4.806354952666019
1156,"03/28/2023, 08:55:15",4.670633909926215
1157,"03/28/2023, 08:55:45",4.854065762912431
1158,"03/28/2023, 08:56:15",4.558768272309619
1159,"03/28/2023, 08:56:45",4.715797055547823
1160,"03/28/2023, 08:57:15",5.054868056522344
1161,"03/28/2023, 08:57:45",5.001367099401365
1162,"03/28/2023, 08:58:15",5.021980022274813
1163,"03/28/2023, 08:58:45",4.921694678407352
1164,"03/28/2023, 08:59:15",5.27396721425588
1165,"03/28/2023, 08:59:45",5.063437473896697
1166,"03/28/2023, 09:00:15",5.232340965131889
1167,"03/28/2023, 09:00:45",5.253585897257414
1168,"03/28/2023, 09:01:15",5.073164920645969
1169,"03/28/2023, 09:01:46",5.081039520395377
1170,"03/28/2023, 09:02:16",5.054404844772379
1171,"03/28/2023, 09:02:46",5.357808540999582
1172,"03/28/2023, 09:03:16",4.8904278852847005
1173,"03/28/2023, 09:03:46",4.905250661283585
1174,"03/28/2023, 09:04:16",5.081734338020327
1175,"03/28/2023, 09:04:46",4.699353038424054
1176,"03/28/2023, 09:05:16",5.229267280384242
1177,"03/28/2023, 09:05:46",4.684530262425171
1178,"03/28/2023, 09:06:16",4.91544131978282
1179,"03/28/2023, 09:06:46",5.285084296255047
1180,"03/28/2023, 09:07:17",5.893976141584296
1181,"03/28/2023, 09:07:47",5.07061725602116
1182,"03/28/2023, 09:08:17",5.278367725880548
1183,"03/28/2023, 09:08:47",5.283694661005149
1184,"03/28/2023, 09:09:17",5.219076621885003
1185,"03/28/2023, 09:09:47",5.636893620353616
1186,"03/28/2023, 09:10:17",5.801149291995932
1187,"03/28/2023, 09:10:47",5.48496016636503
1188,"03/28/2023, 09:11:17",5.286937143254905
1189,"03/28/2023, 09:11:47",5.267019038006403
1190,"03/28/2023, 09:12:17",5.009473305025753
1191,"03/28/2023, 09:12:48",5.326078536126966
1192,"03/28/2023, 09:13:18",5.195684428511765
1193,"03/28/2023, 09:13:48",5.038655645273563
1194,"03/28/2023, 09:14:18",5.504878271613533
1195,"03/28/2023, 09:14:48",5.055331268272306
1196,"03/28/2023, 09:15:18",5.255670350132254
1197,"03/28/2023, 09:15:48",5.256828379507169
1198,"03/28/2023, 09:16:18",5.067143167896418
1199,"03/28/2023, 09:16:48",5.189662675762218
1200,"03/28/2023, 09:17:18",5.3279313831268285
1201,"03/28/2023, 09:17:48",5.313571818877906
1202,"03/28/2023, 09:18:19",5.206801510510923
1203,"03/28/2023, 09:18:49",5.39694993387164
1204,"03/28/2023, 09:19:19",5.268177067381316
1205,"03/28/2023, 09:19:49",5.160480335514405
1206,"03/28/2023, 09:20:19",5.745563882000106
1207,"03/28/2023, 09:20:49",5.281378602255322
1208,"03/28/2023, 09:21:19",5.4886658603647485
1209,"03/28/2023, 09:21:49",5.53498703536127
1210,"03/28/2023, 09:22:19",5.689699759849643
1211,"03/28/2023, 09:22:49",5.497235277739104
1212,"03/28/2023, 09:23:19",6.0403510545733
1213,"03/28/2023, 09:23:49",5.076639008770708
1214,"03/28/2023, 09:24:20",5.358734964499512
1215,"03/28/2023, 09:24:50",5.466663302241405
1216,"03/28/2023, 09:25:20",5.122265366142281
1217,"03/28/2023, 09:25:50",5.634809167478769
1218,"03/28/2023, 09:26:20",5.40320329249617
1219,"03/28/2023, 09:26:50",5.531049735486564
1220,"03/28/2023, 09:27:20",5.07571258527078
1221,"03/28/2023, 09:27:50",5.823567955589582
1222,"03/28/2023, 09:28:20",5.5002461541138805
1223,"03/28/2023, 09:28:50",5.834916643463732
1224,"03/28/2023, 09:29:20",5.420342127244882
1225,"03/28/2023, 09:29:50",5.4932979778644
1226,"03/28/2023, 09:30:20",5.718006708400482
1227,"03/28/2023, 09:30:51",5.81290269488752
1228,"03/28/2023, 09:31:21",6.236411316031026
1229,"03/28/2023, 09:31:51",5.386296063622441
1230,"03/28/2023, 09:32:21",5.499782942363916
1231,"03/28/2023, 09:32:51",5.555831564109702
1232,"03/28/2023, 09:33:21",5.184104134762632
1233,"03/28/2023, 09:33:51",5.513216083112907
1234,"03/28/2023, 09:34:21",5.46735811986635
1235,"03/28/2023, 09:34:51",5.522943529862174
1236,"03/28/2023, 09:35:21",5.381663946122791
1237,"03/28/2023, 09:35:51",5.280683784630377
1238,"03/28/2023, 09:36:22",5.623228873729636
1239,"03/28/2023, 09:36:52",5.524333165112071
1240,"03/28/2023, 09:37:22",5.217223774885143
1241,"03/28/2023, 09:37:52",5.416868039120143
1242,"03/28/2023, 09:38:22",5.453924979117359
1243,"03/28/2023, 09:38:52",5.4133939509954025
1244,"03/28/2023, 09:39:22",5.916210305582629
1245,"03/28/2023, 09:39:52",5.557684411109562
1246,"03/28/2023, 09:40:22",5.365219928999021
1247,"03/28/2023, 09:40:52",5.706701201282686
1248,"03/28/2023, 09:41:23",5.497698489489069
1249,"03/28/2023, 09:41:53",5.632724714603925
1250,"03/28/2023, 09:42:23",5.478475201865517
1251,"03/28/2023, 09:42:53",5.517153382987611
1252,"03/28/2023, 09:43:23",5.10975864889322
1253,"03/28/2023, 09:43:53",4.911504019908116
1254,"03/28/2023, 09:44:23",5.397181539746623
1255,"03/28/2023, 09:44:53",5.246174509257966
1256,"03/28/2023, 09:45:23",5.220929468884868
1257,"03/28/2023, 09:45:53",5.29620137825421
1258,"03/28/2023, 09:46:23",5.144962741890574
1259,"03/28/2023, 09:46:54",5.072933314770987
1260,"03/28/2023, 09:47:24",5.478011990115553
1261,"03/28/2023, 09:47:54",5.366841170123904
1262,"03/28/2023, 09:48:24",5.271419549631073
1263,"03/28/2023, 09:48:54",5.356187299874704
1264,"03/28/2023, 09:49:24",5.1097586488932185
1265,"03/28/2023, 09:49:54",5.548651781985243
1266,"03/28/2023, 09:50:24",5.725135458721983
1267,"03/28/2023, 09:50:54",5.486581407489904
1268,"03/28/2023, 09:51:24",5.469992146003867
1269,"03/28/2023, 09:51:54",4.955045924404844
1270,"03/28/2023, 09:52:24",5.255207138382293
1271,"03/28/2023, 09:52:55",5.70660698872337
1272,"03/28/2023, 09:53:25",4.988397170402341
1273,"03/28/2023, 09:53:55",5.259839255881942
1274,"03/28/2023, 09:54:25",5.122265366142279
1275,"03/28/2023, 09:54:55",4.823262181539744
1276,"03/28/2023, 09:55:25",5.451608920367534
1277,"03/28/2023, 09:55:55",5.008315275650842
1278,"03/28/2023, 09:56:25",5.299212254628983
1279,"03/28/2023, 09:56:55",5.204022240011135
1280,"03/28/2023, 09:57:25",4.880932044410411
1281,"03/28/2023, 09:57:55",5.057415721147153
1282,"03/28/2023, 09:58:26",5.314498242377836
1283,"03/28/2023, 09:58:56",5.160480335514407
1284,"03/28/2023, 09:59:26",5.571117551858556
1285,"03/28/2023, 09:59:56",4.940686360155921
1286,"03/28/2023, 10:00:26",5.129445148266736
1287,"03/28/2023, 10:00:56",5.060194991646945
1288,"03/28/2023, 10:01:26",4.90872082388502
1289,"03/28/2023, 10:01:56",4.977743300153136
1290,"03/28/2023, 10:02:26",5.074786161770847
1291,"03/28/2023, 10:02:56",4.8376217457886685
1292,"03/28/2023, 10:03:26",4.787363270917447
1293,"03/28/2023, 10:03:57",5.011094546150628
1294,"03/28/2023, 10:04:27",4.900850149658915
1295,"03/28/2023, 10:04:57",5.05255199777252
1296,"03/28/2023, 10:05:27",4.9135884727829575
1297,"03/28/2023, 10:05:57",5.015263451900318
1298,"03/28/2023, 10:06:27",5.249416991507728
1299,"03/28/2023, 10:06:57",5.098873172769037
1300,"03/28/2023, 10:07:27",5.3615142349993015
1301,"03/28/2023, 10:07:57",5.182714499512737
1302,"03/28/2023, 10:08:27",5.044214186273142
1303,"03/28/2023, 10:08:57",5.3362691946262
1304,"03/28/2023, 10:09:28",5.380042704997913
1305,"03/28/2023, 10:09:58",5.581308210357789
1306,"03/28/2023, 10:10:28",5.304770795628564
1307,"03/28/2023, 10:10:58",5.219771439509954
1308,"03/28/2023, 10:11:28",5.255207138382289
1309,"03/28/2023, 10:11:58",5.123054396326542
1310,"03/28/2023, 10:12:28",5.239689544758455
1311,"03/28/2023, 10:12:58",5.57250718710845
1312,"03/28/2023, 10:13:28",5.320519995127381
1313,"03/28/2023, 10:13:58",5.038887251148544
1314,"03/28/2023, 10:14:28",5.228804068634278
1315,"03/28/2023, 10:14:59",5.4252058506195215
1316,"03/28/2023, 10:15:29",5.347386276625366
1317,"03/28/2023, 10:15:59",5.182019681887791
1318,"03/28/2023, 10:16:29",5.141777211905159
1319,"03/28/2023, 10:16:59",5.305826761397556
1320,"03/28/2023, 10:17:29",5.362209052624251
1321,"03/28/2023, 10:17:59",5.167660117638868
1322,"03/28/2023, 10:18:29",5.447903226367815
1323,"03/28/2023, 10:18:59",5.139635806765975
1324,"03/28/2023, 10:19:29",5.251269838507586
1325,"03/28/2023, 10:19:59",5.73833699359599
1326,"03/28/2023, 10:20:30",5.001830311151329
1327,"03/28/2023, 10:21:00",5.23297297438396
1328,"03/28/2023, 10:21:30",5.227182827509394
1329,"03/28/2023, 10:22:00",5.122112270733393
1330,"03/28/2023, 10:22:30",5.874984459835721
