,Date,I_SUM
0,"03/25/2023, 10:35:28",0.7716852706802114
1,"03/25/2023, 10:35:58",0.8248797918348486
2,"03/25/2023, 10:36:28",0.8223140058077393
3,"03/25/2023, 10:36:58",0.8472676298123094
4,"03/25/2023, 10:37:28",0.9293540530884634
5,"03/25/2023, 10:37:58",0.9698696106318754
6,"03/25/2023, 10:38:29",0.9978663161253548
7,"03/25/2023, 10:38:59",1.0078813977652987
8,"03/25/2023, 10:39:29",0.6810255515162094
9,"03/25/2023, 10:39:59",0.8867899561187009
10,"03/25/2023, 10:40:29",0.7219963400432541
11,"03/25/2023, 10:40:59",0.9002192701358982
12,"03/25/2023, 10:41:30",1.0392923356360333
13,"03/25/2023, 10:42:00",0.6894473247134356
14,"03/25/2023, 10:42:30",1.0477141088332595
15,"03/25/2023, 10:43:00",0.6489317671700242
16,"03/25/2023, 10:43:30",0.4759439933891694
17,"03/25/2023, 10:44:00",0.4438502090429842
18,"03/25/2023, 10:44:31",0.5307453164613605
19,"03/25/2023, 10:45:01",0.6202522152010932
20,"03/25/2023, 10:45:31",0.9898997739117632
21,"03/25/2023, 10:46:01",0.7770792890629475
22,"03/25/2023, 10:46:31",0.7226791865187046
23,"03/25/2023, 10:47:01",0.8688083322651643
24,"03/25/2023, 10:47:31",0.8389907028371483
25,"03/25/2023, 10:48:02",0.829658467672654
26,"03/25/2023, 10:48:32",0.8148634607045553
27,"03/25/2023, 10:49:02",0.9113724292349276
28,"03/25/2023, 10:49:32",0.8339831620171763
29,"03/25/2023, 10:50:02",0.882692877265996
30,"03/25/2023, 10:50:32",1.0559082665386683
31,"03/25/2023, 10:51:02",1.109397907115644
32,"03/25/2023, 10:51:33",1.0338295638324275
33,"03/25/2023, 10:52:03",1.0192621723561452
34,"03/25/2023, 10:52:33",1.0465760313741748
35,"03/25/2023, 10:53:03",1.0151650935034404
36,"03/25/2023, 10:53:33",0.9885340809608612
37,"03/25/2023, 10:54:03",0.845819167591656
38,"03/25/2023, 10:54:34",0.9509775248110708
39,"03/25/2023, 10:55:04",1.007349008987829
40,"03/25/2023, 10:55:34",0.8344383930008102
41,"03/25/2023, 10:56:04",1.0087918597325671
42,"03/25/2023, 10:56:34",0.8838309547250809
43,"03/25/2023, 10:57:04",0.9343615939084357
44,"03/25/2023, 10:57:35",0.9127381221858288
45,"03/25/2023, 10:58:05",0.8801891068560096
46,"03/25/2023, 10:58:35",0.9807951542390864
47,"03/25/2023, 10:59:05",0.9063648884149552
48,"03/25/2023, 10:59:35",0.9391415192365916
49,"03/25/2023, 11:00:05",0.9229808193175898
50,"03/25/2023, 11:00:35",0.9794294612881848
51,"03/25/2023, 11:01:06",0.984664617599974
52,"03/25/2023, 11:01:36",1.0008253175189752
53,"03/25/2023, 11:02:06",0.902040194070434
54,"03/25/2023, 11:02:36",0.9662277627628036
55,"03/25/2023, 11:03:06",0.930264515055731
56,"03/25/2023, 11:03:37",0.8023446086546249
57,"03/25/2023, 11:04:07",1.0317810244060757
58,"03/25/2023, 11:04:37",0.8917974969386726
59,"03/25/2023, 11:05:07",0.8997640391522647
60,"03/25/2023, 11:05:37",0.8659187728859968
61,"03/25/2023, 11:06:07",0.9020401940704336
62,"03/25/2023, 11:06:37",0.9327682854657174
63,"03/25/2023, 11:07:08",1.038154258176949
64,"03/25/2023, 11:07:38",0.8758644125114886
65,"03/25/2023, 11:08:08",0.9168352010385336
66,"03/25/2023, 11:08:38",0.8235128493935985
67,"03/25/2023, 11:09:08",0.81304253677002
68,"03/25/2023, 11:09:38",0.879733875872376
69,"03/25/2023, 11:10:09",0.8838309547250799
70,"03/25/2023, 11:10:39",0.7631947440621155
71,"03/25/2023, 11:11:09",1.0957409776066285
72,"03/25/2023, 11:11:39",0.658491617826335
73,"03/25/2023, 11:12:09",0.8706292561997001
74,"03/25/2023, 11:12:39",0.8043931480809776
75,"03/25/2023, 11:13:10",0.5435457944587928
76,"03/25/2023, 11:13:40",0.6842121684016462
77,"03/25/2023, 11:14:10",1.022448789241582
78,"03/25/2023, 11:14:40",0.4684326821592109
79,"03/25/2023, 11:15:10",0.4704812215855632
80,"03/25/2023, 11:15:40",0.5288935294092904
81,"03/25/2023, 11:16:11",0.5581131859350754
82,"03/25/2023, 11:16:41",0.7477168906185656
83,"03/25/2023, 11:17:11",0.7839077538174551
84,"03/25/2023, 11:17:41",0.7388398864377056
85,"03/25/2023, 11:18:11",0.6662305445481098
86,"03/25/2023, 11:18:41",0.6571259248754336
87,"03/25/2023, 11:19:12",0.7971094523428359
88,"03/25/2023, 11:19:42",0.7495378145531011
89,"03/25/2023, 11:20:12",0.7021937922551824
90,"03/25/2023, 11:20:42",0.7616014356193975
91,"03/25/2023, 11:21:12",0.727231496355043
92,"03/25/2023, 11:21:42",0.8278375437381202
93,"03/25/2023, 11:22:12",0.7534072779139884
94,"03/25/2023, 11:22:43",0.7572767412748761
95,"03/25/2023, 11:23:13",0.9436938290729282
96,"03/25/2023, 11:23:43",0.8451363211162052
97,"03/25/2023, 11:24:13",0.8638007914451922
98,"03/25/2023, 11:24:43",0.7998408382446391
99,"03/25/2023, 11:25:13",0.907047734890406
100,"03/25/2023, 11:25:43",0.7809487524238348
101,"03/25/2023, 11:26:13",0.9353607873386152
102,"03/25/2023, 11:26:43",0.9705524571073249
103,"03/25/2023, 11:27:14",0.930492130547548
104,"03/25/2023, 11:27:44",0.8471848605425571
105,"03/25/2023, 11:28:14",0.8510543239034454
106,"03/25/2023, 11:28:44",0.9935416217808338
107,"03/25/2023, 11:29:14",0.7761688270956804
108,"03/25/2023, 11:29:44",0.8501438619361767
109,"03/25/2023, 11:30:14",0.8927079589059407
110,"03/25/2023, 11:30:44",0.767747053898454
111,"03/25/2023, 11:31:14",1.1059836747383898
112,"03/25/2023, 11:31:44",0.8039379170973433
113,"03/25/2023, 11:32:14",0.8371697789026133
114,"03/25/2023, 11:32:44",0.9366377488266052
115,"03/25/2023, 11:33:15",1.1524172350690398
116,"03/25/2023, 11:33:45",0.8123596902945694
117,"03/25/2023, 11:34:15",0.8708568716915165
118,"03/25/2023, 11:34:45",0.9600821444837476
119,"03/25/2023, 11:35:15",0.9038611180049688
120,"03/25/2023, 11:35:45",1.0622815003095414
121,"03/25/2023, 11:36:15",1.154797553008888
122,"03/25/2023, 11:36:45",0.9436938290729294
123,"03/25/2023, 11:37:15",0.9398243657120412
124,"03/25/2023, 11:37:45",0.9195665869403364
125,"03/25/2023, 11:38:15",0.9341339784166184
126,"03/25/2023, 11:38:46",0.9892169274363124
127,"03/25/2023, 11:39:16",0.923208434809407
128,"03/25/2023, 11:39:46",0.834210777508994
129,"03/25/2023, 11:40:16",1.0643300397358937
130,"03/25/2023, 11:40:46",0.8492333999689097
131,"03/25/2023, 11:41:16",0.946880445958366
132,"03/25/2023, 11:41:46",0.9159247390712656
133,"03/25/2023, 11:42:16",0.8369421634107962
134,"03/25/2023, 11:42:46",0.8920251124304897
135,"03/25/2023, 11:43:16",0.8970326532504616
136,"03/25/2023, 11:43:46",0.851737170378896
137,"03/25/2023, 11:44:17",0.7397503484049737
138,"03/25/2023, 11:44:47",0.8542409407888815
139,"03/25/2023, 11:45:17",0.8271546972626693
140,"03/25/2023, 11:45:47",0.7456683511922131
141,"03/25/2023, 11:46:17",1.0318851874277544
142,"03/25/2023, 11:46:47",0.786866755211075
143,"03/25/2023, 11:47:17",0.8722225646424177
144,"03/25/2023, 11:47:47",0.8847414166923486
145,"03/25/2023, 11:48:17",0.9730562275173114
146,"03/25/2023, 11:48:47",0.9261674362030272
147,"03/25/2023, 11:49:17",1.198623179907874
148,"03/25/2023, 11:49:48",0.8200986170163443
149,"03/25/2023, 11:50:18",0.956667912106494
150,"03/25/2023, 11:50:48",0.9238912812848576
151,"03/25/2023, 11:51:18",0.8030274551300758
152,"03/25/2023, 11:51:48",0.9753323824354804
153,"03/25/2023, 11:52:18",0.8849690321841656
154,"03/25/2023, 11:52:48",0.9102343517758428
155,"03/25/2023, 11:53:18",0.7554558173403407
156,"03/25/2023, 11:53:48",1.0880020508848534
157,"03/25/2023, 11:54:18",0.9427833671056618
158,"03/25/2023, 11:54:48",0.9867131570263264
159,"03/25/2023, 11:55:18",0.7547729708648897
160,"03/25/2023, 11:55:48",0.847867707018008
161,"03/25/2023, 11:56:19",0.983275777310922
162,"03/25/2023, 11:56:49",1.001008156192729
163,"03/25/2023, 11:57:19",1.0999383615913194
164,"03/25/2023, 11:57:49",0.7618290511112141
165,"03/25/2023, 11:58:19",0.7921019115228639
166,"03/25/2023, 11:58:49",0.9027230405458848
167,"03/25/2023, 11:59:19",0.7381570399622549
168,"03/25/2023, 11:59:49",0.8430877816898532
169,"03/25/2023, 12:00:19",0.841266857755318
170,"03/25/2023, 12:00:49",0.9024954250540675
171,"03/25/2023, 12:01:20",0.8401287802962328
172,"03/25/2023, 12:01:50",0.8016617621791745
173,"03/25/2023, 12:02:20",0.9675934557137058
174,"03/25/2023, 12:02:50",0.9578059895655784
175,"03/25/2023, 12:03:20",0.862207483002474
176,"03/25/2023, 12:03:50",0.86471125341246
177,"03/25/2023, 12:04:20",0.8399011648044159
178,"03/25/2023, 12:04:50",0.8187329240654433
179,"03/25/2023, 12:05:20",1.0315534089142582
180,"03/25/2023, 12:05:50",0.8810995688232777
181,"03/25/2023, 12:06:21",0.9004468856277152
182,"03/25/2023, 12:06:51",0.9686929542758718
183,"03/25/2023, 12:07:21",0.8810995688232777
184,"03/25/2023, 12:07:51",0.969186764156424
185,"03/25/2023, 12:08:21",0.8933908053813913
186,"03/25/2023, 12:08:51",1.0402027976033017
187,"03/25/2023, 12:09:21",0.9539365262046908
188,"03/25/2023, 12:09:51",0.8317070070990076
189,"03/25/2023, 12:10:21",1.026318252602469
190,"03/25/2023, 12:10:51",0.9166075855467164
191,"03/25/2023, 12:11:21",0.881554799806911
192,"03/25/2023, 12:11:51",0.9616754529264652
193,"03/25/2023, 12:12:22",0.8524200168543465
194,"03/25/2023, 12:12:52",0.8667597928388124
195,"03/25/2023, 12:13:22",1.0249525596515678
196,"03/25/2023, 12:13:52",0.8888384955450527
197,"03/25/2023, 12:14:22",0.8556066337397833
198,"03/25/2023, 12:14:52",0.90454396448042
199,"03/25/2023, 12:15:22",0.8100835353764002
200,"03/25/2023, 12:15:52",0.9466528304665492
201,"03/25/2023, 12:16:22",1.0265458680942865
202,"03/25/2023, 12:16:52",0.8808719533314611
203,"03/25/2023, 12:17:22",0.9247130117892134
204,"03/25/2023, 12:17:53",0.7770792890629475
205,"03/25/2023, 12:18:23",0.8913422659550382
206,"03/25/2023, 12:18:53",1.072296581949486
207,"03/25/2023, 12:19:23",0.7823144453747365
208,"03/25/2023, 12:19:53",0.9150142771039986
209,"03/25/2023, 12:20:23",0.8444534746407543
210,"03/25/2023, 12:20:53",0.7606909736521297
211,"03/25/2023, 12:21:23",1.0017357794862427
212,"03/25/2023, 12:21:53",0.8845138012005316
213,"03/25/2023, 12:22:23",0.992858775305383
214,"03/25/2023, 12:22:53",0.9555298346474088
215,"03/25/2023, 12:23:24",0.7889152946374273
216,"03/25/2023, 12:23:54",0.8328450845580918
217,"03/25/2023, 12:24:24",0.8216919254590629
218,"03/25/2023, 12:24:54",0.7158507217641972
219,"03/25/2023, 12:25:24",0.9450595220238308
220,"03/25/2023, 12:25:54",0.5483257197869481
221,"03/25/2023, 12:26:24",0.7017385612715489
222,"03/25/2023, 12:26:54",0.6584916178263348
223,"03/25/2023, 12:27:24",0.5680125308842652
224,"03/25/2023, 12:27:54",0.6905854021725201
225,"03/25/2023, 12:28:24",0.7172164147150986
226,"03/25/2023, 12:28:54",0.6184312912665579
227,"03/25/2023, 12:29:25",0.6425585333991505
228,"03/25/2023, 12:29:55",0.7172164147150989
229,"03/25/2023, 12:30:25",0.6589468488099687
230,"03/25/2023, 12:30:55",0.6996900218451964
231,"03/25/2023, 12:31:25",0.6600849262690531
232,"03/25/2023, 12:31:55",0.6707828543844483
233,"03/25/2023, 12:32:25",0.7561386638157916
234,"03/25/2023, 12:32:55",0.766836591931186
235,"03/25/2023, 12:33:25",0.8476400915261918
236,"03/25/2023, 12:33:55",0.8533304788216134
237,"03/25/2023, 12:34:25",0.7884600636537933
238,"03/25/2023, 12:34:56",0.7909638340637799
239,"03/25/2023, 12:35:26",0.8772301054623903
240,"03/25/2023, 12:35:56",0.9498394473519858
241,"03/25/2023, 12:36:26",0.8742711040687706
242,"03/25/2023, 16:01:03",0.7716852706802114
243,"03/25/2023, 16:01:33",0.8248797918348486
244,"03/25/2023, 16:02:03",0.8223140058077393
245,"03/25/2023, 16:02:33",0.8472676298123094
246,"03/25/2023, 16:03:03",0.9293540530884634
247,"03/25/2023, 16:03:34",0.9698696106318754
248,"03/25/2023, 16:04:04",0.9978663161253548
249,"03/25/2023, 16:04:34",1.0078813977652987
250,"03/25/2023, 16:05:04",0.6810255515162094
251,"03/25/2023, 16:05:34",0.8867899561187009
252,"03/25/2023, 16:06:04",0.7219963400432541
253,"03/25/2023, 16:06:34",0.9002192701358982
254,"03/25/2023, 16:07:05",1.0392923356360333
255,"03/25/2023, 16:07:35",0.6894473247134356
256,"03/25/2023, 16:08:05",1.0477141088332595
257,"03/25/2023, 16:08:35",0.6489317671700242
258,"03/25/2023, 16:09:05",0.4759439933891694
259,"03/25/2023, 16:09:35",0.4438502090429842
260,"03/25/2023, 16:10:05",0.5307453164613605
261,"03/25/2023, 16:10:36",0.6202522152010932
262,"03/25/2023, 16:11:06",0.9898997739117632
263,"03/25/2023, 16:11:36",0.7770792890629475
264,"03/25/2023, 16:12:06",0.7226791865187046
265,"03/25/2023, 16:12:36",0.8688083322651643
266,"03/25/2023, 16:13:06",0.8389907028371483
267,"03/25/2023, 16:13:36",0.829658467672654
268,"03/25/2023, 16:14:07",0.8148634607045553
269,"03/25/2023, 16:14:37",0.9113724292349276
270,"03/25/2023, 16:15:07",0.8339831620171763
271,"03/25/2023, 16:15:37",0.882692877265996
272,"03/25/2023, 16:16:07",1.0559082665386683
273,"03/25/2023, 16:16:37",1.109397907115644
274,"03/25/2023, 16:17:07",1.0338295638324275
275,"03/25/2023, 16:17:38",1.0192621723561452
276,"03/25/2023, 16:18:08",1.0465760313741748
277,"03/25/2023, 16:18:38",1.0151650935034404
278,"03/25/2023, 16:19:08",0.9885340809608612
279,"03/25/2023, 16:19:38",0.845819167591656
280,"03/25/2023, 16:20:08",0.9509775248110708
281,"03/25/2023, 16:20:38",1.007349008987829
282,"03/25/2023, 16:21:09",0.8344383930008102
283,"03/25/2023, 16:21:39",1.0087918597325671
284,"03/25/2023, 16:22:09",0.8838309547250809
285,"03/25/2023, 16:22:39",0.9343615939084357
286,"03/25/2023, 16:23:09",0.9127381221858288
287,"03/25/2023, 16:23:39",0.8801891068560096
288,"03/25/2023, 16:24:09",0.9807951542390864
289,"03/25/2023, 16:24:40",0.9063648884149552
290,"03/25/2023, 16:25:10",0.9391415192365916
291,"03/25/2023, 16:25:40",0.9229808193175898
292,"03/25/2023, 16:26:10",0.9794294612881848
293,"03/25/2023, 16:26:40",0.984664617599974
294,"03/25/2023, 16:27:10",1.0008253175189752
295,"03/25/2023, 16:27:41",0.902040194070434
296,"03/25/2023, 16:28:11",0.9662277627628036
297,"03/25/2023, 16:28:41",0.930264515055731
298,"03/25/2023, 16:29:11",0.8023446086546249
299,"03/25/2023, 16:29:41",1.0317810244060757
300,"03/25/2023, 16:30:11",0.8917974969386726
301,"03/25/2023, 16:30:41",0.8997640391522647
302,"03/25/2023, 16:31:12",0.8659187728859968
303,"03/25/2023, 16:31:42",0.9020401940704336
304,"03/25/2023, 16:32:12",0.9327682854657174
305,"03/25/2023, 16:32:42",1.038154258176949
306,"03/25/2023, 16:33:12",0.8758644125114886
307,"03/25/2023, 16:33:42",0.9168352010385336
308,"03/25/2023, 16:34:13",0.8235128493935985
309,"03/25/2023, 16:34:43",0.81304253677002
310,"03/25/2023, 16:35:13",0.879733875872376
311,"03/25/2023, 16:35:43",0.8838309547250799
312,"03/25/2023, 16:36:13",0.7631947440621155
313,"03/25/2023, 16:36:44",1.0957409776066285
314,"03/25/2023, 16:37:14",0.658491617826335
315,"03/25/2023, 16:37:44",0.8706292561997001
316,"03/25/2023, 16:38:14",0.8043931480809776
317,"03/25/2023, 16:38:44",0.5435457944587928
318,"03/25/2023, 16:39:14",0.6842121684016462
319,"03/25/2023, 16:39:44",1.022448789241582
320,"03/25/2023, 16:40:15",0.4684326821592109
321,"03/25/2023, 16:40:45",0.4704812215855632
322,"03/25/2023, 16:41:15",0.5288935294092904
323,"03/25/2023, 16:41:45",0.5581131859350754
324,"03/25/2023, 16:42:15",0.7477168906185656
325,"03/25/2023, 16:42:45",0.7839077538174551
326,"03/25/2023, 16:43:16",0.7388398864377056
327,"03/25/2023, 16:43:46",0.6662305445481098
328,"03/25/2023, 16:44:16",0.6571259248754336
329,"03/25/2023, 16:44:46",0.7971094523428359
330,"03/25/2023, 16:45:16",0.7495378145531011
331,"03/25/2023, 16:45:46",0.7021937922551824
332,"03/25/2023, 16:46:16",0.7616014356193975
333,"03/25/2023, 16:46:47",0.727231496355043
334,"03/25/2023, 16:47:17",0.8278375437381202
335,"03/25/2023, 16:47:47",0.7534072779139884
336,"03/25/2023, 16:48:17",0.7572767412748761
337,"03/25/2023, 16:48:47",0.9436938290729282
338,"03/25/2023, 16:49:17",0.8451363211162052
339,"03/25/2023, 16:49:47",0.8638007914451922
340,"03/25/2023, 16:50:18",0.7998408382446391
341,"03/25/2023, 16:50:48",0.907047734890406
342,"03/25/2023, 16:51:18",0.7809487524238348
343,"03/25/2023, 16:51:48",0.9353607873386152
344,"03/25/2023, 16:52:18",0.9705524571073249
345,"03/25/2023, 16:52:48",0.930492130547548
346,"03/25/2023, 16:53:18",0.8471848605425571
347,"03/25/2023, 16:53:48",0.8510543239034454
348,"03/25/2023, 16:54:19",0.9935416217808338
349,"03/25/2023, 16:54:49",0.7761688270956804
350,"03/25/2023, 16:55:19",0.8501438619361767
351,"03/25/2023, 16:55:49",0.8927079589059407
352,"03/25/2023, 16:56:19",0.767747053898454
353,"03/25/2023, 16:56:49",1.1059836747383898
354,"03/25/2023, 16:57:20",0.8039379170973433
355,"03/25/2023, 16:57:50",0.8371697789026133
356,"03/25/2023, 16:58:20",0.9366377488266052
357,"03/25/2023, 16:58:50",1.1524172350690398
358,"03/25/2023, 16:59:20",0.8123596902945694
359,"03/25/2023, 16:59:50",0.8708568716915165
360,"03/25/2023, 17:00:21",0.9600821444837476
361,"03/25/2023, 17:00:51",0.9038611180049688
362,"03/25/2023, 17:01:21",1.0622815003095414
363,"03/25/2023, 17:01:51",1.154797553008888
364,"03/25/2023, 17:02:21",0.9436938290729294
365,"03/25/2023, 17:02:51",0.9398243657120412
366,"03/25/2023, 17:03:21",0.9195665869403364
367,"03/25/2023, 17:03:52",0.9341339784166184
368,"03/25/2023, 17:04:22",0.9892169274363124
369,"03/25/2023, 17:04:52",0.923208434809407
370,"03/25/2023, 17:05:22",0.834210777508994
371,"03/25/2023, 17:05:52",1.0643300397358937
372,"03/25/2023, 17:06:22",0.8492333999689097
373,"03/25/2023, 17:06:53",0.946880445958366
374,"03/25/2023, 17:07:23",0.9159247390712656
375,"03/25/2023, 17:07:53",0.8369421634107962
376,"03/25/2023, 17:08:23",0.8920251124304897
377,"03/25/2023, 17:08:53",0.8970326532504616
378,"03/25/2023, 17:09:23",0.851737170378896
379,"03/25/2023, 17:09:53",0.7397503484049737
380,"03/25/2023, 17:10:24",0.8542409407888815
381,"03/25/2023, 17:10:54",0.8271546972626693
382,"03/25/2023, 17:11:24",0.7456683511922131
383,"03/25/2023, 17:11:54",1.0318851874277544
384,"03/25/2023, 17:12:24",0.786866755211075
385,"03/25/2023, 17:12:54",0.8722225646424177
386,"03/25/2023, 17:13:25",0.8847414166923486
387,"03/25/2023, 17:13:55",0.9730562275173114
388,"03/25/2023, 17:14:25",0.9261674362030272
389,"03/25/2023, 17:14:55",1.198623179907874
390,"03/25/2023, 17:15:25",0.8200986170163443
391,"03/25/2023, 17:15:55",0.956667912106494
392,"03/25/2023, 17:16:25",0.9238912812848576
393,"03/25/2023, 17:16:56",0.8030274551300758
394,"03/25/2023, 17:17:26",0.9753323824354804
395,"03/25/2023, 17:17:56",0.8849690321841656
396,"03/25/2023, 17:18:26",0.9102343517758428
397,"03/25/2023, 17:18:56",0.7554558173403407
398,"03/25/2023, 17:19:26",1.0880020508848534
399,"03/25/2023, 17:19:56",0.9427833671056618
400,"03/25/2023, 17:20:26",0.9867131570263264
401,"03/25/2023, 17:20:56",0.7547729708648897
402,"03/25/2023, 17:21:27",0.847867707018008
403,"03/25/2023, 17:21:57",0.983275777310922
404,"03/25/2023, 17:22:27",1.001008156192729
405,"03/25/2023, 17:22:57",1.0999383615913194
406,"03/25/2023, 17:23:27",0.7618290511112141
407,"03/25/2023, 17:23:57",0.7921019115228639
408,"03/25/2023, 17:24:27",0.9027230405458848
409,"03/25/2023, 17:24:57",0.7381570399622549
410,"03/25/2023, 17:25:27",0.8430877816898532
411,"03/25/2023, 17:25:57",0.841266857755318
412,"03/25/2023, 17:26:27",0.9024954250540675
413,"03/25/2023, 17:26:58",0.8401287802962328
414,"03/25/2023, 17:27:28",0.8016617621791745
415,"03/25/2023, 17:27:58",0.9675934557137058
416,"03/25/2023, 17:28:28",0.9578059895655784
417,"03/25/2023, 17:28:58",0.862207483002474
418,"03/25/2023, 17:29:28",0.86471125341246
419,"03/25/2023, 17:29:58",0.8399011648044159
420,"03/25/2023, 17:30:28",0.8187329240654433
421,"03/25/2023, 17:30:58",1.0315534089142582
422,"03/25/2023, 17:31:28",0.8810995688232777
423,"03/25/2023, 17:31:59",0.9004468856277152
424,"03/25/2023, 17:32:29",0.9686929542758718
425,"03/25/2023, 17:32:59",0.8810995688232777
426,"03/25/2023, 17:33:29",0.969186764156424
427,"03/25/2023, 17:33:59",0.8933908053813913
428,"03/25/2023, 17:34:29",1.0402027976033017
429,"03/25/2023, 17:34:59",0.9539365262046908
430,"03/25/2023, 17:35:29",0.8317070070990076
431,"03/25/2023, 17:35:59",1.026318252602469
432,"03/25/2023, 17:36:29",0.9166075855467164
433,"03/25/2023, 17:36:59",0.881554799806911
434,"03/25/2023, 17:37:29",0.9616754529264652
435,"03/25/2023, 17:38:00",0.8524200168543465
436,"03/25/2023, 17:38:30",0.8667597928388124
437,"03/25/2023, 17:39:00",1.0249525596515678
438,"03/25/2023, 17:39:30",0.8888384955450527
439,"03/25/2023, 17:40:00",0.8556066337397833
440,"03/25/2023, 17:40:30",0.90454396448042
441,"03/25/2023, 17:41:00",0.8100835353764002
442,"03/25/2023, 17:41:30",0.9466528304665492
443,"03/25/2023, 17:42:00",1.0265458680942865
444,"03/25/2023, 17:42:30",0.8808719533314611
445,"03/25/2023, 17:43:00",0.9247130117892134
446,"03/25/2023, 17:43:30",0.7770792890629475
447,"03/25/2023, 17:44:01",0.8913422659550382
448,"03/25/2023, 17:44:31",1.072296581949486
449,"03/25/2023, 17:45:01",0.7823144453747365
450,"03/25/2023, 17:45:31",0.9150142771039986
451,"03/25/2023, 17:46:01",0.8444534746407543
452,"03/25/2023, 17:46:31",0.7606909736521297
453,"03/25/2023, 17:47:01",1.0017357794862427
454,"03/25/2023, 17:47:31",0.8845138012005316
455,"03/25/2023, 17:48:01",0.992858775305383
456,"03/25/2023, 17:48:31",0.9555298346474088
457,"03/25/2023, 17:49:01",0.7889152946374273
458,"03/25/2023, 17:49:32",0.8328450845580918
459,"03/25/2023, 17:50:02",0.8216919254590629
460,"03/25/2023, 17:50:32",0.7158507217641972
461,"03/25/2023, 17:51:02",0.9450595220238308
462,"03/25/2023, 17:51:32",0.5483257197869481
463,"03/25/2023, 17:52:02",0.7017385612715489
464,"03/25/2023, 17:52:32",0.6584916178263348
465,"03/25/2023, 17:53:02",0.5680125308842652
466,"03/25/2023, 17:53:32",0.6905854021725201
467,"03/25/2023, 17:54:02",0.7172164147150986
468,"03/25/2023, 17:54:32",0.6184312912665579
469,"03/25/2023, 17:55:03",0.6425585333991505
470,"03/25/2023, 17:55:33",0.7172164147150989
471,"03/25/2023, 17:56:03",0.6589468488099687
472,"03/25/2023, 17:56:33",0.6996900218451964
473,"03/25/2023, 17:57:03",0.6600849262690531
474,"03/25/2023, 17:57:33",0.6707828543844483
475,"03/25/2023, 17:58:03",0.7561386638157916
476,"03/25/2023, 17:58:33",0.766836591931186
477,"03/25/2023, 17:59:03",0.8476400915261918
478,"03/25/2023, 17:59:33",0.8533304788216134
479,"03/25/2023, 18:00:03",0.7884600636537933
480,"03/25/2023, 18:00:34",0.7909638340637799
481,"03/25/2023, 18:01:04",0.8772301054623903
482,"03/25/2023, 18:01:34",0.9498394473519858
483,"03/25/2023, 18:02:04",0.8742711040687706
484,"03/25/2023, 18:02:34",0.8428601661980359
485,"03/25/2023, 18:03:04",0.905909657431322
486,"03/25/2023, 18:03:34",0.7807365684907858
487,"03/25/2023, 18:04:04",0.927533129153928
488,"03/25/2023, 18:04:34",1.0322362553897095
489,"03/25/2023, 18:05:04",0.9234360503012238
490,"03/25/2023, 18:05:34",0.8804167223478266
491,"03/25/2023, 18:06:04",0.9170628165303504
492,"03/25/2023, 18:06:35",1.0524940341614142
493,"03/25/2023, 18:07:05",0.9675934557137053
494,"03/25/2023, 18:07:35",0.9122828912021954
495,"03/25/2023, 18:08:05",0.8843645451403234
496,"03/25/2023, 18:08:35",0.9513324506627177
497,"03/25/2023, 18:09:05",1.053404496128682
498,"03/25/2023, 18:09:35",0.8715397181669675
499,"03/25/2023, 18:10:05",0.9557574501392267
500,"03/25/2023, 18:10:35",0.8012065311955406
501,"03/25/2023, 18:11:05",0.8285203902135705
502,"03/25/2023, 18:11:35",1.0151650935034406
503,"03/25/2023, 18:12:06",0.7686575158657217
504,"03/25/2023, 18:12:36",0.8200986170163443
505,"03/25/2023, 18:13:06",0.8715397181669676
506,"03/25/2023, 18:13:36",0.8006432793005359
507,"03/25/2023, 18:14:06",1.161749470233533
508,"03/25/2023, 18:14:36",1.1103083690829116
509,"03/25/2023, 18:15:06",0.7474892751267489
510,"03/25/2023, 18:15:36",0.8606141745597555
511,"03/25/2023, 18:16:06",0.8551514027561492
512,"03/25/2023, 18:16:36",0.8983983462013634
513,"03/25/2023, 18:17:06",1.1854214813824928
514,"03/25/2023, 18:17:37",0.7367913470113541
515,"03/27/2023, 13:16:07",0.7716852706802114
516,"03/27/2023, 13:16:37",0.8248797918348486
517,"03/27/2023, 13:17:07",0.8223140058077393
518,"03/27/2023, 13:17:38",0.8472676298123094
519,"03/27/2023, 13:18:08",0.9293540530884634
520,"03/27/2023, 13:18:38",0.9698696106318754
521,"03/27/2023, 13:19:08",0.9978663161253548
522,"03/27/2023, 13:19:38",1.0078813977652987
523,"03/27/2023, 13:20:08",0.6810255515162094
524,"03/27/2023, 13:20:38",0.8867899561187009
525,"03/27/2023, 13:21:09",0.7219963400432541
526,"03/27/2023, 13:21:39",0.9002192701358982
527,"03/27/2023, 13:22:09",1.0392923356360333
528,"03/27/2023, 13:22:39",0.6894473247134356
529,"03/27/2023, 13:23:09",1.0477141088332595
530,"03/27/2023, 13:23:39",0.6489317671700242
531,"03/27/2023, 13:24:10",0.4759439933891694
532,"03/27/2023, 13:24:40",0.4438502090429842
533,"03/27/2023, 13:25:10",0.5307453164613605
534,"03/27/2023, 13:25:40",0.6202522152010932
535,"03/27/2023, 13:26:10",0.9898997739117632
536,"03/27/2023, 13:26:40",0.7770792890629475
537,"03/27/2023, 13:27:11",0.7226791865187046
538,"03/27/2023, 13:27:41",0.8688083322651643
539,"03/27/2023, 13:28:11",0.8389907028371483
540,"03/27/2023, 13:28:41",0.829658467672654
541,"03/27/2023, 13:29:11",0.8148634607045553
542,"03/27/2023, 13:29:41",0.9113724292349276
543,"03/27/2023, 13:30:11",0.8339831620171763
544,"03/27/2023, 13:30:42",0.882692877265996
545,"03/27/2023, 13:31:12",1.0559082665386683
546,"03/27/2023, 13:31:42",1.109397907115644
547,"03/27/2023, 13:32:12",1.0338295638324275
548,"03/27/2023, 13:32:42",1.0192621723561452
549,"03/27/2023, 13:33:12",1.0465760313741748
550,"03/27/2023, 13:33:42",1.0151650935034404
551,"03/27/2023, 13:34:13",0.9885340809608612
552,"03/27/2023, 13:34:43",0.845819167591656
553,"03/27/2023, 13:35:13",0.9509775248110708
554,"03/27/2023, 13:35:43",1.007349008987829
555,"03/27/2023, 13:36:13",0.8344383930008102
556,"03/27/2023, 13:36:43",1.0087918597325671
557,"03/27/2023, 13:37:13",0.8838309547250809
558,"03/27/2023, 13:37:43",0.9343615939084357
559,"03/27/2023, 13:38:13",0.9127381221858288
560,"03/27/2023, 13:38:43",0.8801891068560096
561,"03/27/2023, 13:39:14",0.9807951542390864
562,"03/27/2023, 13:39:44",0.9063648884149552
563,"03/27/2023, 13:40:14",0.9391415192365916
564,"03/27/2023, 13:40:44",0.9229808193175898
565,"03/27/2023, 13:41:14",0.9794294612881848
566,"03/27/2023, 13:41:44",0.984664617599974
567,"03/27/2023, 13:42:14",1.0008253175189752
568,"03/27/2023, 13:42:44",0.902040194070434
569,"03/27/2023, 13:43:14",0.9662277627628036
570,"03/27/2023, 13:43:44",0.930264515055731
571,"03/27/2023, 13:44:14",0.8023446086546249
572,"03/27/2023, 13:44:44",1.0317810244060757
573,"03/27/2023, 13:45:15",0.8917974969386726
574,"03/27/2023, 13:45:45",0.8997640391522647
575,"03/27/2023, 13:46:15",0.8659187728859968
576,"03/27/2023, 13:46:45",0.9020401940704336
577,"03/27/2023, 13:47:15",0.9327682854657174
578,"03/27/2023, 13:47:45",1.038154258176949
579,"03/27/2023, 13:48:15",0.8758644125114886
580,"03/27/2023, 13:48:45",0.9168352010385336
581,"03/27/2023, 13:49:15",0.8235128493935985
582,"03/27/2023, 13:49:45",0.81304253677002
583,"03/27/2023, 13:50:15",0.879733875872376
584,"03/27/2023, 13:50:46",0.8838309547250799
585,"03/27/2023, 13:51:16",0.7631947440621155
586,"03/27/2023, 13:51:46",1.0957409776066285
587,"03/27/2023, 13:52:16",0.658491617826335
588,"03/27/2023, 13:52:46",0.8706292561997001
589,"03/27/2023, 13:53:16",0.8043931480809776
590,"03/27/2023, 13:53:46",0.5435457944587928
591,"03/27/2023, 13:54:16",0.6842121684016462
592,"03/27/2023, 13:54:46",1.022448789241582
593,"03/27/2023, 13:55:16",0.4684326821592109
594,"03/27/2023, 13:55:46",0.4704812215855632
595,"03/27/2023, 13:56:17",0.5288935294092904
596,"03/27/2023, 13:56:47",0.5581131859350754
597,"03/27/2023, 13:57:17",0.7477168906185656
598,"03/27/2023, 13:57:47",0.7839077538174551
599,"03/27/2023, 13:58:17",0.7388398864377056
600,"03/27/2023, 13:58:47",0.6662305445481098
601,"03/27/2023, 13:59:17",0.6571259248754336
602,"03/27/2023, 13:59:47",0.7971094523428359
603,"03/27/2023, 14:00:17",0.7495378145531011
604,"03/27/2023, 14:00:47",0.7021937922551824
605,"03/27/2023, 14:01:17",0.7616014356193975
606,"03/27/2023, 14:01:48",0.727231496355043
607,"03/27/2023, 14:02:18",0.8278375437381202
608,"03/27/2023, 14:02:48",0.7534072779139884
609,"03/27/2023, 14:03:18",0.7572767412748761
610,"03/27/2023, 14:03:48",0.9436938290729282
611,"03/27/2023, 14:04:18",0.8451363211162052
612,"03/27/2023, 14:04:48",0.8638007914451922
613,"03/27/2023, 14:05:18",0.7998408382446391
614,"03/27/2023, 14:05:48",0.907047734890406
615,"03/27/2023, 14:06:18",0.7809487524238348
616,"03/27/2023, 14:06:48",0.9353607873386152
617,"03/27/2023, 14:07:18",0.9705524571073249
618,"03/27/2023, 14:07:49",0.930492130547548
619,"03/27/2023, 14:08:19",0.8471848605425571
620,"03/27/2023, 14:08:49",0.8510543239034454
621,"03/27/2023, 14:09:19",0.9935416217808338
622,"03/27/2023, 14:09:49",0.7761688270956804
623,"03/27/2023, 14:10:19",0.8501438619361767
624,"03/27/2023, 14:10:49",0.8927079589059407
625,"03/27/2023, 14:11:19",0.767747053898454
626,"03/27/2023, 14:11:49",1.1059836747383898
627,"03/27/2023, 14:12:19",0.8039379170973433
628,"03/27/2023, 14:12:49",0.8371697789026133
629,"03/27/2023, 14:13:19",0.9366377488266052
630,"03/27/2023, 14:13:50",1.1524172350690398
631,"03/27/2023, 14:14:20",0.8123596902945694
632,"03/27/2023, 14:14:50",0.8708568716915165
633,"03/27/2023, 14:15:20",0.9600821444837476
634,"03/27/2023, 14:15:50",0.9038611180049688
635,"03/27/2023, 14:16:20",1.0622815003095414
636,"03/27/2023, 14:16:50",1.154797553008888
637,"03/27/2023, 14:17:20",0.9436938290729294
638,"03/27/2023, 14:17:50",0.9398243657120412
639,"03/27/2023, 14:18:21",0.9195665869403364
640,"03/27/2023, 14:18:51",0.9341339784166184
641,"03/27/2023, 14:19:21",0.9892169274363124
642,"03/27/2023, 14:19:51",0.923208434809407
643,"03/27/2023, 14:20:21",0.834210777508994
644,"03/27/2023, 14:20:51",1.0643300397358937
645,"03/27/2023, 14:21:21",0.8492333999689097
646,"03/27/2023, 14:21:51",0.946880445958366
647,"03/27/2023, 14:22:21",0.9159247390712656
648,"03/27/2023, 14:22:51",0.8369421634107962
649,"03/27/2023, 14:23:21",0.8920251124304897
650,"03/27/2023, 14:23:51",0.8970326532504616
651,"03/27/2023, 14:24:21",0.851737170378896
652,"03/27/2023, 14:24:52",0.7397503484049737
653,"03/27/2023, 14:25:22",0.8542409407888815
654,"03/27/2023, 14:25:52",0.8271546972626693
655,"03/27/2023, 14:26:22",0.7456683511922131
656,"03/27/2023, 14:26:52",1.0318851874277544
657,"03/27/2023, 14:27:22",0.786866755211075
658,"03/27/2023, 14:27:52",0.8722225646424177
659,"03/27/2023, 14:28:22",0.8847414166923486
660,"03/27/2023, 14:28:52",0.9730562275173114
661,"03/27/2023, 14:29:22",0.9261674362030272
662,"03/27/2023, 14:29:52",1.198623179907874
663,"03/27/2023, 14:30:22",0.8200986170163443
664,"03/27/2023, 14:30:53",0.956667912106494
665,"03/27/2023, 14:31:23",0.9238912812848576
666,"03/27/2023, 14:31:53",0.8030274551300758
667,"03/27/2023, 14:32:23",0.9753323824354804
668,"03/27/2023, 14:32:53",0.8849690321841656
669,"03/27/2023, 14:33:24",0.7716852706802114
670,"03/27/2023, 14:33:55",0.8248797918348486
671,"03/27/2023, 14:34:25",0.8223140058077393
672,"03/27/2023, 14:34:55",0.8472676298123094
673,"03/27/2023, 14:35:25",0.9293540530884634
674,"03/27/2023, 14:35:55",0.9698696106318754
675,"03/27/2023, 14:36:25",0.9978663161253548
676,"03/27/2023, 14:36:55",1.0078813977652987
677,"03/27/2023, 14:37:25",0.6810255515162094
678,"03/27/2023, 14:37:55",0.8867899561187009
679,"03/27/2023, 14:38:25",0.7219963400432541
680,"03/27/2023, 14:38:56",0.9002192701358982
681,"03/27/2023, 14:39:26",1.0392923356360333
682,"03/27/2023, 14:39:56",0.6894473247134356
683,"03/27/2023, 14:40:26",1.0477141088332595
684,"03/27/2023, 14:40:56",0.6489317671700242
685,"03/27/2023, 14:41:26",0.4759439933891694
686,"03/27/2023, 14:41:56",0.4438502090429842
687,"03/27/2023, 14:42:26",0.5307453164613605
688,"03/27/2023, 14:42:56",0.6202522152010932
689,"03/27/2023, 14:43:26",0.9898997739117632
690,"03/27/2023, 14:43:56",0.7770792890629475
691,"03/27/2023, 14:44:26",0.7226791865187046
692,"03/27/2023, 14:44:57",0.8688083322651643
693,"03/27/2023, 14:45:27",0.8389907028371483
694,"03/27/2023, 14:45:57",0.829658467672654
695,"03/27/2023, 14:46:27",0.8148634607045553
696,"03/27/2023, 14:46:57",0.9113724292349276
697,"03/27/2023, 14:47:27",0.8339831620171763
698,"03/27/2023, 14:47:57",0.882692877265996
699,"03/27/2023, 14:48:27",1.0559082665386683
700,"03/27/2023, 14:48:57",1.109397907115644
701,"03/27/2023, 14:49:27",1.0338295638324275
702,"03/27/2023, 14:49:58",1.0192621723561452
703,"03/27/2023, 14:50:28",1.0465760313741748
704,"03/27/2023, 14:50:58",1.0151650935034404
705,"03/27/2023, 14:51:28",0.9885340809608612
706,"03/27/2023, 14:51:58",0.845819167591656
707,"03/27/2023, 14:52:28",0.9509775248110708
708,"03/27/2023, 14:52:58",1.007349008987829
709,"03/27/2023, 14:53:28",0.8344383930008102
710,"03/27/2023, 14:53:58",1.0087918597325671
711,"03/27/2023, 14:54:28",0.8838309547250809
712,"03/27/2023, 14:54:58",0.9343615939084357
713,"03/27/2023, 14:55:29",0.9127381221858288
714,"03/27/2023, 14:55:59",0.8801891068560096
715,"03/27/2023, 14:56:29",0.9807951542390864
716,"03/27/2023, 14:56:59",0.9063648884149552
717,"03/27/2023, 14:57:29",0.9391415192365916
718,"03/27/2023, 14:57:59",0.9229808193175898
719,"03/27/2023, 14:58:29",0.9794294612881848
720,"03/27/2023, 14:58:59",0.984664617599974
721,"03/27/2023, 14:59:29",1.0008253175189752
722,"03/27/2023, 14:59:59",0.902040194070434
723,"03/27/2023, 15:00:29",0.9662277627628036
724,"03/27/2023, 15:00:59",0.930264515055731
725,"03/27/2023, 15:01:30",0.8023446086546249
726,"03/27/2023, 15:02:00",1.0317810244060757
727,"03/27/2023, 15:02:30",0.8917974969386726
728,"03/27/2023, 15:03:00",0.8997640391522647
729,"03/27/2023, 15:03:30",0.8659187728859968
730,"03/27/2023, 15:04:00",0.9020401940704336
731,"03/27/2023, 15:04:30",0.9327682854657174
732,"03/27/2023, 15:05:00",1.038154258176949
733,"03/27/2023, 15:05:30",0.8758644125114886
734,"03/27/2023, 15:06:00",0.9168352010385336
735,"03/27/2023, 15:06:31",0.8235128493935985
736,"03/27/2023, 15:07:01",0.81304253677002
737,"03/27/2023, 15:07:31",0.879733875872376
738,"03/27/2023, 15:17:30",0.7716852706802114
739,"03/27/2023, 15:18:00",0.8248797918348486
740,"03/27/2023, 15:18:30",0.8223140058077393
741,"03/27/2023, 15:19:00",0.8472676298123094
742,"03/27/2023, 15:19:31",0.9293540530884634
743,"03/27/2023, 15:20:01",0.9698696106318754
744,"03/27/2023, 15:20:31",0.9978663161253548
745,"03/27/2023, 15:21:01",1.0078813977652987
746,"03/27/2023, 15:21:31",0.6810255515162094
747,"03/27/2023, 15:22:01",0.8867899561187009
748,"03/27/2023, 15:22:31",0.7219963400432541
749,"03/27/2023, 15:23:02",0.9002192701358982
750,"03/27/2023, 15:23:32",1.0392923356360333
751,"03/27/2023, 15:24:02",0.6894473247134356
752,"03/27/2023, 15:24:32",1.0477141088332595
753,"03/27/2023, 15:25:02",0.6489317671700242
754,"03/27/2023, 15:25:32",0.4759439933891694
755,"03/27/2023, 15:26:03",0.4438502090429842
756,"03/27/2023, 15:26:33",0.5307453164613605
757,"03/27/2023, 15:27:03",0.6202522152010932
758,"03/27/2023, 15:27:33",0.9898997739117632
759,"03/27/2023, 15:28:03",0.7770792890629475
760,"03/27/2023, 15:28:33",0.7226791865187046
761,"03/27/2023, 15:29:04",0.8688083322651643
762,"03/27/2023, 15:29:34",0.8389907028371483
763,"03/27/2023, 15:30:04",0.829658467672654
764,"03/27/2023, 15:30:34",0.8148634607045553
765,"03/27/2023, 15:31:04",0.9113724292349276
766,"03/27/2023, 15:31:34",0.8339831620171763
767,"03/27/2023, 15:32:04",0.882692877265996
768,"03/27/2023, 15:32:35",1.0559082665386683
769,"03/27/2023, 15:33:05",1.109397907115644
770,"03/27/2023, 15:33:35",1.0338295638324275
771,"03/27/2023, 15:34:05",1.0192621723561452
772,"03/27/2023, 15:34:35",1.0465760313741748
773,"03/27/2023, 15:35:05",1.0151650935034404
774,"03/27/2023, 15:35:36",0.9885340809608612
775,"03/27/2023, 15:36:06",0.845819167591656
776,"03/27/2023, 15:36:36",0.9509775248110708
777,"03/27/2023, 15:37:06",1.007349008987829
778,"03/27/2023, 15:37:36",0.8344383930008102
779,"03/27/2023, 15:38:06",1.0087918597325671
780,"03/27/2023, 15:38:36",0.8838309547250809
781,"03/27/2023, 15:39:07",0.9343615939084357
782,"03/27/2023, 15:39:37",0.9127381221858288
783,"03/27/2023, 15:40:07",0.8801891068560096
784,"03/27/2023, 15:40:37",0.9807951542390864
785,"03/27/2023, 15:41:07",0.9063648884149552
786,"03/27/2023, 15:41:37",0.9391415192365916
787,"03/27/2023, 15:42:08",0.9229808193175898
788,"03/27/2023, 15:42:38",0.9794294612881848
789,"03/27/2023, 15:43:08",0.984664617599974
790,"03/27/2023, 15:43:38",1.0008253175189752
791,"03/27/2023, 15:44:08",0.902040194070434
792,"03/27/2023, 15:44:38",0.9662277627628036
793,"03/27/2023, 15:45:08",0.930264515055731
794,"03/27/2023, 15:45:39",0.8023446086546249
795,"03/27/2023, 15:46:09",1.0317810244060757
796,"03/27/2023, 15:46:39",0.8917974969386726
797,"03/27/2023, 15:47:09",0.8997640391522647
798,"03/27/2023, 15:47:39",0.8659187728859968
799,"03/27/2023, 15:48:09",0.9020401940704336
800,"03/27/2023, 15:48:40",0.9327682854657174
801,"03/27/2023, 15:49:10",1.038154258176949
802,"03/27/2023, 15:49:40",0.8758644125114886
803,"03/27/2023, 15:50:10",0.9168352010385336
804,"03/27/2023, 15:50:40",0.8235128493935985
805,"03/27/2023, 15:51:10",0.81304253677002
806,"03/27/2023, 15:51:40",0.879733875872376
807,"03/27/2023, 15:52:11",0.8838309547250799
808,"03/27/2023, 15:52:41",0.7631947440621155
809,"03/27/2023, 15:53:11",1.0957409776066285
810,"03/27/2023, 15:53:41",0.658491617826335
811,"03/27/2023, 15:54:11",0.8706292561997001
812,"03/27/2023, 15:54:41",0.8043931480809776
813,"03/27/2023, 15:55:12",0.5435457944587928
814,"03/27/2023, 15:55:42",0.6842121684016462
815,"03/27/2023, 15:56:12",1.022448789241582
816,"03/27/2023, 15:56:42",0.4684326821592109
817,"03/27/2023, 15:57:12",0.4704812215855632
818,"03/27/2023, 15:57:42",0.5288935294092904
819,"03/27/2023, 15:58:13",0.5581131859350754
820,"03/27/2023, 15:58:43",0.7477168906185656
821,"03/27/2023, 15:59:13",0.7839077538174551
822,"03/27/2023, 15:59:43",0.7388398864377056
823,"03/27/2023, 16:00:13",0.6662305445481098
824,"03/27/2023, 16:00:43",0.6571259248754336
825,"03/27/2023, 16:01:14",0.7971094523428359
826,"03/27/2023, 16:01:44",0.7495378145531011
827,"03/27/2023, 16:02:14",0.7021937922551824
828,"03/27/2023, 16:02:44",0.7616014356193975
829,"03/27/2023, 16:03:14",0.727231496355043
830,"03/27/2023, 16:03:44",0.8278375437381202
831,"03/27/2023, 16:04:14",0.7534072779139884
832,"03/27/2023, 16:04:45",0.7572767412748761
833,"03/27/2023, 16:05:15",0.9436938290729282
834,"03/27/2023, 16:05:45",0.8451363211162052
835,"03/27/2023, 16:06:15",0.8638007914451922
836,"03/27/2023, 16:06:45",0.7998408382446391
837,"03/27/2023, 16:07:15",0.907047734890406
838,"03/27/2023, 16:07:46",0.7809487524238348
839,"03/27/2023, 16:08:16",0.9353607873386152
840,"03/27/2023, 16:08:46",0.9705524571073249
841,"03/27/2023, 16:09:16",0.930492130547548
842,"03/27/2023, 16:09:46",0.8471848605425571
843,"03/27/2023, 16:10:16",0.8510543239034454
844,"03/27/2023, 16:10:47",0.9935416217808338
845,"03/27/2023, 16:11:17",0.7761688270956804
846,"03/27/2023, 16:11:47",0.8501438619361767
847,"03/27/2023, 16:12:17",0.8927079589059407
848,"03/27/2023, 16:12:47",0.767747053898454
849,"03/27/2023, 16:13:17",1.1059836747383898
850,"03/27/2023, 16:13:47",0.8039379170973433
851,"03/27/2023, 16:14:18",0.8371697789026133
852,"03/27/2023, 16:14:48",0.9366377488266052
853,"03/27/2023, 16:15:18",1.1524172350690398
854,"03/27/2023, 16:15:48",0.8123596902945694
855,"03/27/2023, 16:16:18",0.8708568716915165
856,"03/27/2023, 16:16:48",0.9600821444837476
857,"03/27/2023, 16:17:19",0.9038611180049688
858,"03/27/2023, 16:17:49",1.0622815003095414
859,"03/27/2023, 16:18:19",1.154797553008888
860,"03/27/2023, 16:18:49",0.9436938290729294
861,"03/27/2023, 16:19:19",0.9398243657120412
862,"03/27/2023, 16:19:49",0.9195665869403364
863,"03/27/2023, 16:20:19",0.9341339784166184
864,"03/27/2023, 16:20:49",0.9892169274363124
865,"03/27/2023, 16:21:19",0.923208434809407
866,"03/27/2023, 16:21:49",0.834210777508994
867,"03/27/2023, 16:22:19",1.0643300397358937
868,"03/27/2023, 16:22:50",0.8492333999689097
869,"03/27/2023, 16:23:20",0.946880445958366
870,"03/27/2023, 16:23:50",0.9159247390712656
871,"03/27/2023, 16:24:20",0.8369421634107962
872,"03/27/2023, 16:24:50",0.8920251124304897
873,"03/27/2023, 16:25:20",0.8970326532504616
874,"03/27/2023, 16:25:50",0.851737170378896
875,"03/27/2023, 16:26:20",0.7397503484049737
876,"03/27/2023, 16:26:50",0.8542409407888815
877,"03/27/2023, 16:27:20",0.8271546972626693
878,"03/27/2023, 16:27:50",0.7456683511922131
879,"03/27/2023, 16:28:20",1.0318851874277544
880,"03/27/2023, 16:28:51",0.786866755211075
881,"03/27/2023, 16:29:21",0.8722225646424177
882,"03/27/2023, 16:29:51",0.8847414166923486
883,"03/27/2023, 16:30:21",0.9730562275173114
884,"03/27/2023, 16:30:51",0.9261674362030272
885,"03/27/2023, 16:31:21",1.198623179907874
886,"03/27/2023, 16:31:51",0.8200986170163443
887,"03/27/2023, 16:32:21",0.956667912106494
888,"03/27/2023, 16:32:51",0.9238912812848576
889,"03/27/2023, 16:33:21",0.8030274551300758
890,"03/27/2023, 16:33:51",0.9753323824354804
891,"03/27/2023, 16:34:21",0.8849690321841656
892,"03/27/2023, 16:34:52",0.9102343517758428
893,"03/27/2023, 16:35:22",0.7554558173403407
894,"03/27/2023, 16:35:52",1.0880020508848534
895,"03/27/2023, 16:36:22",0.9427833671056618
896,"03/27/2023, 16:36:52",0.9867131570263264
897,"03/27/2023, 16:37:22",0.7547729708648897
898,"03/27/2023, 16:37:52",0.847867707018008
899,"03/27/2023, 16:38:22",0.983275777310922
900,"03/27/2023, 16:38:52",1.001008156192729
901,"03/27/2023, 16:39:23",1.0999383615913194
902,"03/27/2023, 16:39:53",0.7618290511112141
903,"03/27/2023, 16:40:23",0.7921019115228639
904,"03/27/2023, 16:40:53",0.9027230405458848
905,"03/27/2023, 16:41:23",0.7381570399622549
906,"03/27/2023, 16:41:53",0.8430877816898532
907,"03/27/2023, 16:42:23",0.841266857755318
908,"03/27/2023, 16:42:53",0.9024954250540675
909,"03/27/2023, 16:43:23",0.8401287802962328
910,"03/27/2023, 16:43:53",0.8016617621791745
911,"03/27/2023, 16:44:23",0.9675934557137058
912,"03/27/2023, 16:44:54",0.9578059895655784
913,"03/27/2023, 16:45:24",0.862207483002474
914,"03/27/2023, 16:45:54",0.86471125341246
915,"03/27/2023, 16:46:24",0.8399011648044159
916,"03/27/2023, 16:46:54",0.8187329240654433
917,"03/27/2023, 16:47:24",1.0315534089142582
918,"03/27/2023, 16:47:54",0.8810995688232777
919,"03/27/2023, 16:48:24",0.9004468856277152
920,"03/27/2023, 16:48:54",0.9686929542758718
921,"03/27/2023, 16:49:24",0.8810995688232777
922,"03/27/2023, 16:49:54",0.969186764156424
923,"03/27/2023, 16:50:25",0.8933908053813913
924,"03/27/2023, 16:50:55",1.0402027976033017
925,"03/27/2023, 16:51:25",0.9539365262046908
926,"03/27/2023, 16:51:55",0.8317070070990076
927,"03/27/2023, 16:52:25",1.026318252602469
928,"03/27/2023, 16:52:55",0.9166075855467164
929,"03/27/2023, 16:53:25",0.881554799806911
930,"03/27/2023, 16:53:55",0.9616754529264652
931,"03/27/2023, 16:54:25",0.8524200168543465
932,"03/27/2023, 16:54:55",0.8667597928388124
933,"03/27/2023, 16:55:25",1.0249525596515678
934,"03/27/2023, 16:55:55",0.8888384955450527
935,"03/27/2023, 16:56:25",0.8556066337397833
936,"03/27/2023, 16:56:56",0.90454396448042
937,"03/27/2023, 16:57:26",0.8100835353764002
938,"03/27/2023, 16:57:56",0.9466528304665492
939,"03/27/2023, 16:58:26",1.0265458680942865
940,"03/27/2023, 16:58:56",0.8808719533314611
941,"03/27/2023, 16:59:26",0.9247130117892134
942,"03/27/2023, 16:59:56",0.7770792890629475
943,"03/27/2023, 17:00:26",0.8913422659550382
944,"03/27/2023, 17:00:56",1.072296581949486
945,"03/27/2023, 17:01:26",0.7823144453747365
946,"03/27/2023, 17:01:56",0.9150142771039986
947,"03/27/2023, 17:02:27",0.8444534746407543
948,"03/27/2023, 17:02:57",0.7606909736521297
949,"03/27/2023, 17:03:27",1.0017357794862427
950,"03/27/2023, 17:03:57",0.8845138012005316
951,"03/27/2023, 17:04:27",0.992858775305383
952,"03/27/2023, 17:04:57",0.9555298346474088
953,"03/27/2023, 17:05:27",0.7889152946374273
954,"03/27/2023, 17:05:57",0.8328450845580918
955,"03/27/2023, 17:06:27",0.8216919254590629
956,"03/27/2023, 17:06:57",0.7158507217641972
957,"03/27/2023, 17:07:28",0.9450595220238308
958,"03/27/2023, 17:07:58",0.5483257197869481
959,"03/27/2023, 17:08:28",0.7017385612715489
960,"03/27/2023, 17:08:58",0.6584916178263348
961,"03/27/2023, 17:09:28",0.5680125308842652
962,"03/27/2023, 17:09:58",0.6905854021725201
963,"03/27/2023, 17:10:28",0.7172164147150986
964,"03/27/2023, 17:10:58",0.6184312912665579
965,"03/27/2023, 17:35:27",0.7716852706802114
966,"03/27/2023, 17:35:57",0.8248797918348486
967,"03/27/2023, 17:36:28",0.8223140058077393
968,"03/27/2023, 17:36:58",0.8472676298123094
969,"03/27/2023, 17:37:28",0.9293540530884634
970,"03/27/2023, 17:37:58",0.9698696106318754
971,"03/27/2023, 17:38:28",0.9978663161253548
972,"03/27/2023, 17:38:58",1.0078813977652987
973,"03/27/2023, 17:39:28",0.6810255515162094
974,"03/27/2023, 17:39:58",0.8867899561187009
975,"03/27/2023, 17:40:28",0.7219963400432541
976,"03/27/2023, 17:40:58",0.9002192701358982
977,"03/27/2023, 17:41:29",1.0392923356360333
978,"03/27/2023, 17:41:59",0.6894473247134356
979,"03/27/2023, 17:42:29",1.0477141088332595
980,"03/27/2023, 17:42:59",0.6489317671700242
981,"03/27/2023, 18:19:43",0.7716852706802114
982,"03/27/2023, 18:20:14",0.8248797918348486
983,"03/27/2023, 18:20:44",0.8223140058077393
984,"03/27/2023, 18:21:14",0.8472676298123094
985,"03/27/2023, 18:21:44",0.9293540530884634
986,"03/27/2023, 18:22:14",0.9698696106318754
987,"03/27/2023, 18:22:44",0.9978663161253548
988,"03/27/2023, 18:23:14",1.0078813977652987
989,"03/27/2023, 18:23:45",0.6810255515162094
990,"03/27/2023, 18:24:15",0.8867899561187009
991,"03/27/2023, 18:24:45",0.7219963400432541
992,"03/27/2023, 18:25:15",0.9002192701358982
993,"03/27/2023, 18:25:45",1.0392923356360333
994,"03/27/2023, 18:26:15",0.6894473247134356
995,"03/27/2023, 18:26:46",1.0477141088332595
996,"03/27/2023, 18:27:16",0.6489317671700242
997,"03/27/2023, 18:27:46",0.4759439933891694
998,"03/27/2023, 18:28:16",0.4438502090429842
999,"03/27/2023, 18:28:46",0.5307453164613605
1000,"03/27/2023, 18:29:16",0.6202522152010932
1001,"03/27/2023, 18:29:47",0.9898997739117632
1002,"03/27/2023, 18:30:17",0.7770792890629475
1003,"03/27/2023, 18:30:47",0.7226791865187046
1004,"03/27/2023, 18:31:17",0.8688083322651643
1005,"03/27/2023, 18:31:47",0.8389907028371483
1006,"03/27/2023, 18:32:17",0.829658467672654
1007,"03/27/2023, 18:32:47",0.8148634607045553
1008,"03/27/2023, 18:33:18",0.9113724292349276
1009,"03/27/2023, 18:33:48",0.8339831620171763
1010,"03/27/2023, 18:34:18",0.882692877265996
1011,"03/27/2023, 18:34:48",1.0559082665386683
1012,"03/27/2023, 18:35:18",1.109397907115644
1013,"03/27/2023, 18:35:48",1.0338295638324275
1014,"03/27/2023, 18:36:19",1.0192621723561452
1015,"03/27/2023, 18:36:49",1.0465760313741748
1016,"03/27/2023, 18:37:19",1.0151650935034404
1017,"03/27/2023, 18:37:49",0.9885340809608612
1018,"03/27/2023, 18:38:19",0.845819167591656
1019,"03/27/2023, 18:38:49",0.9509775248110708
1020,"03/27/2023, 18:39:20",1.007349008987829
1021,"03/27/2023, 18:39:50",0.8344383930008102
1022,"03/27/2023, 18:40:20",1.0087918597325671
1023,"03/27/2023, 18:40:50",0.8838309547250809
1024,"03/27/2023, 18:41:20",0.9343615939084357
1025,"03/27/2023, 18:41:50",0.9127381221858288
1026,"03/27/2023, 18:42:20",0.8801891068560096
1027,"03/27/2023, 18:42:51",0.9807951542390864
1028,"03/27/2023, 18:43:21",0.9063648884149552
1029,"03/27/2023, 18:43:51",0.9391415192365916
1030,"03/27/2023, 18:44:21",0.9229808193175898
1031,"03/27/2023, 18:44:51",0.9794294612881848
1032,"03/27/2023, 18:45:21",0.984664617599974
1033,"03/27/2023, 18:45:52",1.0008253175189752
1034,"03/27/2023, 18:46:22",0.902040194070434
1035,"03/27/2023, 18:46:52",0.9662277627628036
1036,"03/27/2023, 18:47:22",0.930264515055731
1037,"03/27/2023, 18:47:52",0.8023446086546249
1038,"03/27/2023, 18:48:22",1.0317810244060757
1039,"03/27/2023, 18:48:52",0.8917974969386726
1040,"03/27/2023, 18:49:23",0.8997640391522647
1041,"03/27/2023, 18:49:53",0.8659187728859968
1042,"03/27/2023, 18:50:23",0.9020401940704336
1043,"03/27/2023, 18:50:53",0.9327682854657174
1044,"03/27/2023, 18:51:23",1.038154258176949
1045,"03/27/2023, 18:51:53",0.8758644125114886
1046,"03/27/2023, 18:52:24",0.9168352010385336
1047,"03/27/2023, 18:52:54",0.8235128493935985
1048,"03/27/2023, 18:53:24",0.81304253677002
1049,"03/27/2023, 18:53:54",0.879733875872376
1050,"03/27/2023, 18:54:24",0.8838309547250799
1051,"03/27/2023, 18:54:54",0.7631947440621155
1052,"03/27/2023, 18:55:25",1.0957409776066285
1053,"03/27/2023, 18:55:55",0.658491617826335
1054,"03/27/2023, 18:56:25",0.8706292561997001
1055,"03/27/2023, 18:56:55",0.8043931480809776
1056,"03/27/2023, 18:57:25",0.5435457944587928
1057,"03/27/2023, 18:57:55",0.6842121684016462
1058,"03/27/2023, 18:58:26",1.022448789241582
1059,"03/27/2023, 18:58:56",0.4684326821592109
1060,"03/27/2023, 18:59:26",0.4704812215855632
1061,"03/27/2023, 18:59:56",0.5288935294092904
1062,"03/27/2023, 19:00:26",0.5581131859350754
1063,"03/27/2023, 19:00:56",0.7477168906185656
1064,"03/27/2023, 19:01:27",0.7839077538174551
1065,"03/28/2023, 08:09:32",0.7716852706802114
1066,"03/28/2023, 08:10:02",0.8248797918348486
1067,"03/28/2023, 08:10:32",0.8223140058077393
1068,"03/28/2023, 08:11:02",0.8472676298123094
1069,"03/28/2023, 08:11:32",0.9293540530884634
1070,"03/28/2023, 08:12:03",0.9698696106318754
1071,"03/28/2023, 08:12:33",0.9978663161253548
1072,"03/28/2023, 08:13:03",1.0078813977652987
1073,"03/28/2023, 08:13:33",0.6810255515162094
1074,"03/28/2023, 08:14:03",0.8867899561187009
1075,"03/28/2023, 08:14:34",0.7219963400432541
1076,"03/28/2023, 08:15:04",0.9002192701358982
1077,"03/28/2023, 08:15:34",1.0392923356360333
1078,"03/28/2023, 08:16:04",0.6894473247134356
1079,"03/28/2023, 08:16:34",1.0477141088332595
1080,"03/28/2023, 08:17:04",0.6489317671700242
1081,"03/28/2023, 08:17:35",0.4759439933891694
1082,"03/28/2023, 08:18:05",0.4438502090429842
1083,"03/28/2023, 08:18:35",0.5307453164613605
1084,"03/28/2023, 08:19:05",0.6202522152010932
1085,"03/28/2023, 08:19:35",0.9898997739117632
1086,"03/28/2023, 08:20:05",0.7770792890629475
1087,"03/28/2023, 08:20:36",0.7226791865187046
1088,"03/28/2023, 08:21:06",0.8688083322651643
1089,"03/28/2023, 08:21:36",0.8389907028371483
1090,"03/28/2023, 08:22:06",0.829658467672654
1091,"03/28/2023, 08:22:36",0.8148634607045553
1092,"03/28/2023, 08:23:07",0.9113724292349276
1093,"03/28/2023, 08:23:37",0.8339831620171763
1094,"03/28/2023, 08:24:07",0.882692877265996
1095,"03/28/2023, 08:24:37",1.0559082665386683
1096,"03/28/2023, 08:25:07",1.109397907115644
1097,"03/28/2023, 08:25:37",1.0338295638324275
1098,"03/28/2023, 08:26:07",1.0192621723561452
1099,"03/28/2023, 08:26:38",1.0465760313741748
1100,"03/28/2023, 08:27:08",1.0151650935034404
1101,"03/28/2023, 08:27:38",0.9885340809608612
1102,"03/28/2023, 08:28:08",0.845819167591656
1103,"03/28/2023, 08:28:38",0.9509775248110708
1104,"03/28/2023, 08:29:08",1.007349008987829
1105,"03/28/2023, 08:29:39",0.8344383930008102
1106,"03/28/2023, 08:30:09",1.0087918597325671
1107,"03/28/2023, 08:30:39",0.8838309547250809
1108,"03/28/2023, 08:31:09",0.9343615939084357
1109,"03/28/2023, 08:31:39",0.9127381221858288
1110,"03/28/2023, 08:32:09",0.8801891068560096
1111,"03/28/2023, 08:32:39",0.9807951542390864
1112,"03/28/2023, 08:33:10",0.9063648884149552
1113,"03/28/2023, 08:33:40",0.9391415192365916
1114,"03/28/2023, 08:34:10",0.9229808193175898
1115,"03/28/2023, 08:34:40",0.9794294612881848
1116,"03/28/2023, 08:35:10",0.984664617599974
1117,"03/28/2023, 08:35:41",1.0008253175189752
1118,"03/28/2023, 08:36:11",0.902040194070434
1119,"03/28/2023, 08:36:41",0.9662277627628036
1120,"03/28/2023, 08:37:11",0.930264515055731
1121,"03/28/2023, 08:37:41",0.8023446086546249
1122,"03/28/2023, 08:38:11",1.0317810244060757
1123,"03/28/2023, 08:38:41",0.8917974969386726
1124,"03/28/2023, 08:39:12",0.8997640391522647
1125,"03/28/2023, 08:39:42",0.8659187728859968
1126,"03/28/2023, 08:40:12",0.9020401940704336
1127,"03/28/2023, 08:40:42",0.9327682854657174
1128,"03/28/2023, 08:41:12",1.038154258176949
1129,"03/28/2023, 08:41:42",0.8758644125114886
1130,"03/28/2023, 08:42:12",0.9168352010385336
1131,"03/28/2023, 08:42:42",0.8235128493935985
1132,"03/28/2023, 08:43:12",0.81304253677002
1133,"03/28/2023, 08:43:42",0.879733875872376
1134,"03/28/2023, 08:44:13",0.8838309547250799
1135,"03/28/2023, 08:44:43",0.7631947440621155
1136,"03/28/2023, 08:45:13",1.0957409776066285
1137,"03/28/2023, 08:45:43",0.658491617826335
1138,"03/28/2023, 08:46:13",0.8706292561997001
1139,"03/28/2023, 08:46:43",0.8043931480809776
1140,"03/28/2023, 08:47:13",0.5435457944587928
1141,"03/28/2023, 08:47:43",0.6842121684016462
1142,"03/28/2023, 08:48:13",1.022448789241582
1143,"03/28/2023, 08:48:43",0.4684326821592109
1144,"03/28/2023, 08:49:13",0.4704812215855632
1145,"03/28/2023, 08:49:44",0.5288935294092904
1146,"03/28/2023, 08:50:14",0.5581131859350754
1147,"03/28/2023, 08:50:44",0.7477168906185656
1148,"03/28/2023, 08:51:14",0.7839077538174551
1149,"03/28/2023, 08:51:44",0.7388398864377056
1150,"03/28/2023, 08:52:14",0.6662305445481098
1151,"03/28/2023, 08:52:44",0.6571259248754336
1152,"03/28/2023, 08:53:14",0.7971094523428359
1153,"03/28/2023, 08:53:44",0.7495378145531011
1154,"03/28/2023, 08:54:14",0.7021937922551824
1155,"03/28/2023, 08:54:44",0.7616014356193975
1156,"03/28/2023, 08:55:15",0.727231496355043
1157,"03/28/2023, 08:55:45",0.8278375437381202
1158,"03/28/2023, 08:56:15",0.7534072779139884
1159,"03/28/2023, 08:56:45",0.7572767412748761
1160,"03/28/2023, 08:57:15",0.9436938290729282
1161,"03/28/2023, 08:57:45",0.8451363211162052
1162,"03/28/2023, 08:58:15",0.8638007914451922
1163,"03/28/2023, 08:58:45",0.7998408382446391
1164,"03/28/2023, 08:59:15",0.907047734890406
1165,"03/28/2023, 08:59:45",0.7809487524238348
1166,"03/28/2023, 09:00:15",0.9353607873386152
1167,"03/28/2023, 09:00:45",0.9705524571073249
1168,"03/28/2023, 09:01:15",0.930492130547548
1169,"03/28/2023, 09:01:46",0.8471848605425571
1170,"03/28/2023, 09:02:16",0.8510543239034454
1171,"03/28/2023, 09:02:46",0.9935416217808338
1172,"03/28/2023, 09:03:16",0.7761688270956804
1173,"03/28/2023, 09:03:46",0.8501438619361767
1174,"03/28/2023, 09:04:16",0.8927079589059407
1175,"03/28/2023, 09:04:46",0.767747053898454
1176,"03/28/2023, 09:05:16",1.1059836747383898
1177,"03/28/2023, 09:05:46",0.8039379170973433
1178,"03/28/2023, 09:06:16",0.8371697789026133
1179,"03/28/2023, 09:06:46",0.9366377488266052
1180,"03/28/2023, 09:07:17",1.1524172350690398
1181,"03/28/2023, 09:07:47",0.8123596902945694
1182,"03/28/2023, 09:08:17",0.8708568716915165
1183,"03/28/2023, 09:08:47",0.9600821444837476
1184,"03/28/2023, 09:09:17",0.9038611180049688
1185,"03/28/2023, 09:09:47",1.0622815003095414
1186,"03/28/2023, 09:10:17",1.154797553008888
1187,"03/28/2023, 09:10:47",0.9436938290729294
1188,"03/28/2023, 09:11:17",0.9398243657120412
1189,"03/28/2023, 09:11:47",0.9195665869403364
1190,"03/28/2023, 09:12:17",0.9341339784166184
1191,"03/28/2023, 09:12:48",0.9892169274363124
1192,"03/28/2023, 09:13:18",0.923208434809407
1193,"03/28/2023, 09:13:48",0.834210777508994
1194,"03/28/2023, 09:14:18",1.0643300397358937
1195,"03/28/2023, 09:14:48",0.8492333999689097
1196,"03/28/2023, 09:15:18",0.946880445958366
1197,"03/28/2023, 09:15:48",0.9159247390712656
1198,"03/28/2023, 09:16:18",0.8369421634107962
1199,"03/28/2023, 09:16:48",0.8920251124304897
1200,"03/28/2023, 09:17:18",0.8970326532504616
1201,"03/28/2023, 09:17:48",0.851737170378896
1202,"03/28/2023, 09:18:19",0.7397503484049737
1203,"03/28/2023, 09:18:49",0.8542409407888815
1204,"03/28/2023, 09:19:19",0.8271546972626693
1205,"03/28/2023, 09:19:49",0.7456683511922131
1206,"03/28/2023, 09:20:19",1.0318851874277544
1207,"03/28/2023, 09:20:49",0.786866755211075
1208,"03/28/2023, 09:21:19",0.8722225646424177
1209,"03/28/2023, 09:21:49",0.8847414166923486
1210,"03/28/2023, 09:22:19",0.9730562275173114
1211,"03/28/2023, 09:22:49",0.9261674362030272
1212,"03/28/2023, 09:23:19",1.198623179907874
1213,"03/28/2023, 09:23:49",0.8200986170163443
1214,"03/28/2023, 09:24:20",0.956667912106494
1215,"03/28/2023, 09:24:50",0.9238912812848576
1216,"03/28/2023, 09:25:20",0.8030274551300758
1217,"03/28/2023, 09:25:50",0.9753323824354804
1218,"03/28/2023, 09:26:20",0.8849690321841656
1219,"03/28/2023, 09:26:50",0.9102343517758428
1220,"03/28/2023, 09:27:20",0.7554558173403407
1221,"03/28/2023, 09:27:50",1.0880020508848534
1222,"03/28/2023, 09:28:20",0.9427833671056618
1223,"03/28/2023, 09:28:50",0.9867131570263264
1224,"03/28/2023, 09:29:20",0.7547729708648897
1225,"03/28/2023, 09:29:50",0.847867707018008
1226,"03/28/2023, 09:30:20",0.983275777310922
1227,"03/28/2023, 09:30:51",1.001008156192729
1228,"03/28/2023, 09:31:21",1.0999383615913194
1229,"03/28/2023, 09:31:51",0.7618290511112141
1230,"03/28/2023, 09:32:21",0.7921019115228639
1231,"03/28/2023, 09:32:51",0.9027230405458848
1232,"03/28/2023, 09:33:21",0.7381570399622549
1233,"03/28/2023, 09:33:51",0.8430877816898532
1234,"03/28/2023, 09:34:21",0.841266857755318
1235,"03/28/2023, 09:34:51",0.9024954250540675
1236,"03/28/2023, 09:35:21",0.8401287802962328
1237,"03/28/2023, 09:35:51",0.8016617621791745
1238,"03/28/2023, 09:36:22",0.9675934557137058
1239,"03/28/2023, 09:36:52",0.9578059895655784
1240,"03/28/2023, 09:37:22",0.862207483002474
1241,"03/28/2023, 09:37:52",0.86471125341246
1242,"03/28/2023, 09:38:22",0.8399011648044159
1243,"03/28/2023, 09:38:52",0.8187329240654433
1244,"03/28/2023, 09:39:22",1.0315534089142582
1245,"03/28/2023, 09:39:52",0.8810995688232777
1246,"03/28/2023, 09:40:22",0.9004468856277152
1247,"03/28/2023, 09:40:52",0.9686929542758718
1248,"03/28/2023, 09:41:23",0.8810995688232777
1249,"03/28/2023, 09:41:53",0.969186764156424
1250,"03/28/2023, 09:42:23",0.8933908053813913
1251,"03/28/2023, 09:42:53",1.0402027976033017
1252,"03/28/2023, 09:43:23",0.9539365262046908
1253,"03/28/2023, 09:43:53",0.8317070070990076
1254,"03/28/2023, 09:44:23",1.026318252602469
1255,"03/28/2023, 09:44:53",0.9166075855467164
1256,"03/28/2023, 09:45:23",0.881554799806911
1257,"03/28/2023, 09:45:53",0.9616754529264652
1258,"03/28/2023, 09:46:23",0.8524200168543465
1259,"03/28/2023, 09:46:54",0.8667597928388124
1260,"03/28/2023, 09:47:24",1.0249525596515678
1261,"03/28/2023, 09:47:54",0.8888384955450527
1262,"03/28/2023, 09:48:24",0.8556066337397833
1263,"03/28/2023, 09:48:54",0.90454396448042
1264,"03/28/2023, 09:49:24",0.8100835353764002
1265,"03/28/2023, 09:49:54",0.9466528304665492
1266,"03/28/2023, 09:50:24",1.0265458680942865
1267,"03/28/2023, 09:50:54",0.8808719533314611
1268,"03/28/2023, 09:51:24",0.9247130117892134
1269,"03/28/2023, 09:51:54",0.7770792890629475
1270,"03/28/2023, 09:52:24",0.8913422659550382
1271,"03/28/2023, 09:52:55",1.072296581949486
1272,"03/28/2023, 09:53:25",0.7823144453747365
1273,"03/28/2023, 09:53:55",0.9150142771039986
1274,"03/28/2023, 09:54:25",0.8444534746407543
1275,"03/28/2023, 09:54:55",0.7606909736521297
1276,"03/28/2023, 09:55:25",1.0017357794862427
1277,"03/28/2023, 09:55:55",0.8845138012005316
1278,"03/28/2023, 09:56:25",0.992858775305383
1279,"03/28/2023, 09:56:55",0.9555298346474088
1280,"03/28/2023, 09:57:25",0.7889152946374273
1281,"03/28/2023, 09:57:55",0.8328450845580918
1282,"03/28/2023, 09:58:26",0.8216919254590629
1283,"03/28/2023, 09:58:56",0.7158507217641972
1284,"03/28/2023, 09:59:26",0.9450595220238308
1285,"03/28/2023, 09:59:56",0.5483257197869481
1286,"03/28/2023, 10:00:26",0.7017385612715489
1287,"03/28/2023, 10:00:56",0.6584916178263348
1288,"03/28/2023, 10:01:26",0.5680125308842652
1289,"03/28/2023, 10:01:56",0.6905854021725201
1290,"03/28/2023, 10:02:26",0.7172164147150986
1291,"03/28/2023, 10:02:56",0.6184312912665579
1292,"03/28/2023, 10:03:26",0.6425585333991505
1293,"03/28/2023, 10:03:57",0.7172164147150989
1294,"03/28/2023, 10:04:27",0.6589468488099687
1295,"03/28/2023, 10:04:57",0.6996900218451964
1296,"03/28/2023, 10:05:27",0.6600849262690531
1297,"03/28/2023, 10:05:57",0.6707828543844483
1298,"03/28/2023, 10:06:27",0.7561386638157916
1299,"03/28/2023, 10:06:57",0.766836591931186
1300,"03/28/2023, 10:07:27",0.8476400915261918
1301,"03/28/2023, 10:07:57",0.8533304788216134
1302,"03/28/2023, 10:08:27",0.7884600636537933
1303,"03/28/2023, 10:08:57",0.7909638340637799
1304,"03/28/2023, 10:09:28",0.8772301054623903
1305,"03/28/2023, 10:09:58",0.9498394473519858
1306,"03/28/2023, 10:10:28",0.8742711040687706
1307,"03/28/2023, 10:10:58",0.8428601661980359
1308,"03/28/2023, 10:11:28",0.905909657431322
1309,"03/28/2023, 10:11:58",0.7807365684907858
1310,"03/28/2023, 10:12:28",0.927533129153928
1311,"03/28/2023, 10:12:58",1.0322362553897095
1312,"03/28/2023, 10:13:28",0.9234360503012238
1313,"03/28/2023, 10:13:58",0.8804167223478266
1314,"03/28/2023, 10:14:28",0.9170628165303504
1315,"03/28/2023, 10:14:59",1.0524940341614142
1316,"03/28/2023, 10:15:29",0.9675934557137053
1317,"03/28/2023, 10:15:59",0.9122828912021954
1318,"03/28/2023, 10:16:29",0.8843645451403234
1319,"03/28/2023, 10:16:59",0.9513324506627177
1320,"03/28/2023, 10:17:29",1.053404496128682
1321,"03/28/2023, 10:17:59",0.8715397181669675
1322,"03/28/2023, 10:18:29",0.9557574501392267
1323,"03/28/2023, 10:18:59",0.8012065311955406
1324,"03/28/2023, 10:19:29",0.8285203902135705
1325,"03/28/2023, 10:19:59",1.0151650935034406
1326,"03/28/2023, 10:20:30",0.7686575158657217
1327,"03/28/2023, 10:21:00",0.8200986170163443
1328,"03/28/2023, 10:21:30",0.8715397181669676
1329,"03/28/2023, 10:22:00",0.8006432793005359
1330,"03/28/2023, 10:22:30",1.161749470233533
