,Date,P_SUM
0,"03/25/2023, 10:35:28",104413.20931652511
1,"03/25/2023, 10:35:58",105771.38543460645
2,"03/25/2023, 10:36:28",103772.55220220234
3,"03/25/2023, 10:36:58",105454.38428694475
4,"03/25/2023, 10:37:28",111023.1440519498
5,"03/25/2023, 10:37:58",111282.64523252942
6,"03/25/2023, 10:38:29",122737.81831176102
7,"03/25/2023, 10:38:59",122584.03182688136
8,"03/25/2023, 10:39:29",95299.88478160434
9,"03/25/2023, 10:39:59",111364.79718444467
10,"03/25/2023, 10:40:29",99181.2792054843
11,"03/25/2023, 10:40:59",112412.77965106993
12,"03/25/2023, 10:41:30",131795.05130272766
13,"03/25/2023, 10:42:00",97206.47530442796
14,"03/25/2023, 10:42:30",129679.16447540258
15,"03/25/2023, 10:43:00",89449.3764069301
16,"03/25/2023, 10:43:30",72297.68816073368
17,"03/25/2023, 10:44:00",69886.2064797956
18,"03/25/2023, 10:44:31",78310.02914908859
19,"03/25/2023, 10:45:01",90814.44475229604
20,"03/25/2023, 10:45:31",123752.4419003754
21,"03/25/2023, 10:46:01",101604.1249875344
22,"03/25/2023, 10:46:31",100986.67699056602
23,"03/25/2023, 10:47:01",113529.48257389084
24,"03/25/2023, 10:47:31",113246.74195538412
25,"03/25/2023, 10:48:02",110697.34371660558
26,"03/25/2023, 10:48:32",107604.7490616506
27,"03/25/2023, 10:49:02",117093.36303812575
28,"03/25/2023, 10:49:32",105380.37016834608
29,"03/25/2023, 10:50:02",99586.35516825362
30,"03/25/2023, 10:50:32",107743.13544410426
31,"03/25/2023, 10:51:02",112232.2076750236
32,"03/25/2023, 10:51:33",107025.5727282055
33,"03/25/2023, 10:52:03",107918.06220717033
34,"03/25/2023, 10:52:33",111331.42300595086
35,"03/25/2023, 10:53:03",113042.20942299571
36,"03/25/2023, 10:53:33",117042.78679271616
37,"03/25/2023, 10:54:03",102490.53352237334
38,"03/25/2023, 10:54:34",111887.6298219458
39,"03/25/2023, 10:55:04",116442.02632331917
40,"03/25/2023, 10:55:34",104420.4584459043
41,"03/25/2023, 10:56:04",115786.67784329882
42,"03/25/2023, 10:56:34",111284.93431783048
43,"03/25/2023, 10:57:04",111249.47195602952
44,"03/25/2023, 10:57:35",106337.48705800058
45,"03/25/2023, 10:58:05",107453.69321405356
46,"03/25/2023, 10:58:35",116430.66386275264
47,"03/25/2023, 10:59:05",109115.00335736718
48,"03/25/2023, 10:59:35",110326.5025844975
49,"03/25/2023, 11:00:05",106314.67353895292
50,"03/25/2023, 11:00:35",111396.31684461593
51,"03/25/2023, 11:01:06",111186.4883494022
52,"03/25/2023, 11:01:36",117766.75592062317
53,"03/25/2023, 11:02:06",108436.93185327073
54,"03/25/2023, 11:02:36",113126.62468222433
55,"03/25/2023, 11:03:06",111415.64617759427
56,"03/25/2023, 11:03:37",101608.86481106534
57,"03/25/2023, 11:04:07",124645.3832425168
58,"03/25/2023, 11:04:37",111271.16088957836
59,"03/25/2023, 11:05:07",111345.14038786868
60,"03/25/2023, 11:05:37",105465.08634365047
61,"03/25/2023, 11:06:07",110110.96601127578
62,"03/25/2023, 11:06:37",112463.60486194708
63,"03/25/2023, 11:07:08",122942.92145237874
64,"03/25/2023, 11:07:38",106940.02889204772
65,"03/25/2023, 11:08:08",111417.36232633171
66,"03/25/2023, 11:08:38",103676.2600837864
67,"03/25/2023, 11:09:08",104057.18024274602
68,"03/25/2023, 11:09:38",109688.36567359055
69,"03/25/2023, 11:10:09",106196.22601415293
70,"03/25/2023, 11:10:39",99372.39836989928
71,"03/25/2023, 11:11:09",131230.6738625134
72,"03/25/2023, 11:11:39",95493.11873886218
73,"03/25/2023, 11:12:09",114690.47307730815
74,"03/25/2023, 11:12:39",106895.087215804
75,"03/25/2023, 11:13:10",87917.341707386
76,"03/25/2023, 11:13:40",97905.88117001115
77,"03/25/2023, 11:14:10",129018.51207224684
78,"03/25/2023, 11:14:40",76284.97290324859
79,"03/25/2023, 11:15:10",27099.671284046774
80,"03/25/2023, 11:15:40",406.2706519917399
81,"03/25/2023, 11:16:11",273.30437824975525
82,"03/25/2023, 11:16:41",59278.94575392304
83,"03/25/2023, 11:17:11",97564.76372073014
84,"03/25/2023, 11:17:41",96850.07134217596
85,"03/25/2023, 11:18:11",87461.7412214919
86,"03/25/2023, 11:18:41",85497.36243755976
87,"03/25/2023, 11:19:12",97594.88937385449
88,"03/25/2023, 11:19:42",97505.63317485953
89,"03/25/2023, 11:20:12",91910.82031824344
90,"03/25/2023, 11:20:42",99196.67431862238
91,"03/25/2023, 11:21:12",96059.90600514536
92,"03/25/2023, 11:21:42",103635.8303869249
93,"03/25/2023, 11:22:12",96845.29426529516
94,"03/25/2023, 11:22:43",98171.96471815334
95,"03/25/2023, 11:23:13",109809.2137111221
96,"03/25/2023, 11:23:43",103590.52399373376
97,"03/25/2023, 11:24:13",109461.76335867489
98,"03/25/2023, 11:24:43",102700.05883519063
99,"03/25/2023, 11:25:13",111359.7435347031
100,"03/25/2023, 11:25:43",102194.03560764546
101,"03/25/2023, 11:26:13",111304.28103439003
102,"03/25/2023, 11:26:43",113319.78579587842
103,"03/25/2023, 11:27:14",104815.26961400147
104,"03/25/2023, 11:27:44",103163.10417022034
105,"03/25/2023, 11:28:14",104179.2857471448
106,"03/25/2023, 11:28:44",118672.73393949946
107,"03/25/2023, 11:29:14",99177.49699261611
108,"03/25/2023, 11:29:44",106350.99771708855
109,"03/25/2023, 11:30:14",109423.9264284396
110,"03/25/2023, 11:30:44",99637.892350518
111,"03/25/2023, 11:31:14",120850.86363050411
112,"03/25/2023, 11:31:44",99633.88778171796
113,"03/25/2023, 11:32:14",105238.8031148388
114,"03/25/2023, 11:32:44",113517.27345371344
115,"03/25/2023, 11:33:15",131656.71082172295
116,"03/25/2023, 11:33:45",101658.66688529824
117,"03/25/2023, 11:34:15",110545.49124603612
118,"03/25/2023, 11:34:45",113312.93334152948
119,"03/25/2023, 11:35:15",111134.65829593648
120,"03/25/2023, 11:35:45",122632.52121946054
121,"03/25/2023, 11:36:15",131271.98770911523
122,"03/25/2023, 11:36:45",114047.44001184848
123,"03/25/2023, 11:37:15",113225.21467476412
124,"03/25/2023, 11:37:45",109965.62755502424
125,"03/25/2023, 11:38:15",110226.7687145456
126,"03/25/2023, 11:38:46",116091.03205710664
127,"03/25/2023, 11:39:16",111840.60245703884
128,"03/25/2023, 11:39:46",104963.62991564102
129,"03/25/2023, 11:40:16",125693.09362664036
130,"03/25/2023, 11:40:46",107674.46671019336
131,"03/25/2023, 11:41:16",116244.52334245064
132,"03/25/2023, 11:41:46",113354.3166576234
133,"03/25/2023, 11:42:16",105635.7706531782
134,"03/25/2023, 11:42:46",111773.2490657352
135,"03/25/2023, 11:43:16",111488.32446959314
136,"03/25/2023, 11:43:46",111918.16941965849
137,"03/25/2023, 11:44:17",104041.51920056138
138,"03/25/2023, 11:44:47",114185.0528883638
139,"03/25/2023, 11:45:17",106238.3146492501
140,"03/25/2023, 11:45:47",101763.21525179036
141,"03/25/2023, 11:46:17",122509.95398888044
142,"03/25/2023, 11:46:47",105551.8882499002
143,"03/25/2023, 11:47:17",112822.89230000184
144,"03/25/2023, 11:47:47",112648.5900294746
145,"03/25/2023, 11:48:17",113874.13825986034
146,"03/25/2023, 11:48:47",108474.2076549237
147,"03/25/2023, 11:49:17",132064.815781193
148,"03/25/2023, 11:49:48",99746.28862216928
149,"03/25/2023, 11:50:18",113590.72525165064
150,"03/25/2023, 11:50:48",114105.32273680848
151,"03/25/2023, 11:51:18",107013.7266618797
152,"03/25/2023, 11:51:48",117337.57853728246
153,"03/25/2023, 11:52:18",110773.83099731772
154,"03/25/2023, 11:52:48",115292.44496836436
155,"03/25/2023, 11:53:18",99247.79406379689
156,"03/25/2023, 11:53:48",123996.432216337
157,"03/25/2023, 11:54:18",116599.72638309856
158,"03/25/2023, 11:54:48",123074.39384593224
159,"03/25/2023, 11:55:18",103139.08008361186
160,"03/25/2023, 11:55:48",112095.48754842817
161,"03/25/2023, 11:56:19",119187.68254649996
162,"03/25/2023, 11:56:49",120312.29478978582
163,"03/25/2023, 11:57:19",132130.3782915549
164,"03/25/2023, 11:57:49",102728.7084906365
165,"03/25/2023, 11:58:19",107238.49308514775
166,"03/25/2023, 11:58:49",114349.3764167268
167,"03/25/2023, 11:59:19",99498.4096551972
168,"03/25/2023, 11:59:49",111624.24897107384
169,"03/25/2023, 12:00:19",107941.71409289938
170,"03/25/2023, 12:00:49",111642.35010767418
171,"03/25/2023, 12:01:20",108858.34856555008
172,"03/25/2023, 12:01:50",104984.90407305352
173,"03/25/2023, 12:02:20",119470.23319716408
174,"03/25/2023, 12:02:50",113239.47422596996
175,"03/25/2023, 12:03:20",108168.29994316492
176,"03/25/2023, 12:03:50",109599.64565673824
177,"03/25/2023, 12:04:20",108355.6518625756
178,"03/25/2023, 12:04:50",105635.61349060856
179,"03/25/2023, 12:05:20",123168.7890114923
180,"03/25/2023, 12:05:50",112411.83285053086
181,"03/25/2023, 12:06:21",109416.56789398528
182,"03/25/2023, 12:06:51",118177.3055691638
183,"03/25/2023, 12:07:21",112290.35200498054
184,"03/25/2023, 12:07:51",118540.86622803244
185,"03/25/2023, 12:08:21",112979.97304539032
186,"03/25/2023, 12:08:51",122205.72472431886
187,"03/25/2023, 12:09:21",111583.68838855908
188,"03/25/2023, 12:09:51",106190.82544259077
189,"03/25/2023, 12:10:21",121712.50983043104
190,"03/25/2023, 12:10:51",113179.87252500946
191,"03/25/2023, 12:11:21",109796.92709067228
192,"03/25/2023, 12:11:51",117331.01795627728
193,"03/25/2023, 12:12:22",110628.55723549964
194,"03/25/2023, 12:12:52",107768.98477854604
195,"03/25/2023, 12:13:22",122954.5719386178
196,"03/25/2023, 12:13:52",110958.50117446744
197,"03/25/2023, 12:14:22",111660.3932022249
198,"03/25/2023, 12:14:52",114414.67289092756
199,"03/25/2023, 12:15:22",109948.59246294443
200,"03/25/2023, 12:15:52",118459.82988089776
201,"03/25/2023, 12:16:22",121171.02590418086
202,"03/25/2023, 12:16:52",111581.36637395776
203,"03/25/2023, 12:17:22",115953.23762406818
204,"03/25/2023, 12:17:53",101740.907480229
205,"03/25/2023, 12:18:23",112690.44300387212
206,"03/25/2023, 12:18:53",128156.44228177484
207,"03/25/2023, 12:19:23",98094.80421619018
208,"03/25/2023, 12:19:53",112520.39077511102
209,"03/25/2023, 12:20:23",109420.79415347886
210,"03/25/2023, 12:20:53",101955.31131878162
211,"03/25/2023, 12:21:23",120307.21235757844
212,"03/25/2023, 12:21:53",109060.88172395638
213,"03/25/2023, 12:22:23",118816.36240046869
214,"03/25/2023, 12:22:53",112866.70456776844
215,"03/25/2023, 12:23:24",101381.91740373464
216,"03/25/2023, 12:23:54",104872.29468036682
217,"03/25/2023, 12:24:24",107399.33425684708
218,"03/25/2023, 12:24:54",100790.58101144349
219,"03/25/2023, 12:25:24",118688.96276265023
220,"03/25/2023, 12:25:54",87574.03362808566
221,"03/25/2023, 12:26:24",97692.98093653026
222,"03/25/2023, 12:26:54",92872.3176363886
223,"03/25/2023, 12:27:24",87277.63844476937
224,"03/25/2023, 12:27:54",90777.9035401356
225,"03/25/2023, 12:28:24",96552.84582295873
226,"03/25/2023, 12:28:54",88442.18519423142
227,"03/25/2023, 12:29:25",89770.39550765353
228,"03/25/2023, 12:29:55",98149.32881775589
229,"03/25/2023, 12:30:25",92627.67904561562
230,"03/25/2023, 12:30:55",100742.94079566954
231,"03/25/2023, 12:31:25",96619.57854684412
232,"03/25/2023, 12:31:55",98111.89136317409
233,"03/25/2023, 12:32:25",103987.13579584398
234,"03/25/2023, 12:32:55",101557.4041312158
235,"03/25/2023, 12:33:25",110108.89961452589
236,"03/25/2023, 12:33:55",105710.64755805708
237,"03/25/2023, 12:34:25",100525.66761762982
238,"03/25/2023, 12:34:56",103752.83118453568
239,"03/25/2023, 12:35:26",112234.01146891896
240,"03/25/2023, 12:35:56",119113.88711065204
241,"03/25/2023, 12:36:26",110657.57343729856
242,"03/25/2023, 16:01:03",104413.20931652511
243,"03/25/2023, 16:01:33",105771.38543460645
244,"03/25/2023, 16:02:03",103772.55220220234
245,"03/25/2023, 16:02:33",105454.38428694475
246,"03/25/2023, 16:03:03",111023.1440519498
247,"03/25/2023, 16:03:34",111282.64523252942
248,"03/25/2023, 16:04:04",122737.81831176102
249,"03/25/2023, 16:04:34",122584.03182688136
250,"03/25/2023, 16:05:04",95299.88478160434
251,"03/25/2023, 16:05:34",111364.79718444467
252,"03/25/2023, 16:06:04",99181.2792054843
253,"03/25/2023, 16:06:34",112412.77965106993
254,"03/25/2023, 16:07:05",131795.05130272766
255,"03/25/2023, 16:07:35",97206.47530442796
256,"03/25/2023, 16:08:05",129679.16447540258
257,"03/25/2023, 16:08:35",89449.3764069301
258,"03/25/2023, 16:09:05",72297.68816073368
259,"03/25/2023, 16:09:35",69886.2064797956
260,"03/25/2023, 16:10:05",78310.02914908859
261,"03/25/2023, 16:10:36",90814.44475229604
262,"03/25/2023, 16:11:06",123752.4419003754
263,"03/25/2023, 16:11:36",101604.1249875344
264,"03/25/2023, 16:12:06",100986.67699056602
265,"03/25/2023, 16:12:36",113529.48257389084
266,"03/25/2023, 16:13:06",113246.74195538412
267,"03/25/2023, 16:13:36",110697.34371660558
268,"03/25/2023, 16:14:07",107604.7490616506
269,"03/25/2023, 16:14:37",117093.36303812575
270,"03/25/2023, 16:15:07",105380.37016834608
271,"03/25/2023, 16:15:37",99586.35516825362
272,"03/25/2023, 16:16:07",107743.13544410426
273,"03/25/2023, 16:16:37",112232.2076750236
274,"03/25/2023, 16:17:07",107025.5727282055
275,"03/25/2023, 16:17:38",107918.06220717033
276,"03/25/2023, 16:18:08",111331.42300595086
277,"03/25/2023, 16:18:38",113042.20942299571
278,"03/25/2023, 16:19:08",117042.78679271616
279,"03/25/2023, 16:19:38",102490.53352237334
280,"03/25/2023, 16:20:08",111887.6298219458
281,"03/25/2023, 16:20:38",116442.02632331917
282,"03/25/2023, 16:21:09",104420.4584459043
283,"03/25/2023, 16:21:39",115786.67784329882
284,"03/25/2023, 16:22:09",111284.93431783048
285,"03/25/2023, 16:22:39",111249.47195602952
286,"03/25/2023, 16:23:09",106337.48705800058
287,"03/25/2023, 16:23:39",107453.69321405356
288,"03/25/2023, 16:24:09",116430.66386275264
289,"03/25/2023, 16:24:40",109115.00335736718
290,"03/25/2023, 16:25:10",110326.5025844975
291,"03/25/2023, 16:25:40",106314.67353895292
292,"03/25/2023, 16:26:10",111396.31684461593
293,"03/25/2023, 16:26:40",111186.4883494022
294,"03/25/2023, 16:27:10",117766.75592062317
295,"03/25/2023, 16:27:41",108436.93185327073
296,"03/25/2023, 16:28:11",113126.62468222433
297,"03/25/2023, 16:28:41",111415.64617759427
298,"03/25/2023, 16:29:11",101608.86481106534
299,"03/25/2023, 16:29:41",124645.3832425168
300,"03/25/2023, 16:30:11",111271.16088957836
301,"03/25/2023, 16:30:41",111345.14038786868
302,"03/25/2023, 16:31:12",105465.08634365047
303,"03/25/2023, 16:31:42",110110.96601127578
304,"03/25/2023, 16:32:12",112463.60486194708
305,"03/25/2023, 16:32:42",122942.92145237874
306,"03/25/2023, 16:33:12",106940.02889204772
307,"03/25/2023, 16:33:42",111417.36232633171
308,"03/25/2023, 16:34:13",103676.2600837864
309,"03/25/2023, 16:34:43",104057.18024274602
310,"03/25/2023, 16:35:13",109688.36567359055
311,"03/25/2023, 16:35:43",106196.22601415293
312,"03/25/2023, 16:36:13",99372.39836989928
313,"03/25/2023, 16:36:44",131230.6738625134
314,"03/25/2023, 16:37:14",95493.11873886218
315,"03/25/2023, 16:37:44",114690.47307730815
316,"03/25/2023, 16:38:14",106895.087215804
317,"03/25/2023, 16:38:44",87917.341707386
318,"03/25/2023, 16:39:14",97905.88117001115
319,"03/25/2023, 16:39:44",129018.51207224684
320,"03/25/2023, 16:40:15",76284.97290324859
321,"03/25/2023, 16:40:45",27099.671284046774
322,"03/25/2023, 16:41:15",406.2706519917399
323,"03/25/2023, 16:41:45",273.30437824975525
324,"03/25/2023, 16:42:15",59278.94575392304
325,"03/25/2023, 16:42:45",97564.76372073014
326,"03/25/2023, 16:43:16",96850.07134217596
327,"03/25/2023, 16:43:46",87461.7412214919
328,"03/25/2023, 16:44:16",85497.36243755976
329,"03/25/2023, 16:44:46",97594.88937385449
330,"03/25/2023, 16:45:16",97505.63317485953
331,"03/25/2023, 16:45:46",91910.82031824344
332,"03/25/2023, 16:46:16",99196.67431862238
333,"03/25/2023, 16:46:47",96059.90600514536
334,"03/25/2023, 16:47:17",103635.8303869249
335,"03/25/2023, 16:47:47",96845.29426529516
336,"03/25/2023, 16:48:17",98171.96471815334
337,"03/25/2023, 16:48:47",109809.2137111221
338,"03/25/2023, 16:49:17",103590.52399373376
339,"03/25/2023, 16:49:47",109461.76335867489
340,"03/25/2023, 16:50:18",102700.05883519063
341,"03/25/2023, 16:50:48",111359.7435347031
342,"03/25/2023, 16:51:18",102194.03560764546
343,"03/25/2023, 16:51:48",111304.28103439003
344,"03/25/2023, 16:52:18",113319.78579587842
345,"03/25/2023, 16:52:48",104815.26961400147
346,"03/25/2023, 16:53:18",103163.10417022034
347,"03/25/2023, 16:53:48",104179.2857471448
348,"03/25/2023, 16:54:19",118672.73393949946
349,"03/25/2023, 16:54:49",99177.49699261611
350,"03/25/2023, 16:55:19",106350.99771708855
351,"03/25/2023, 16:55:49",109423.9264284396
352,"03/25/2023, 16:56:19",99637.892350518
353,"03/25/2023, 16:56:49",120850.86363050411
354,"03/25/2023, 16:57:20",99633.88778171796
355,"03/25/2023, 16:57:50",105238.8031148388
356,"03/25/2023, 16:58:20",113517.27345371344
357,"03/25/2023, 16:58:50",131656.71082172295
358,"03/25/2023, 16:59:20",101658.66688529824
359,"03/25/2023, 16:59:50",110545.49124603612
360,"03/25/2023, 17:00:21",113312.93334152948
361,"03/25/2023, 17:00:51",111134.65829593648
362,"03/25/2023, 17:01:21",122632.52121946054
363,"03/25/2023, 17:01:51",131271.98770911523
364,"03/25/2023, 17:02:21",114047.44001184848
365,"03/25/2023, 17:02:51",113225.21467476412
366,"03/25/2023, 17:03:21",109965.62755502424
367,"03/25/2023, 17:03:52",110226.7687145456
368,"03/25/2023, 17:04:22",116091.03205710664
369,"03/25/2023, 17:04:52",111840.60245703884
370,"03/25/2023, 17:05:22",104963.62991564102
371,"03/25/2023, 17:05:52",125693.09362664036
372,"03/25/2023, 17:06:22",107674.46671019336
373,"03/25/2023, 17:06:53",116244.52334245064
374,"03/25/2023, 17:07:23",113354.3166576234
375,"03/25/2023, 17:07:53",105635.7706531782
376,"03/25/2023, 17:08:23",111773.2490657352
377,"03/25/2023, 17:08:53",111488.32446959314
378,"03/25/2023, 17:09:23",111918.16941965849
379,"03/25/2023, 17:09:53",104041.51920056138
380,"03/25/2023, 17:10:24",114185.0528883638
381,"03/25/2023, 17:10:54",106238.3146492501
382,"03/25/2023, 17:11:24",101763.21525179036
383,"03/25/2023, 17:11:54",122509.95398888044
384,"03/25/2023, 17:12:24",105551.8882499002
385,"03/25/2023, 17:12:54",112822.89230000184
386,"03/25/2023, 17:13:25",112648.5900294746
387,"03/25/2023, 17:13:55",113874.13825986034
388,"03/25/2023, 17:14:25",108474.2076549237
389,"03/25/2023, 17:14:55",132064.815781193
390,"03/25/2023, 17:15:25",99746.28862216928
391,"03/25/2023, 17:15:55",113590.72525165064
392,"03/25/2023, 17:16:25",114105.32273680848
393,"03/25/2023, 17:16:56",107013.7266618797
394,"03/25/2023, 17:17:26",117337.57853728246
395,"03/25/2023, 17:17:56",110773.83099731772
396,"03/25/2023, 17:18:26",115292.44496836436
397,"03/25/2023, 17:18:56",99247.79406379689
398,"03/25/2023, 17:19:26",123996.432216337
399,"03/25/2023, 17:19:56",116599.72638309856
400,"03/25/2023, 17:20:26",123074.39384593224
401,"03/25/2023, 17:20:56",103139.08008361186
402,"03/25/2023, 17:21:27",112095.48754842817
403,"03/25/2023, 17:21:57",119187.68254649996
404,"03/25/2023, 17:22:27",120312.29478978582
405,"03/25/2023, 17:22:57",132130.3782915549
406,"03/25/2023, 17:23:27",102728.7084906365
407,"03/25/2023, 17:23:57",107238.49308514775
408,"03/25/2023, 17:24:27",114349.3764167268
409,"03/25/2023, 17:24:57",99498.4096551972
410,"03/25/2023, 17:25:27",111624.24897107384
411,"03/25/2023, 17:25:57",107941.71409289938
412,"03/25/2023, 17:26:27",111642.35010767418
413,"03/25/2023, 17:26:58",108858.34856555008
414,"03/25/2023, 17:27:28",104984.90407305352
415,"03/25/2023, 17:27:58",119470.23319716408
416,"03/25/2023, 17:28:28",113239.47422596996
417,"03/25/2023, 17:28:58",108168.29994316492
418,"03/25/2023, 17:29:28",109599.64565673824
419,"03/25/2023, 17:29:58",108355.6518625756
420,"03/25/2023, 17:30:28",105635.61349060856
421,"03/25/2023, 17:30:58",123168.7890114923
422,"03/25/2023, 17:31:28",112411.83285053086
423,"03/25/2023, 17:31:59",109416.56789398528
424,"03/25/2023, 17:32:29",118177.3055691638
425,"03/25/2023, 17:32:59",112290.35200498054
426,"03/25/2023, 17:33:29",118540.86622803244
427,"03/25/2023, 17:33:59",112979.97304539032
428,"03/25/2023, 17:34:29",122205.72472431886
429,"03/25/2023, 17:34:59",111583.68838855908
430,"03/25/2023, 17:35:29",106190.82544259077
431,"03/25/2023, 17:35:59",121712.50983043104
432,"03/25/2023, 17:36:29",113179.87252500946
433,"03/25/2023, 17:36:59",109796.92709067228
434,"03/25/2023, 17:37:29",117331.01795627728
435,"03/25/2023, 17:38:00",110628.55723549964
436,"03/25/2023, 17:38:30",107768.98477854604
437,"03/25/2023, 17:39:00",122954.5719386178
438,"03/25/2023, 17:39:30",110958.50117446744
439,"03/25/2023, 17:40:00",111660.3932022249
440,"03/25/2023, 17:40:30",114414.67289092756
441,"03/25/2023, 17:41:00",109948.59246294443
442,"03/25/2023, 17:41:30",118459.82988089776
443,"03/25/2023, 17:42:00",121171.02590418086
444,"03/25/2023, 17:42:30",111581.36637395776
445,"03/25/2023, 17:43:00",115953.23762406818
446,"03/25/2023, 17:43:30",101740.907480229
447,"03/25/2023, 17:44:01",112690.44300387212
448,"03/25/2023, 17:44:31",128156.44228177484
449,"03/25/2023, 17:45:01",98094.80421619018
450,"03/25/2023, 17:45:31",112520.39077511102
451,"03/25/2023, 17:46:01",109420.79415347886
452,"03/25/2023, 17:46:31",101955.31131878162
453,"03/25/2023, 17:47:01",120307.21235757844
454,"03/25/2023, 17:47:31",109060.88172395638
455,"03/25/2023, 17:48:01",118816.36240046869
456,"03/25/2023, 17:48:31",112866.70456776844
457,"03/25/2023, 17:49:01",101381.91740373464
458,"03/25/2023, 17:49:32",104872.29468036682
459,"03/25/2023, 17:50:02",107399.33425684708
460,"03/25/2023, 17:50:32",100790.58101144349
461,"03/25/2023, 17:51:02",118688.96276265023
462,"03/25/2023, 17:51:32",87574.03362808566
463,"03/25/2023, 17:52:02",97692.98093653026
464,"03/25/2023, 17:52:32",92872.3176363886
465,"03/25/2023, 17:53:02",87277.63844476937
466,"03/25/2023, 17:53:32",90777.9035401356
467,"03/25/2023, 17:54:02",96552.84582295873
468,"03/25/2023, 17:54:32",88442.18519423142
469,"03/25/2023, 17:55:03",89770.39550765353
470,"03/25/2023, 17:55:33",98149.32881775589
471,"03/25/2023, 17:56:03",92627.67904561562
472,"03/25/2023, 17:56:33",100742.94079566954
473,"03/25/2023, 17:57:03",96619.57854684412
474,"03/25/2023, 17:57:33",98111.89136317409
475,"03/25/2023, 17:58:03",103987.13579584398
476,"03/25/2023, 17:58:33",101557.4041312158
477,"03/25/2023, 17:59:03",110108.89961452589
478,"03/25/2023, 17:59:33",105710.64755805708
479,"03/25/2023, 18:00:03",100525.66761762982
480,"03/25/2023, 18:00:34",103752.83118453568
481,"03/25/2023, 18:01:04",112234.01146891896
482,"03/25/2023, 18:01:34",119113.88711065204
483,"03/25/2023, 18:02:04",110657.57343729856
484,"03/25/2023, 18:02:34",106539.44578305692
485,"03/25/2023, 18:03:04",112137.42085036126
486,"03/25/2023, 18:03:34",102751.5036310642
487,"03/25/2023, 18:04:04",110791.47744347824
488,"03/25/2023, 18:04:34",120058.14427698348
489,"03/25/2023, 18:05:04",109957.67379852012
490,"03/25/2023, 18:05:34",107605.47051268491
491,"03/25/2023, 18:06:04",112173.42837502304
492,"03/25/2023, 18:06:35",123131.93596883642
493,"03/25/2023, 18:07:05",115742.42369093157
494,"03/25/2023, 18:07:35",112657.6615527841
495,"03/25/2023, 18:08:05",110446.29739152674
496,"03/25/2023, 18:08:35",117135.473245551
497,"03/25/2023, 18:09:05",120877.54501186265
498,"03/25/2023, 18:09:35",110777.61836578332
499,"03/25/2023, 18:10:05",119330.72805004756
500,"03/25/2023, 18:10:35",107076.681330637
501,"03/25/2023, 18:11:05",109078.1208779124
502,"03/25/2023, 18:11:35",124953.57205671594
503,"03/25/2023, 18:12:06",104877.59047688244
504,"03/25/2023, 18:12:36",108287.23907913548
505,"03/25/2023, 18:13:06",111882.20746382631
506,"03/25/2023, 18:13:36",105395.30667008426
507,"03/25/2023, 18:14:06",131753.4885385779
508,"03/25/2023, 18:14:36",129747.409785078
509,"03/25/2023, 18:15:06",98219.27896711612
510,"03/25/2023, 18:15:36",107697.8124199533
511,"03/25/2023, 18:16:06",109362.20261701402
512,"03/25/2023, 18:16:36",110382.44264704818
513,"03/25/2023, 18:17:06",130557.18934342769
514,"03/25/2023, 18:17:37",95885.39235511958
515,"03/27/2023, 13:16:07",104413.20931652511
516,"03/27/2023, 13:16:37",105771.38543460645
517,"03/27/2023, 13:17:07",103772.55220220234
518,"03/27/2023, 13:17:38",105454.38428694475
519,"03/27/2023, 13:18:08",111023.1440519498
520,"03/27/2023, 13:18:38",111282.64523252942
521,"03/27/2023, 13:19:08",122737.81831176102
522,"03/27/2023, 13:19:38",122584.03182688136
523,"03/27/2023, 13:20:08",95299.88478160434
524,"03/27/2023, 13:20:38",111364.79718444467
525,"03/27/2023, 13:21:09",99181.2792054843
526,"03/27/2023, 13:21:39",112412.77965106993
527,"03/27/2023, 13:22:09",131795.05130272766
528,"03/27/2023, 13:22:39",97206.47530442796
529,"03/27/2023, 13:23:09",129679.16447540258
530,"03/27/2023, 13:23:39",89449.3764069301
531,"03/27/2023, 13:24:10",72297.68816073368
532,"03/27/2023, 13:24:40",69886.2064797956
533,"03/27/2023, 13:25:10",78310.02914908859
534,"03/27/2023, 13:25:40",90814.44475229604
535,"03/27/2023, 13:26:10",123752.4419003754
536,"03/27/2023, 13:26:40",101604.1249875344
537,"03/27/2023, 13:27:11",100986.67699056602
538,"03/27/2023, 13:27:41",113529.48257389084
539,"03/27/2023, 13:28:11",113246.74195538412
540,"03/27/2023, 13:28:41",110697.34371660558
541,"03/27/2023, 13:29:11",107604.7490616506
542,"03/27/2023, 13:29:41",117093.36303812575
543,"03/27/2023, 13:30:11",105380.37016834608
544,"03/27/2023, 13:30:42",99586.35516825362
545,"03/27/2023, 13:31:12",107743.13544410426
546,"03/27/2023, 13:31:42",112232.2076750236
547,"03/27/2023, 13:32:12",107025.5727282055
548,"03/27/2023, 13:32:42",107918.06220717033
549,"03/27/2023, 13:33:12",111331.42300595086
550,"03/27/2023, 13:33:42",113042.20942299571
551,"03/27/2023, 13:34:13",117042.78679271616
552,"03/27/2023, 13:34:43",102490.53352237334
553,"03/27/2023, 13:35:13",111887.6298219458
554,"03/27/2023, 13:35:43",116442.02632331917
555,"03/27/2023, 13:36:13",104420.4584459043
556,"03/27/2023, 13:36:43",115786.67784329882
557,"03/27/2023, 13:37:13",111284.93431783048
558,"03/27/2023, 13:37:43",111249.47195602952
559,"03/27/2023, 13:38:13",106337.48705800058
560,"03/27/2023, 13:38:43",107453.69321405356
561,"03/27/2023, 13:39:14",116430.66386275264
562,"03/27/2023, 13:39:44",109115.00335736718
563,"03/27/2023, 13:40:14",110326.5025844975
564,"03/27/2023, 13:40:44",106314.67353895292
565,"03/27/2023, 13:41:14",111396.31684461593
566,"03/27/2023, 13:41:44",111186.4883494022
567,"03/27/2023, 13:42:14",117766.75592062317
568,"03/27/2023, 13:42:44",108436.93185327073
569,"03/27/2023, 13:43:14",113126.62468222433
570,"03/27/2023, 13:43:44",111415.64617759427
571,"03/27/2023, 13:44:14",101608.86481106534
572,"03/27/2023, 13:44:44",124645.3832425168
573,"03/27/2023, 13:45:15",111271.16088957836
574,"03/27/2023, 13:45:45",111345.14038786868
575,"03/27/2023, 13:46:15",105465.08634365047
576,"03/27/2023, 13:46:45",110110.96601127578
577,"03/27/2023, 13:47:15",112463.60486194708
578,"03/27/2023, 13:47:45",122942.92145237874
579,"03/27/2023, 13:48:15",106940.02889204772
580,"03/27/2023, 13:48:45",111417.36232633171
581,"03/27/2023, 13:49:15",103676.2600837864
582,"03/27/2023, 13:49:45",104057.18024274602
583,"03/27/2023, 13:50:15",109688.36567359055
584,"03/27/2023, 13:50:46",106196.22601415293
585,"03/27/2023, 13:51:16",99372.39836989928
586,"03/27/2023, 13:51:46",131230.6738625134
587,"03/27/2023, 13:52:16",95493.11873886218
588,"03/27/2023, 13:52:46",114690.47307730815
589,"03/27/2023, 13:53:16",106895.087215804
590,"03/27/2023, 13:53:46",87917.341707386
591,"03/27/2023, 13:54:16",97905.88117001115
592,"03/27/2023, 13:54:46",129018.51207224684
593,"03/27/2023, 13:55:16",76284.97290324859
594,"03/27/2023, 13:55:46",27099.671284046774
595,"03/27/2023, 13:56:17",406.2706519917399
596,"03/27/2023, 13:56:47",273.30437824975525
597,"03/27/2023, 13:57:17",59278.94575392304
598,"03/27/2023, 13:57:47",97564.76372073014
599,"03/27/2023, 13:58:17",96850.07134217596
600,"03/27/2023, 13:58:47",87461.7412214919
601,"03/27/2023, 13:59:17",85497.36243755976
602,"03/27/2023, 13:59:47",97594.88937385449
603,"03/27/2023, 14:00:17",97505.63317485953
604,"03/27/2023, 14:00:47",91910.82031824344
605,"03/27/2023, 14:01:17",99196.67431862238
606,"03/27/2023, 14:01:48",96059.90600514536
607,"03/27/2023, 14:02:18",103635.8303869249
608,"03/27/2023, 14:02:48",96845.29426529516
609,"03/27/2023, 14:03:18",98171.96471815334
610,"03/27/2023, 14:03:48",109809.2137111221
611,"03/27/2023, 14:04:18",103590.52399373376
612,"03/27/2023, 14:04:48",109461.76335867489
613,"03/27/2023, 14:05:18",102700.05883519063
614,"03/27/2023, 14:05:48",111359.7435347031
615,"03/27/2023, 14:06:18",102194.03560764546
616,"03/27/2023, 14:06:48",111304.28103439003
617,"03/27/2023, 14:07:18",113319.78579587842
618,"03/27/2023, 14:07:49",104815.26961400147
619,"03/27/2023, 14:08:19",103163.10417022034
620,"03/27/2023, 14:08:49",104179.2857471448
621,"03/27/2023, 14:09:19",118672.73393949946
622,"03/27/2023, 14:09:49",99177.49699261611
623,"03/27/2023, 14:10:19",106350.99771708855
624,"03/27/2023, 14:10:49",109423.9264284396
625,"03/27/2023, 14:11:19",99637.892350518
626,"03/27/2023, 14:11:49",120850.86363050411
627,"03/27/2023, 14:12:19",99633.88778171796
628,"03/27/2023, 14:12:49",105238.8031148388
629,"03/27/2023, 14:13:19",113517.27345371344
630,"03/27/2023, 14:13:50",131656.71082172295
631,"03/27/2023, 14:14:20",101658.66688529824
632,"03/27/2023, 14:14:50",110545.49124603612
633,"03/27/2023, 14:15:20",113312.93334152948
634,"03/27/2023, 14:15:50",111134.65829593648
635,"03/27/2023, 14:16:20",122632.52121946054
636,"03/27/2023, 14:16:50",131271.98770911523
637,"03/27/2023, 14:17:20",114047.44001184848
638,"03/27/2023, 14:17:50",113225.21467476412
639,"03/27/2023, 14:18:21",109965.62755502424
640,"03/27/2023, 14:18:51",110226.7687145456
641,"03/27/2023, 14:19:21",116091.03205710664
642,"03/27/2023, 14:19:51",111840.60245703884
643,"03/27/2023, 14:20:21",104963.62991564102
644,"03/27/2023, 14:20:51",125693.09362664036
645,"03/27/2023, 14:21:21",107674.46671019336
646,"03/27/2023, 14:21:51",116244.52334245064
647,"03/27/2023, 14:22:21",113354.3166576234
648,"03/27/2023, 14:22:51",105635.7706531782
649,"03/27/2023, 14:23:21",111773.2490657352
650,"03/27/2023, 14:23:51",111488.32446959314
651,"03/27/2023, 14:24:21",111918.16941965849
652,"03/27/2023, 14:24:52",104041.51920056138
653,"03/27/2023, 14:25:22",114185.0528883638
654,"03/27/2023, 14:25:52",106238.3146492501
655,"03/27/2023, 14:26:22",101763.21525179036
656,"03/27/2023, 14:26:52",122509.95398888044
657,"03/27/2023, 14:27:22",105551.8882499002
658,"03/27/2023, 14:27:52",112822.89230000184
659,"03/27/2023, 14:28:22",112648.5900294746
660,"03/27/2023, 14:28:52",113874.13825986034
661,"03/27/2023, 14:29:22",108474.2076549237
662,"03/27/2023, 14:29:52",132064.815781193
663,"03/27/2023, 14:30:22",99746.28862216928
664,"03/27/2023, 14:30:53",113590.72525165064
665,"03/27/2023, 14:31:23",114105.32273680848
666,"03/27/2023, 14:31:53",107013.7266618797
667,"03/27/2023, 14:32:23",117337.57853728246
668,"03/27/2023, 14:32:53",110773.83099731772
669,"03/27/2023, 14:33:24",104413.20931652511
670,"03/27/2023, 14:33:55",105771.38543460645
671,"03/27/2023, 14:34:25",103772.55220220234
672,"03/27/2023, 14:34:55",105454.38428694475
673,"03/27/2023, 14:35:25",111023.1440519498
674,"03/27/2023, 14:35:55",111282.64523252942
675,"03/27/2023, 14:36:25",122737.81831176102
676,"03/27/2023, 14:36:55",122584.03182688136
677,"03/27/2023, 14:37:25",95299.88478160434
678,"03/27/2023, 14:37:55",111364.79718444467
679,"03/27/2023, 14:38:25",99181.2792054843
680,"03/27/2023, 14:38:56",112412.77965106993
681,"03/27/2023, 14:39:26",131795.05130272766
682,"03/27/2023, 14:39:56",97206.47530442796
683,"03/27/2023, 14:40:26",129679.16447540258
684,"03/27/2023, 14:40:56",89449.3764069301
685,"03/27/2023, 14:41:26",72297.68816073368
686,"03/27/2023, 14:41:56",69886.2064797956
687,"03/27/2023, 14:42:26",78310.02914908859
688,"03/27/2023, 14:42:56",90814.44475229604
689,"03/27/2023, 14:43:26",123752.4419003754
690,"03/27/2023, 14:43:56",101604.1249875344
691,"03/27/2023, 14:44:26",100986.67699056602
692,"03/27/2023, 14:44:57",113529.48257389084
693,"03/27/2023, 14:45:27",113246.74195538412
694,"03/27/2023, 14:45:57",110697.34371660558
695,"03/27/2023, 14:46:27",107604.7490616506
696,"03/27/2023, 14:46:57",117093.36303812575
697,"03/27/2023, 14:47:27",105380.37016834608
698,"03/27/2023, 14:47:57",99586.35516825362
699,"03/27/2023, 14:48:27",107743.13544410426
700,"03/27/2023, 14:48:57",112232.2076750236
701,"03/27/2023, 14:49:27",107025.5727282055
702,"03/27/2023, 14:49:58",107918.06220717033
703,"03/27/2023, 14:50:28",111331.42300595086
704,"03/27/2023, 14:50:58",113042.20942299571
705,"03/27/2023, 14:51:28",117042.78679271616
706,"03/27/2023, 14:51:58",102490.53352237334
707,"03/27/2023, 14:52:28",111887.6298219458
708,"03/27/2023, 14:52:58",116442.02632331917
709,"03/27/2023, 14:53:28",104420.4584459043
710,"03/27/2023, 14:53:58",115786.67784329882
711,"03/27/2023, 14:54:28",111284.93431783048
712,"03/27/2023, 14:54:58",111249.47195602952
713,"03/27/2023, 14:55:29",106337.48705800058
714,"03/27/2023, 14:55:59",107453.69321405356
715,"03/27/2023, 14:56:29",116430.66386275264
716,"03/27/2023, 14:56:59",109115.00335736718
717,"03/27/2023, 14:57:29",110326.5025844975
718,"03/27/2023, 14:57:59",106314.67353895292
719,"03/27/2023, 14:58:29",111396.31684461593
720,"03/27/2023, 14:58:59",111186.4883494022
721,"03/27/2023, 14:59:29",117766.75592062317
722,"03/27/2023, 14:59:59",108436.93185327073
723,"03/27/2023, 15:00:29",113126.62468222433
724,"03/27/2023, 15:00:59",111415.64617759427
725,"03/27/2023, 15:01:30",101608.86481106534
726,"03/27/2023, 15:02:00",124645.3832425168
727,"03/27/2023, 15:02:30",111271.16088957836
728,"03/27/2023, 15:03:00",111345.14038786868
729,"03/27/2023, 15:03:30",105465.08634365047
730,"03/27/2023, 15:04:00",110110.96601127578
731,"03/27/2023, 15:04:30",112463.60486194708
732,"03/27/2023, 15:05:00",122942.92145237874
733,"03/27/2023, 15:05:30",106940.02889204772
734,"03/27/2023, 15:06:00",111417.36232633171
735,"03/27/2023, 15:06:31",103676.2600837864
736,"03/27/2023, 15:07:01",104057.18024274602
737,"03/27/2023, 15:07:31",109688.36567359055
738,"03/27/2023, 15:17:30",104413.20931652511
739,"03/27/2023, 15:18:00",105771.38543460645
740,"03/27/2023, 15:18:30",103772.55220220234
741,"03/27/2023, 15:19:00",105454.38428694475
742,"03/27/2023, 15:19:31",111023.1440519498
743,"03/27/2023, 15:20:01",111282.64523252942
744,"03/27/2023, 15:20:31",122737.81831176102
745,"03/27/2023, 15:21:01",122584.03182688136
746,"03/27/2023, 15:21:31",95299.88478160434
747,"03/27/2023, 15:22:01",111364.79718444467
748,"03/27/2023, 15:22:31",99181.2792054843
749,"03/27/2023, 15:23:02",112412.77965106993
750,"03/27/2023, 15:23:32",131795.05130272766
751,"03/27/2023, 15:24:02",97206.47530442796
752,"03/27/2023, 15:24:32",129679.16447540258
753,"03/27/2023, 15:25:02",89449.3764069301
754,"03/27/2023, 15:25:32",72297.68816073368
755,"03/27/2023, 15:26:03",69886.2064797956
756,"03/27/2023, 15:26:33",78310.02914908859
757,"03/27/2023, 15:27:03",90814.44475229604
758,"03/27/2023, 15:27:33",123752.4419003754
759,"03/27/2023, 15:28:03",101604.1249875344
760,"03/27/2023, 15:28:33",100986.67699056602
761,"03/27/2023, 15:29:04",113529.48257389084
762,"03/27/2023, 15:29:34",113246.74195538412
763,"03/27/2023, 15:30:04",110697.34371660558
764,"03/27/2023, 15:30:34",107604.7490616506
765,"03/27/2023, 15:31:04",117093.36303812575
766,"03/27/2023, 15:31:34",105380.37016834608
767,"03/27/2023, 15:32:04",99586.35516825362
768,"03/27/2023, 15:32:35",107743.13544410426
769,"03/27/2023, 15:33:05",112232.2076750236
770,"03/27/2023, 15:33:35",107025.5727282055
771,"03/27/2023, 15:34:05",107918.06220717033
772,"03/27/2023, 15:34:35",111331.42300595086
773,"03/27/2023, 15:35:05",113042.20942299571
774,"03/27/2023, 15:35:36",117042.78679271616
775,"03/27/2023, 15:36:06",102490.53352237334
776,"03/27/2023, 15:36:36",111887.6298219458
777,"03/27/2023, 15:37:06",116442.02632331917
778,"03/27/2023, 15:37:36",104420.4584459043
779,"03/27/2023, 15:38:06",115786.67784329882
780,"03/27/2023, 15:38:36",111284.93431783048
781,"03/27/2023, 15:39:07",111249.47195602952
782,"03/27/2023, 15:39:37",106337.48705800058
783,"03/27/2023, 15:40:07",107453.69321405356
784,"03/27/2023, 15:40:37",116430.66386275264
785,"03/27/2023, 15:41:07",109115.00335736718
786,"03/27/2023, 15:41:37",110326.5025844975
787,"03/27/2023, 15:42:08",106314.67353895292
788,"03/27/2023, 15:42:38",111396.31684461593
789,"03/27/2023, 15:43:08",111186.4883494022
790,"03/27/2023, 15:43:38",117766.75592062317
791,"03/27/2023, 15:44:08",108436.93185327073
792,"03/27/2023, 15:44:38",113126.62468222433
793,"03/27/2023, 15:45:08",111415.64617759427
794,"03/27/2023, 15:45:39",101608.86481106534
795,"03/27/2023, 15:46:09",124645.3832425168
796,"03/27/2023, 15:46:39",111271.16088957836
797,"03/27/2023, 15:47:09",111345.14038786868
798,"03/27/2023, 15:47:39",105465.08634365047
799,"03/27/2023, 15:48:09",110110.96601127578
800,"03/27/2023, 15:48:40",112463.60486194708
801,"03/27/2023, 15:49:10",122942.92145237874
802,"03/27/2023, 15:49:40",106940.02889204772
803,"03/27/2023, 15:50:10",111417.36232633171
804,"03/27/2023, 15:50:40",103676.2600837864
805,"03/27/2023, 15:51:10",104057.18024274602
806,"03/27/2023, 15:51:40",109688.36567359055
807,"03/27/2023, 15:52:11",106196.22601415293
808,"03/27/2023, 15:52:41",99372.39836989928
809,"03/27/2023, 15:53:11",131230.6738625134
810,"03/27/2023, 15:53:41",95493.11873886218
811,"03/27/2023, 15:54:11",114690.47307730815
812,"03/27/2023, 15:54:41",106895.087215804
813,"03/27/2023, 15:55:12",87917.341707386
814,"03/27/2023, 15:55:42",97905.88117001115
815,"03/27/2023, 15:56:12",129018.51207224684
816,"03/27/2023, 15:56:42",76284.97290324859
817,"03/27/2023, 15:57:12",27099.671284046774
818,"03/27/2023, 15:57:42",406.2706519917399
819,"03/27/2023, 15:58:13",273.30437824975525
820,"03/27/2023, 15:58:43",59278.94575392304
821,"03/27/2023, 15:59:13",97564.76372073014
822,"03/27/2023, 15:59:43",96850.07134217596
823,"03/27/2023, 16:00:13",87461.7412214919
824,"03/27/2023, 16:00:43",85497.36243755976
825,"03/27/2023, 16:01:14",97594.88937385449
826,"03/27/2023, 16:01:44",97505.63317485953
827,"03/27/2023, 16:02:14",91910.82031824344
828,"03/27/2023, 16:02:44",99196.67431862238
829,"03/27/2023, 16:03:14",96059.90600514536
830,"03/27/2023, 16:03:44",103635.8303869249
831,"03/27/2023, 16:04:14",96845.29426529516
832,"03/27/2023, 16:04:45",98171.96471815334
833,"03/27/2023, 16:05:15",109809.2137111221
834,"03/27/2023, 16:05:45",103590.52399373376
835,"03/27/2023, 16:06:15",109461.76335867489
836,"03/27/2023, 16:06:45",102700.05883519063
837,"03/27/2023, 16:07:15",111359.7435347031
838,"03/27/2023, 16:07:46",102194.03560764546
839,"03/27/2023, 16:08:16",111304.28103439003
840,"03/27/2023, 16:08:46",113319.78579587842
841,"03/27/2023, 16:09:16",104815.26961400147
842,"03/27/2023, 16:09:46",103163.10417022034
843,"03/27/2023, 16:10:16",104179.2857471448
844,"03/27/2023, 16:10:47",118672.73393949946
845,"03/27/2023, 16:11:17",99177.49699261611
846,"03/27/2023, 16:11:47",106350.99771708855
847,"03/27/2023, 16:12:17",109423.9264284396
848,"03/27/2023, 16:12:47",99637.892350518
849,"03/27/2023, 16:13:17",120850.86363050411
850,"03/27/2023, 16:13:47",99633.88778171796
851,"03/27/2023, 16:14:18",105238.8031148388
852,"03/27/2023, 16:14:48",113517.27345371344
853,"03/27/2023, 16:15:18",131656.71082172295
854,"03/27/2023, 16:15:48",101658.66688529824
855,"03/27/2023, 16:16:18",110545.49124603612
856,"03/27/2023, 16:16:48",113312.93334152948
857,"03/27/2023, 16:17:19",111134.65829593648
858,"03/27/2023, 16:17:49",122632.52121946054
859,"03/27/2023, 16:18:19",131271.98770911523
860,"03/27/2023, 16:18:49",114047.44001184848
861,"03/27/2023, 16:19:19",113225.21467476412
862,"03/27/2023, 16:19:49",109965.62755502424
863,"03/27/2023, 16:20:19",110226.7687145456
864,"03/27/2023, 16:20:49",116091.03205710664
865,"03/27/2023, 16:21:19",111840.60245703884
866,"03/27/2023, 16:21:49",104963.62991564102
867,"03/27/2023, 16:22:19",125693.09362664036
868,"03/27/2023, 16:22:50",107674.46671019336
869,"03/27/2023, 16:23:20",116244.52334245064
870,"03/27/2023, 16:23:50",113354.3166576234
871,"03/27/2023, 16:24:20",105635.7706531782
872,"03/27/2023, 16:24:50",111773.2490657352
873,"03/27/2023, 16:25:20",111488.32446959314
874,"03/27/2023, 16:25:50",111918.16941965849
875,"03/27/2023, 16:26:20",104041.51920056138
876,"03/27/2023, 16:26:50",114185.0528883638
877,"03/27/2023, 16:27:20",106238.3146492501
878,"03/27/2023, 16:27:50",101763.21525179036
879,"03/27/2023, 16:28:20",122509.95398888044
880,"03/27/2023, 16:28:51",105551.8882499002
881,"03/27/2023, 16:29:21",112822.89230000184
882,"03/27/2023, 16:29:51",112648.5900294746
883,"03/27/2023, 16:30:21",113874.13825986034
884,"03/27/2023, 16:30:51",108474.2076549237
885,"03/27/2023, 16:31:21",132064.815781193
886,"03/27/2023, 16:31:51",99746.28862216928
887,"03/27/2023, 16:32:21",113590.72525165064
888,"03/27/2023, 16:32:51",114105.32273680848
889,"03/27/2023, 16:33:21",107013.7266618797
890,"03/27/2023, 16:33:51",117337.57853728246
891,"03/27/2023, 16:34:21",110773.83099731772
892,"03/27/2023, 16:34:52",115292.44496836436
893,"03/27/2023, 16:35:22",99247.79406379689
894,"03/27/2023, 16:35:52",123996.432216337
895,"03/27/2023, 16:36:22",116599.72638309856
896,"03/27/2023, 16:36:52",123074.39384593224
897,"03/27/2023, 16:37:22",103139.08008361186
898,"03/27/2023, 16:37:52",112095.48754842817
899,"03/27/2023, 16:38:22",119187.68254649996
900,"03/27/2023, 16:38:52",120312.29478978582
901,"03/27/2023, 16:39:23",132130.3782915549
902,"03/27/2023, 16:39:53",102728.7084906365
903,"03/27/2023, 16:40:23",107238.49308514775
904,"03/27/2023, 16:40:53",114349.3764167268
905,"03/27/2023, 16:41:23",99498.4096551972
906,"03/27/2023, 16:41:53",111624.24897107384
907,"03/27/2023, 16:42:23",107941.71409289938
908,"03/27/2023, 16:42:53",111642.35010767418
909,"03/27/2023, 16:43:23",108858.34856555008
910,"03/27/2023, 16:43:53",104984.90407305352
911,"03/27/2023, 16:44:23",119470.23319716408
912,"03/27/2023, 16:44:54",113239.47422596996
913,"03/27/2023, 16:45:24",108168.29994316492
914,"03/27/2023, 16:45:54",109599.64565673824
915,"03/27/2023, 16:46:24",108355.6518625756
916,"03/27/2023, 16:46:54",105635.61349060856
917,"03/27/2023, 16:47:24",123168.7890114923
918,"03/27/2023, 16:47:54",112411.83285053086
919,"03/27/2023, 16:48:24",109416.56789398528
920,"03/27/2023, 16:48:54",118177.3055691638
921,"03/27/2023, 16:49:24",112290.35200498054
922,"03/27/2023, 16:49:54",118540.86622803244
923,"03/27/2023, 16:50:25",112979.97304539032
924,"03/27/2023, 16:50:55",122205.72472431886
925,"03/27/2023, 16:51:25",111583.68838855908
926,"03/27/2023, 16:51:55",106190.82544259077
927,"03/27/2023, 16:52:25",121712.50983043104
928,"03/27/2023, 16:52:55",113179.87252500946
929,"03/27/2023, 16:53:25",109796.92709067228
930,"03/27/2023, 16:53:55",117331.01795627728
931,"03/27/2023, 16:54:25",110628.55723549964
932,"03/27/2023, 16:54:55",107768.98477854604
933,"03/27/2023, 16:55:25",122954.5719386178
934,"03/27/2023, 16:55:55",110958.50117446744
935,"03/27/2023, 16:56:25",111660.3932022249
936,"03/27/2023, 16:56:56",114414.67289092756
937,"03/27/2023, 16:57:26",109948.59246294443
938,"03/27/2023, 16:57:56",118459.82988089776
939,"03/27/2023, 16:58:26",121171.02590418086
940,"03/27/2023, 16:58:56",111581.36637395776
941,"03/27/2023, 16:59:26",115953.23762406818
942,"03/27/2023, 16:59:56",101740.907480229
943,"03/27/2023, 17:00:26",112690.44300387212
944,"03/27/2023, 17:00:56",128156.44228177484
945,"03/27/2023, 17:01:26",98094.80421619018
946,"03/27/2023, 17:01:56",112520.39077511102
947,"03/27/2023, 17:02:27",109420.79415347886
948,"03/27/2023, 17:02:57",101955.31131878162
949,"03/27/2023, 17:03:27",120307.21235757844
950,"03/27/2023, 17:03:57",109060.88172395638
951,"03/27/2023, 17:04:27",118816.36240046869
952,"03/27/2023, 17:04:57",112866.70456776844
953,"03/27/2023, 17:05:27",101381.91740373464
954,"03/27/2023, 17:05:57",104872.29468036682
955,"03/27/2023, 17:06:27",107399.33425684708
956,"03/27/2023, 17:06:57",100790.58101144349
957,"03/27/2023, 17:07:28",118688.96276265023
958,"03/27/2023, 17:07:58",87574.03362808566
959,"03/27/2023, 17:08:28",97692.98093653026
960,"03/27/2023, 17:08:58",92872.3176363886
961,"03/27/2023, 17:09:28",87277.63844476937
962,"03/27/2023, 17:09:58",90777.9035401356
963,"03/27/2023, 17:10:28",96552.84582295873
964,"03/27/2023, 17:10:58",88442.18519423142
965,"03/27/2023, 17:35:27",104413.20931652511
966,"03/27/2023, 17:35:57",105771.38543460645
967,"03/27/2023, 17:36:28",103772.55220220234
968,"03/27/2023, 17:36:58",105454.38428694475
969,"03/27/2023, 17:37:28",111023.1440519498
970,"03/27/2023, 17:37:58",111282.64523252942
971,"03/27/2023, 17:38:28",122737.81831176102
972,"03/27/2023, 17:38:58",122584.03182688136
973,"03/27/2023, 17:39:28",95299.88478160434
974,"03/27/2023, 17:39:58",111364.79718444467
975,"03/27/2023, 17:40:28",99181.2792054843
976,"03/27/2023, 17:40:58",112412.77965106993
977,"03/27/2023, 17:41:29",131795.05130272766
978,"03/27/2023, 17:41:59",97206.47530442796
979,"03/27/2023, 17:42:29",129679.16447540258
980,"03/27/2023, 17:42:59",89449.3764069301
981,"03/27/2023, 18:19:43",104413.20931652511
982,"03/27/2023, 18:20:14",105771.38543460645
983,"03/27/2023, 18:20:44",103772.55220220234
984,"03/27/2023, 18:21:14",105454.38428694475
985,"03/27/2023, 18:21:44",111023.1440519498
986,"03/27/2023, 18:22:14",111282.64523252942
987,"03/27/2023, 18:22:44",122737.81831176102
988,"03/27/2023, 18:23:14",122584.03182688136
989,"03/27/2023, 18:23:45",95299.88478160434
990,"03/27/2023, 18:24:15",111364.79718444467
991,"03/27/2023, 18:24:45",99181.2792054843
992,"03/27/2023, 18:25:15",112412.77965106993
993,"03/27/2023, 18:25:45",131795.05130272766
994,"03/27/2023, 18:26:15",97206.47530442796
995,"03/27/2023, 18:26:46",129679.16447540258
996,"03/27/2023, 18:27:16",89449.3764069301
997,"03/27/2023, 18:27:46",72297.68816073368
998,"03/27/2023, 18:28:16",69886.2064797956
999,"03/27/2023, 18:28:46",78310.02914908859
1000,"03/27/2023, 18:29:16",90814.44475229604
1001,"03/27/2023, 18:29:47",123752.4419003754
1002,"03/27/2023, 18:30:17",101604.1249875344
1003,"03/27/2023, 18:30:47",100986.67699056602
1004,"03/27/2023, 18:31:17",113529.48257389084
1005,"03/27/2023, 18:31:47",113246.74195538412
1006,"03/27/2023, 18:32:17",110697.34371660558
1007,"03/27/2023, 18:32:47",107604.7490616506
1008,"03/27/2023, 18:33:18",117093.36303812575
1009,"03/27/2023, 18:33:48",105380.37016834608
1010,"03/27/2023, 18:34:18",99586.35516825362
1011,"03/27/2023, 18:34:48",107743.13544410426
1012,"03/27/2023, 18:35:18",112232.2076750236
1013,"03/27/2023, 18:35:48",107025.5727282055
1014,"03/27/2023, 18:36:19",107918.06220717033
1015,"03/27/2023, 18:36:49",111331.42300595086
1016,"03/27/2023, 18:37:19",113042.20942299571
1017,"03/27/2023, 18:37:49",117042.78679271616
1018,"03/27/2023, 18:38:19",102490.53352237334
1019,"03/27/2023, 18:38:49",111887.6298219458
1020,"03/27/2023, 18:39:20",116442.02632331917
1021,"03/27/2023, 18:39:50",104420.4584459043
1022,"03/27/2023, 18:40:20",115786.67784329882
1023,"03/27/2023, 18:40:50",111284.93431783048
1024,"03/27/2023, 18:41:20",111249.47195602952
1025,"03/27/2023, 18:41:50",106337.48705800058
1026,"03/27/2023, 18:42:20",107453.69321405356
1027,"03/27/2023, 18:42:51",116430.66386275264
1028,"03/27/2023, 18:43:21",109115.00335736718
1029,"03/27/2023, 18:43:51",110326.5025844975
1030,"03/27/2023, 18:44:21",106314.67353895292
1031,"03/27/2023, 18:44:51",111396.31684461593
1032,"03/27/2023, 18:45:21",111186.4883494022
1033,"03/27/2023, 18:45:52",117766.75592062317
1034,"03/27/2023, 18:46:22",108436.93185327073
1035,"03/27/2023, 18:46:52",113126.62468222433
1036,"03/27/2023, 18:47:22",111415.64617759427
1037,"03/27/2023, 18:47:52",101608.86481106534
1038,"03/27/2023, 18:48:22",124645.3832425168
1039,"03/27/2023, 18:48:52",111271.16088957836
1040,"03/27/2023, 18:49:23",111345.14038786868
1041,"03/27/2023, 18:49:53",105465.08634365047
1042,"03/27/2023, 18:50:23",110110.96601127578
1043,"03/27/2023, 18:50:53",112463.60486194708
1044,"03/27/2023, 18:51:23",122942.92145237874
1045,"03/27/2023, 18:51:53",106940.02889204772
1046,"03/27/2023, 18:52:24",111417.36232633171
1047,"03/27/2023, 18:52:54",103676.2600837864
1048,"03/27/2023, 18:53:24",104057.18024274602
1049,"03/27/2023, 18:53:54",109688.36567359055
1050,"03/27/2023, 18:54:24",106196.22601415293
1051,"03/27/2023, 18:54:54",99372.39836989928
1052,"03/27/2023, 18:55:25",131230.6738625134
1053,"03/27/2023, 18:55:55",95493.11873886218
1054,"03/27/2023, 18:56:25",114690.47307730815
1055,"03/27/2023, 18:56:55",106895.087215804
1056,"03/27/2023, 18:57:25",87917.341707386
1057,"03/27/2023, 18:57:55",97905.88117001115
1058,"03/27/2023, 18:58:26",129018.51207224684
1059,"03/27/2023, 18:58:56",76284.97290324859
1060,"03/27/2023, 18:59:26",27099.671284046774
1061,"03/27/2023, 18:59:56",406.2706519917399
1062,"03/27/2023, 19:00:26",273.30437824975525
1063,"03/27/2023, 19:00:56",59278.94575392304
1064,"03/27/2023, 19:01:27",97564.76372073014
1065,"03/28/2023, 08:09:32",104413.20931652511
1066,"03/28/2023, 08:10:02",105771.38543460645
1067,"03/28/2023, 08:10:32",103772.55220220234
1068,"03/28/2023, 08:11:02",105454.38428694475
1069,"03/28/2023, 08:11:32",111023.1440519498
1070,"03/28/2023, 08:12:03",111282.64523252942
1071,"03/28/2023, 08:12:33",122737.81831176102
1072,"03/28/2023, 08:13:03",122584.03182688136
1073,"03/28/2023, 08:13:33",95299.88478160434
1074,"03/28/2023, 08:14:03",111364.79718444467
1075,"03/28/2023, 08:14:34",99181.2792054843
1076,"03/28/2023, 08:15:04",112412.77965106993
1077,"03/28/2023, 08:15:34",131795.05130272766
1078,"03/28/2023, 08:16:04",97206.47530442796
1079,"03/28/2023, 08:16:34",129679.16447540258
1080,"03/28/2023, 08:17:04",89449.3764069301
1081,"03/28/2023, 08:17:35",72297.68816073368
1082,"03/28/2023, 08:18:05",69886.2064797956
1083,"03/28/2023, 08:18:35",78310.02914908859
1084,"03/28/2023, 08:19:05",90814.44475229604
1085,"03/28/2023, 08:19:35",123752.4419003754
1086,"03/28/2023, 08:20:05",101604.1249875344
1087,"03/28/2023, 08:20:36",100986.67699056602
1088,"03/28/2023, 08:21:06",113529.48257389084
1089,"03/28/2023, 08:21:36",113246.74195538412
1090,"03/28/2023, 08:22:06",110697.34371660558
1091,"03/28/2023, 08:22:36",107604.7490616506
1092,"03/28/2023, 08:23:07",117093.36303812575
1093,"03/28/2023, 08:23:37",105380.37016834608
1094,"03/28/2023, 08:24:07",99586.35516825362
1095,"03/28/2023, 08:24:37",107743.13544410426
1096,"03/28/2023, 08:25:07",112232.2076750236
1097,"03/28/2023, 08:25:37",107025.5727282055
1098,"03/28/2023, 08:26:07",107918.06220717033
1099,"03/28/2023, 08:26:38",111331.42300595086
1100,"03/28/2023, 08:27:08",113042.20942299571
1101,"03/28/2023, 08:27:38",117042.78679271616
1102,"03/28/2023, 08:28:08",102490.53352237334
1103,"03/28/2023, 08:28:38",111887.6298219458
1104,"03/28/2023, 08:29:08",116442.02632331917
1105,"03/28/2023, 08:29:39",104420.4584459043
1106,"03/28/2023, 08:30:09",115786.67784329882
1107,"03/28/2023, 08:30:39",111284.93431783048
1108,"03/28/2023, 08:31:09",111249.47195602952
1109,"03/28/2023, 08:31:39",106337.48705800058
1110,"03/28/2023, 08:32:09",107453.69321405356
1111,"03/28/2023, 08:32:39",116430.66386275264
1112,"03/28/2023, 08:33:10",109115.00335736718
1113,"03/28/2023, 08:33:40",110326.5025844975
1114,"03/28/2023, 08:34:10",106314.67353895292
1115,"03/28/2023, 08:34:40",111396.31684461593
1116,"03/28/2023, 08:35:10",111186.4883494022
1117,"03/28/2023, 08:35:41",117766.75592062317
1118,"03/28/2023, 08:36:11",108436.93185327073
1119,"03/28/2023, 08:36:41",113126.62468222433
1120,"03/28/2023, 08:37:11",111415.64617759427
1121,"03/28/2023, 08:37:41",101608.86481106534
1122,"03/28/2023, 08:38:11",124645.3832425168
1123,"03/28/2023, 08:38:41",111271.16088957836
1124,"03/28/2023, 08:39:12",111345.14038786868
1125,"03/28/2023, 08:39:42",105465.08634365047
1126,"03/28/2023, 08:40:12",110110.96601127578
1127,"03/28/2023, 08:40:42",112463.60486194708
1128,"03/28/2023, 08:41:12",122942.92145237874
1129,"03/28/2023, 08:41:42",106940.02889204772
1130,"03/28/2023, 08:42:12",111417.36232633171
1131,"03/28/2023, 08:42:42",103676.2600837864
1132,"03/28/2023, 08:43:12",104057.18024274602
1133,"03/28/2023, 08:43:42",109688.36567359055
1134,"03/28/2023, 08:44:13",106196.22601415293
1135,"03/28/2023, 08:44:43",99372.39836989928
1136,"03/28/2023, 08:45:13",131230.6738625134
1137,"03/28/2023, 08:45:43",95493.11873886218
1138,"03/28/2023, 08:46:13",114690.47307730815
1139,"03/28/2023, 08:46:43",106895.087215804
1140,"03/28/2023, 08:47:13",87917.341707386
1141,"03/28/2023, 08:47:43",97905.88117001115
1142,"03/28/2023, 08:48:13",129018.51207224684
1143,"03/28/2023, 08:48:43",76284.97290324859
1144,"03/28/2023, 08:49:13",27099.671284046774
1145,"03/28/2023, 08:49:44",406.2706519917399
1146,"03/28/2023, 08:50:14",273.30437824975525
1147,"03/28/2023, 08:50:44",59278.94575392304
1148,"03/28/2023, 08:51:14",97564.76372073014
1149,"03/28/2023, 08:51:44",96850.07134217596
1150,"03/28/2023, 08:52:14",87461.7412214919
1151,"03/28/2023, 08:52:44",85497.36243755976
1152,"03/28/2023, 08:53:14",97594.88937385449
1153,"03/28/2023, 08:53:44",97505.63317485953
1154,"03/28/2023, 08:54:14",91910.82031824344
1155,"03/28/2023, 08:54:44",99196.67431862238
1156,"03/28/2023, 08:55:15",96059.90600514536
1157,"03/28/2023, 08:55:45",103635.8303869249
1158,"03/28/2023, 08:56:15",96845.29426529516
1159,"03/28/2023, 08:56:45",98171.96471815334
1160,"03/28/2023, 08:57:15",109809.2137111221
1161,"03/28/2023, 08:57:45",103590.52399373376
1162,"03/28/2023, 08:58:15",109461.76335867489
1163,"03/28/2023, 08:58:45",102700.05883519063
1164,"03/28/2023, 08:59:15",111359.7435347031
1165,"03/28/2023, 08:59:45",102194.03560764546
1166,"03/28/2023, 09:00:15",111304.28103439003
1167,"03/28/2023, 09:00:45",113319.78579587842
1168,"03/28/2023, 09:01:15",104815.26961400147
1169,"03/28/2023, 09:01:46",103163.10417022034
1170,"03/28/2023, 09:02:16",104179.2857471448
1171,"03/28/2023, 09:02:46",118672.73393949946
1172,"03/28/2023, 09:03:16",99177.49699261611
1173,"03/28/2023, 09:03:46",106350.99771708855
1174,"03/28/2023, 09:04:16",109423.9264284396
1175,"03/28/2023, 09:04:46",99637.892350518
1176,"03/28/2023, 09:05:16",120850.86363050411
1177,"03/28/2023, 09:05:46",99633.88778171796
1178,"03/28/2023, 09:06:16",105238.8031148388
1179,"03/28/2023, 09:06:46",113517.27345371344
1180,"03/28/2023, 09:07:17",131656.71082172295
1181,"03/28/2023, 09:07:47",101658.66688529824
1182,"03/28/2023, 09:08:17",110545.49124603612
1183,"03/28/2023, 09:08:47",113312.93334152948
1184,"03/28/2023, 09:09:17",111134.65829593648
1185,"03/28/2023, 09:09:47",122632.52121946054
1186,"03/28/2023, 09:10:17",131271.98770911523
1187,"03/28/2023, 09:10:47",114047.44001184848
1188,"03/28/2023, 09:11:17",113225.21467476412
1189,"03/28/2023, 09:11:47",109965.62755502424
1190,"03/28/2023, 09:12:17",110226.7687145456
1191,"03/28/2023, 09:12:48",116091.03205710664
1192,"03/28/2023, 09:13:18",111840.60245703884
1193,"03/28/2023, 09:13:48",104963.62991564102
1194,"03/28/2023, 09:14:18",125693.09362664036
1195,"03/28/2023, 09:14:48",107674.46671019336
1196,"03/28/2023, 09:15:18",116244.52334245064
1197,"03/28/2023, 09:15:48",113354.3166576234
1198,"03/28/2023, 09:16:18",105635.7706531782
1199,"03/28/2023, 09:16:48",111773.2490657352
1200,"03/28/2023, 09:17:18",111488.32446959314
1201,"03/28/2023, 09:17:48",111918.16941965849
1202,"03/28/2023, 09:18:19",104041.51920056138
1203,"03/28/2023, 09:18:49",114185.0528883638
1204,"03/28/2023, 09:19:19",106238.3146492501
1205,"03/28/2023, 09:19:49",101763.21525179036
1206,"03/28/2023, 09:20:19",122509.95398888044
1207,"03/28/2023, 09:20:49",105551.8882499002
1208,"03/28/2023, 09:21:19",112822.89230000184
1209,"03/28/2023, 09:21:49",112648.5900294746
1210,"03/28/2023, 09:22:19",113874.13825986034
1211,"03/28/2023, 09:22:49",108474.2076549237
1212,"03/28/2023, 09:23:19",132064.815781193
1213,"03/28/2023, 09:23:49",99746.28862216928
1214,"03/28/2023, 09:24:20",113590.72525165064
1215,"03/28/2023, 09:24:50",114105.32273680848
1216,"03/28/2023, 09:25:20",107013.7266618797
1217,"03/28/2023, 09:25:50",117337.57853728246
1218,"03/28/2023, 09:26:20",110773.83099731772
1219,"03/28/2023, 09:26:50",115292.44496836436
1220,"03/28/2023, 09:27:20",99247.79406379689
1221,"03/28/2023, 09:27:50",123996.432216337
1222,"03/28/2023, 09:28:20",116599.72638309856
1223,"03/28/2023, 09:28:50",123074.39384593224
1224,"03/28/2023, 09:29:20",103139.08008361186
1225,"03/28/2023, 09:29:50",112095.48754842817
1226,"03/28/2023, 09:30:20",119187.68254649996
1227,"03/28/2023, 09:30:51",120312.29478978582
1228,"03/28/2023, 09:31:21",132130.3782915549
1229,"03/28/2023, 09:31:51",102728.7084906365
1230,"03/28/2023, 09:32:21",107238.49308514775
1231,"03/28/2023, 09:32:51",114349.3764167268
1232,"03/28/2023, 09:33:21",99498.4096551972
1233,"03/28/2023, 09:33:51",111624.24897107384
1234,"03/28/2023, 09:34:21",107941.71409289938
1235,"03/28/2023, 09:34:51",111642.35010767418
1236,"03/28/2023, 09:35:21",108858.34856555008
1237,"03/28/2023, 09:35:51",104984.90407305352
1238,"03/28/2023, 09:36:22",119470.23319716408
1239,"03/28/2023, 09:36:52",113239.47422596996
1240,"03/28/2023, 09:37:22",108168.29994316492
1241,"03/28/2023, 09:37:52",109599.64565673824
1242,"03/28/2023, 09:38:22",108355.6518625756
1243,"03/28/2023, 09:38:52",105635.61349060856
1244,"03/28/2023, 09:39:22",123168.7890114923
1245,"03/28/2023, 09:39:52",112411.83285053086
1246,"03/28/2023, 09:40:22",109416.56789398528
1247,"03/28/2023, 09:40:52",118177.3055691638
1248,"03/28/2023, 09:41:23",112290.35200498054
1249,"03/28/2023, 09:41:53",118540.86622803244
1250,"03/28/2023, 09:42:23",112979.97304539032
1251,"03/28/2023, 09:42:53",122205.72472431886
1252,"03/28/2023, 09:43:23",111583.68838855908
1253,"03/28/2023, 09:43:53",106190.82544259077
1254,"03/28/2023, 09:44:23",121712.50983043104
1255,"03/28/2023, 09:44:53",113179.87252500946
1256,"03/28/2023, 09:45:23",109796.92709067228
1257,"03/28/2023, 09:45:53",117331.01795627728
1258,"03/28/2023, 09:46:23",110628.55723549964
1259,"03/28/2023, 09:46:54",107768.98477854604
1260,"03/28/2023, 09:47:24",122954.5719386178
1261,"03/28/2023, 09:47:54",110958.50117446744
1262,"03/28/2023, 09:48:24",111660.3932022249
1263,"03/28/2023, 09:48:54",114414.67289092756
1264,"03/28/2023, 09:49:24",109948.59246294443
1265,"03/28/2023, 09:49:54",118459.82988089776
1266,"03/28/2023, 09:50:24",121171.02590418086
1267,"03/28/2023, 09:50:54",111581.36637395776
1268,"03/28/2023, 09:51:24",115953.23762406818
1269,"03/28/2023, 09:51:54",101740.907480229
1270,"03/28/2023, 09:52:24",112690.44300387212
1271,"03/28/2023, 09:52:55",128156.44228177484
1272,"03/28/2023, 09:53:25",98094.80421619018
1273,"03/28/2023, 09:53:55",112520.39077511102
1274,"03/28/2023, 09:54:25",109420.79415347886
1275,"03/28/2023, 09:54:55",101955.31131878162
1276,"03/28/2023, 09:55:25",120307.21235757844
1277,"03/28/2023, 09:55:55",109060.88172395638
1278,"03/28/2023, 09:56:25",118816.36240046869
1279,"03/28/2023, 09:56:55",112866.70456776844
1280,"03/28/2023, 09:57:25",101381.91740373464
1281,"03/28/2023, 09:57:55",104872.29468036682
1282,"03/28/2023, 09:58:26",107399.33425684708
1283,"03/28/2023, 09:58:56",100790.58101144349
1284,"03/28/2023, 09:59:26",118688.96276265023
1285,"03/28/2023, 09:59:56",87574.03362808566
1286,"03/28/2023, 10:00:26",97692.98093653026
1287,"03/28/2023, 10:00:56",92872.3176363886
1288,"03/28/2023, 10:01:26",87277.63844476937
1289,"03/28/2023, 10:01:56",90777.9035401356
1290,"03/28/2023, 10:02:26",96552.84582295873
1291,"03/28/2023, 10:02:56",88442.18519423142
1292,"03/28/2023, 10:03:26",89770.39550765353
1293,"03/28/2023, 10:03:57",98149.32881775589
1294,"03/28/2023, 10:04:27",92627.67904561562
1295,"03/28/2023, 10:04:57",100742.94079566954
1296,"03/28/2023, 10:05:27",96619.57854684412
1297,"03/28/2023, 10:05:57",98111.89136317409
1298,"03/28/2023, 10:06:27",103987.13579584398
1299,"03/28/2023, 10:06:57",101557.4041312158
1300,"03/28/2023, 10:07:27",110108.89961452589
1301,"03/28/2023, 10:07:57",105710.64755805708
1302,"03/28/2023, 10:08:27",100525.66761762982
1303,"03/28/2023, 10:08:57",103752.83118453568
1304,"03/28/2023, 10:09:28",112234.01146891896
1305,"03/28/2023, 10:09:58",119113.88711065204
1306,"03/28/2023, 10:10:28",110657.57343729856
1307,"03/28/2023, 10:10:58",106539.44578305692
1308,"03/28/2023, 10:11:28",112137.42085036126
1309,"03/28/2023, 10:11:58",102751.5036310642
1310,"03/28/2023, 10:12:28",110791.47744347824
1311,"03/28/2023, 10:12:58",120058.14427698348
1312,"03/28/2023, 10:13:28",109957.67379852012
1313,"03/28/2023, 10:13:58",107605.47051268491
1314,"03/28/2023, 10:14:28",112173.42837502304
1315,"03/28/2023, 10:14:59",123131.93596883642
1316,"03/28/2023, 10:15:29",115742.42369093157
1317,"03/28/2023, 10:15:59",112657.6615527841
1318,"03/28/2023, 10:16:29",110446.29739152674
1319,"03/28/2023, 10:16:59",117135.473245551
1320,"03/28/2023, 10:17:29",120877.54501186265
1321,"03/28/2023, 10:17:59",110777.61836578332
1322,"03/28/2023, 10:18:29",119330.72805004756
1323,"03/28/2023, 10:18:59",107076.681330637
1324,"03/28/2023, 10:19:29",109078.1208779124
1325,"03/28/2023, 10:19:59",124953.57205671594
1326,"03/28/2023, 10:20:30",104877.59047688244
1327,"03/28/2023, 10:21:00",108287.23907913548
1328,"03/28/2023, 10:21:30",111882.20746382631
1329,"03/28/2023, 10:22:00",105395.30667008426
1330,"03/28/2023, 10:22:30",131753.4885385779
