,Date,ReacEc_L1
0,"03/25/2023, 10:35:28",112.64000000002466
1,"03/25/2023, 10:35:58",112.64000000003486
2,"03/25/2023, 10:36:28",112.64000000003486
3,"03/25/2023, 10:36:58",112.64000000002466
4,"03/25/2023, 10:37:28",112.64
5,"03/25/2023, 10:37:58",112.64
6,"03/25/2023, 10:38:29",112.64
7,"03/25/2023, 10:38:59",112.64
8,"03/25/2023, 10:39:29",112.64
9,"03/25/2023, 10:39:59",112.64
10,"03/25/2023, 10:40:29",112.64
11,"03/25/2023, 10:40:59",112.64
12,"03/25/2023, 10:41:30",112.64
13,"03/25/2023, 10:42:00",112.64
14,"03/25/2023, 10:42:30",112.64
15,"03/25/2023, 10:43:00",112.64
16,"03/25/2023, 10:43:30",112.64
17,"03/25/2023, 10:44:00",112.64
18,"03/25/2023, 10:44:31",112.64
19,"03/25/2023, 10:45:01",112.64
20,"03/25/2023, 10:45:31",112.64
21,"03/25/2023, 10:46:01",112.64
22,"03/25/2023, 10:46:31",112.64
23,"03/25/2023, 10:47:01",112.64
24,"03/25/2023, 10:47:31",112.64
25,"03/25/2023, 10:48:02",112.64
26,"03/25/2023, 10:48:32",112.64
27,"03/25/2023, 10:49:02",112.64
28,"03/25/2023, 10:49:32",112.64
29,"03/25/2023, 10:50:02",112.64
30,"03/25/2023, 10:50:32",112.64
31,"03/25/2023, 10:51:02",112.64
32,"03/25/2023, 10:51:33",112.64
33,"03/25/2023, 10:52:03",112.64
34,"03/25/2023, 10:52:33",112.64
35,"03/25/2023, 10:53:03",112.64
36,"03/25/2023, 10:53:33",112.64
37,"03/25/2023, 10:54:03",112.64
38,"03/25/2023, 10:54:34",112.64
39,"03/25/2023, 10:55:04",112.64
40,"03/25/2023, 10:55:34",112.64
41,"03/25/2023, 10:56:04",112.64
42,"03/25/2023, 10:56:34",112.64
43,"03/25/2023, 10:57:04",112.64
44,"03/25/2023, 10:57:35",112.64
45,"03/25/2023, 10:58:05",112.64
46,"03/25/2023, 10:58:35",112.64
47,"03/25/2023, 10:59:05",112.64
48,"03/25/2023, 10:59:35",112.64
49,"03/25/2023, 11:00:05",112.64
50,"03/25/2023, 11:00:35",112.64
51,"03/25/2023, 11:01:06",112.64
52,"03/25/2023, 11:01:36",112.64
53,"03/25/2023, 11:02:06",112.64
54,"03/25/2023, 11:02:36",112.64
55,"03/25/2023, 11:03:06",112.64
56,"03/25/2023, 11:03:37",112.64
57,"03/25/2023, 11:04:07",112.64
58,"03/25/2023, 11:04:37",112.64
59,"03/25/2023, 11:05:07",112.64
60,"03/25/2023, 11:05:37",112.64
61,"03/25/2023, 11:06:07",112.64
62,"03/25/2023, 11:06:37",112.64
63,"03/25/2023, 11:07:08",112.64
64,"03/25/2023, 11:07:38",112.64
65,"03/25/2023, 11:08:08",112.64
66,"03/25/2023, 11:08:38",112.64
67,"03/25/2023, 11:09:08",112.64
68,"03/25/2023, 11:09:38",112.64
69,"03/25/2023, 11:10:09",112.64
70,"03/25/2023, 11:10:39",112.64
71,"03/25/2023, 11:11:09",112.64
72,"03/25/2023, 11:11:39",112.64
73,"03/25/2023, 11:12:09",112.64
74,"03/25/2023, 11:12:39",112.64
75,"03/25/2023, 11:13:10",112.64
76,"03/25/2023, 11:13:40",112.64
77,"03/25/2023, 11:14:10",112.64
78,"03/25/2023, 11:14:40",112.64
79,"03/25/2023, 11:15:10",112.64
80,"03/25/2023, 11:15:40",112.64
81,"03/25/2023, 11:16:11",112.64
82,"03/25/2023, 11:16:41",112.64
83,"03/25/2023, 11:17:11",112.64
84,"03/25/2023, 11:17:41",112.64
85,"03/25/2023, 11:18:11",112.64
86,"03/25/2023, 11:18:41",112.64
87,"03/25/2023, 11:19:12",112.64
88,"03/25/2023, 11:19:42",112.64
89,"03/25/2023, 11:20:12",112.64
90,"03/25/2023, 11:20:42",112.64
91,"03/25/2023, 11:21:12",112.64
92,"03/25/2023, 11:21:42",112.64
93,"03/25/2023, 11:22:12",112.64
94,"03/25/2023, 11:22:43",112.64
95,"03/25/2023, 11:23:13",112.64
96,"03/25/2023, 11:23:43",112.64
97,"03/25/2023, 11:24:13",112.64
98,"03/25/2023, 11:24:43",112.64
99,"03/25/2023, 11:25:13",112.64
100,"03/25/2023, 11:25:43",112.64
101,"03/25/2023, 11:26:13",112.64
102,"03/25/2023, 11:26:43",112.64
103,"03/25/2023, 11:27:14",112.64
104,"03/25/2023, 11:27:44",112.64
105,"03/25/2023, 11:28:14",112.64
106,"03/25/2023, 11:28:44",112.64
107,"03/25/2023, 11:29:14",112.64
108,"03/25/2023, 11:29:44",112.64
109,"03/25/2023, 11:30:14",112.64
110,"03/25/2023, 11:30:44",112.64
111,"03/25/2023, 11:31:14",112.64
112,"03/25/2023, 11:31:44",112.64
113,"03/25/2023, 11:32:14",112.64
114,"03/25/2023, 11:32:44",112.64
115,"03/25/2023, 11:33:15",112.64
116,"03/25/2023, 11:33:45",112.64
117,"03/25/2023, 11:34:15",112.64
118,"03/25/2023, 11:34:45",112.64
119,"03/25/2023, 11:35:15",112.64
120,"03/25/2023, 11:35:45",112.64
121,"03/25/2023, 11:36:15",112.64
122,"03/25/2023, 11:36:45",112.64
123,"03/25/2023, 11:37:15",112.64
124,"03/25/2023, 11:37:45",112.64
125,"03/25/2023, 11:38:15",112.64
126,"03/25/2023, 11:38:46",112.64
127,"03/25/2023, 11:39:16",112.64
128,"03/25/2023, 11:39:46",112.64
129,"03/25/2023, 11:40:16",112.64
130,"03/25/2023, 11:40:46",112.64
131,"03/25/2023, 11:41:16",112.64
132,"03/25/2023, 11:41:46",112.64
133,"03/25/2023, 11:42:16",112.64
134,"03/25/2023, 11:42:46",112.64
135,"03/25/2023, 11:43:16",112.64
136,"03/25/2023, 11:43:46",112.64
137,"03/25/2023, 11:44:17",112.64
138,"03/25/2023, 11:44:47",112.64
139,"03/25/2023, 11:45:17",112.64
140,"03/25/2023, 11:45:47",112.64
141,"03/25/2023, 11:46:17",112.64
142,"03/25/2023, 11:46:47",112.64
143,"03/25/2023, 11:47:17",112.64
144,"03/25/2023, 11:47:47",112.64
145,"03/25/2023, 11:48:17",112.64
146,"03/25/2023, 11:48:47",112.64
147,"03/25/2023, 11:49:17",112.64
148,"03/25/2023, 11:49:48",112.64
149,"03/25/2023, 11:50:18",112.64
150,"03/25/2023, 11:50:48",112.64
151,"03/25/2023, 11:51:18",112.64
152,"03/25/2023, 11:51:48",112.64
153,"03/25/2023, 11:52:18",112.64
154,"03/25/2023, 11:52:48",112.64
155,"03/25/2023, 11:53:18",112.64
156,"03/25/2023, 11:53:48",112.64
157,"03/25/2023, 11:54:18",112.64
158,"03/25/2023, 11:54:48",112.64
159,"03/25/2023, 11:55:18",112.64
160,"03/25/2023, 11:55:48",112.64
161,"03/25/2023, 11:56:19",112.64
162,"03/25/2023, 11:56:49",112.64
163,"03/25/2023, 11:57:19",112.64
164,"03/25/2023, 11:57:49",112.64
165,"03/25/2023, 11:58:19",112.64
166,"03/25/2023, 11:58:49",112.64
167,"03/25/2023, 11:59:19",112.64
168,"03/25/2023, 11:59:49",112.64
169,"03/25/2023, 12:00:19",112.64
170,"03/25/2023, 12:00:49",112.64
171,"03/25/2023, 12:01:20",112.64
172,"03/25/2023, 12:01:50",112.64
173,"03/25/2023, 12:02:20",112.64
174,"03/25/2023, 12:02:50",112.64
175,"03/25/2023, 12:03:20",112.64
176,"03/25/2023, 12:03:50",112.64
177,"03/25/2023, 12:04:20",112.64
178,"03/25/2023, 12:04:50",112.64
179,"03/25/2023, 12:05:20",112.64
180,"03/25/2023, 12:05:50",112.64
181,"03/25/2023, 12:06:21",112.64
182,"03/25/2023, 12:06:51",112.64
183,"03/25/2023, 12:07:21",112.64
184,"03/25/2023, 12:07:51",112.64
185,"03/25/2023, 12:08:21",112.64
186,"03/25/2023, 12:08:51",112.64
187,"03/25/2023, 12:09:21",112.64
188,"03/25/2023, 12:09:51",112.64
189,"03/25/2023, 12:10:21",112.64
190,"03/25/2023, 12:10:51",112.64
191,"03/25/2023, 12:11:21",112.64
192,"03/25/2023, 12:11:51",112.64
193,"03/25/2023, 12:12:22",112.64
194,"03/25/2023, 12:12:52",112.64
195,"03/25/2023, 12:13:22",112.64
196,"03/25/2023, 12:13:52",112.64
197,"03/25/2023, 12:14:22",112.64
198,"03/25/2023, 12:14:52",112.64
199,"03/25/2023, 12:15:22",112.64
200,"03/25/2023, 12:15:52",112.64
201,"03/25/2023, 12:16:22",112.64
202,"03/25/2023, 12:16:52",112.64
203,"03/25/2023, 12:17:22",112.64
204,"03/25/2023, 12:17:53",112.64
205,"03/25/2023, 12:18:23",112.64
206,"03/25/2023, 12:18:53",112.64
207,"03/25/2023, 12:19:23",112.64
208,"03/25/2023, 12:19:53",112.64
209,"03/25/2023, 12:20:23",112.64
210,"03/25/2023, 12:20:53",112.64
211,"03/25/2023, 12:21:23",112.64
212,"03/25/2023, 12:21:53",112.64
213,"03/25/2023, 12:22:23",112.64
214,"03/25/2023, 12:22:53",112.64
215,"03/25/2023, 12:23:24",112.64
216,"03/25/2023, 12:23:54",112.64
217,"03/25/2023, 12:24:24",112.64
218,"03/25/2023, 12:24:54",112.64
219,"03/25/2023, 12:25:24",112.64
220,"03/25/2023, 12:25:54",112.64
221,"03/25/2023, 12:26:24",112.64
222,"03/25/2023, 12:26:54",112.64
223,"03/25/2023, 12:27:24",112.64
224,"03/25/2023, 12:27:54",112.64
225,"03/25/2023, 12:28:24",112.64
226,"03/25/2023, 12:28:54",112.64
227,"03/25/2023, 12:29:25",112.64
228,"03/25/2023, 12:29:55",112.64
229,"03/25/2023, 12:30:25",112.64
230,"03/25/2023, 12:30:55",112.64
231,"03/25/2023, 12:31:25",112.64
232,"03/25/2023, 12:31:55",112.64
233,"03/25/2023, 12:32:25",112.64
234,"03/25/2023, 12:32:55",112.64
235,"03/25/2023, 12:33:25",112.64
236,"03/25/2023, 12:33:55",112.64
237,"03/25/2023, 12:34:25",112.64
238,"03/25/2023, 12:34:56",112.64
239,"03/25/2023, 12:35:26",112.64
240,"03/25/2023, 12:35:56",112.64
241,"03/25/2023, 12:36:26",112.64
242,"03/25/2023, 16:01:03",112.64000000002466
243,"03/25/2023, 16:01:33",112.64000000003486
244,"03/25/2023, 16:02:03",112.64000000003486
245,"03/25/2023, 16:02:33",112.64000000002466
246,"03/25/2023, 16:03:03",112.64
247,"03/25/2023, 16:03:34",112.64
248,"03/25/2023, 16:04:04",112.64
249,"03/25/2023, 16:04:34",112.64
250,"03/25/2023, 16:05:04",112.64
251,"03/25/2023, 16:05:34",112.64
252,"03/25/2023, 16:06:04",112.64
253,"03/25/2023, 16:06:34",112.64
254,"03/25/2023, 16:07:05",112.64
255,"03/25/2023, 16:07:35",112.64
256,"03/25/2023, 16:08:05",112.64
257,"03/25/2023, 16:08:35",112.64
258,"03/25/2023, 16:09:05",112.64
259,"03/25/2023, 16:09:35",112.64
260,"03/25/2023, 16:10:05",112.64
261,"03/25/2023, 16:10:36",112.64
262,"03/25/2023, 16:11:06",112.64
263,"03/25/2023, 16:11:36",112.64
264,"03/25/2023, 16:12:06",112.64
265,"03/25/2023, 16:12:36",112.64
266,"03/25/2023, 16:13:06",112.64
267,"03/25/2023, 16:13:36",112.64
268,"03/25/2023, 16:14:07",112.64
269,"03/25/2023, 16:14:37",112.64
270,"03/25/2023, 16:15:07",112.64
271,"03/25/2023, 16:15:37",112.64
272,"03/25/2023, 16:16:07",112.64
273,"03/25/2023, 16:16:37",112.64
274,"03/25/2023, 16:17:07",112.64
275,"03/25/2023, 16:17:38",112.64
276,"03/25/2023, 16:18:08",112.64
277,"03/25/2023, 16:18:38",112.64
278,"03/25/2023, 16:19:08",112.64
279,"03/25/2023, 16:19:38",112.64
280,"03/25/2023, 16:20:08",112.64
281,"03/25/2023, 16:20:38",112.64
282,"03/25/2023, 16:21:09",112.64
283,"03/25/2023, 16:21:39",112.64
284,"03/25/2023, 16:22:09",112.64
285,"03/25/2023, 16:22:39",112.64
286,"03/25/2023, 16:23:09",112.64
287,"03/25/2023, 16:23:39",112.64
288,"03/25/2023, 16:24:09",112.64
289,"03/25/2023, 16:24:40",112.64
290,"03/25/2023, 16:25:10",112.64
291,"03/25/2023, 16:25:40",112.64
292,"03/25/2023, 16:26:10",112.64
293,"03/25/2023, 16:26:40",112.64
294,"03/25/2023, 16:27:10",112.64
295,"03/25/2023, 16:27:41",112.64
296,"03/25/2023, 16:28:11",112.64
297,"03/25/2023, 16:28:41",112.64
298,"03/25/2023, 16:29:11",112.64
299,"03/25/2023, 16:29:41",112.64
300,"03/25/2023, 16:30:11",112.64
301,"03/25/2023, 16:30:41",112.64
302,"03/25/2023, 16:31:12",112.64
303,"03/25/2023, 16:31:42",112.64
304,"03/25/2023, 16:32:12",112.64
305,"03/25/2023, 16:32:42",112.64
306,"03/25/2023, 16:33:12",112.64
307,"03/25/2023, 16:33:42",112.64
308,"03/25/2023, 16:34:13",112.64
309,"03/25/2023, 16:34:43",112.64
310,"03/25/2023, 16:35:13",112.64
311,"03/25/2023, 16:35:43",112.64
312,"03/25/2023, 16:36:13",112.64
313,"03/25/2023, 16:36:44",112.64
314,"03/25/2023, 16:37:14",112.64
315,"03/25/2023, 16:37:44",112.64
316,"03/25/2023, 16:38:14",112.64
317,"03/25/2023, 16:38:44",112.64
318,"03/25/2023, 16:39:14",112.64
319,"03/25/2023, 16:39:44",112.64
320,"03/25/2023, 16:40:15",112.64
321,"03/25/2023, 16:40:45",112.64
322,"03/25/2023, 16:41:15",112.64
323,"03/25/2023, 16:41:45",112.64
324,"03/25/2023, 16:42:15",112.64
325,"03/25/2023, 16:42:45",112.64
326,"03/25/2023, 16:43:16",112.64
327,"03/25/2023, 16:43:46",112.64
328,"03/25/2023, 16:44:16",112.64
329,"03/25/2023, 16:44:46",112.64
330,"03/25/2023, 16:45:16",112.64
331,"03/25/2023, 16:45:46",112.64
332,"03/25/2023, 16:46:16",112.64
333,"03/25/2023, 16:46:47",112.64
334,"03/25/2023, 16:47:17",112.64
335,"03/25/2023, 16:47:47",112.64
336,"03/25/2023, 16:48:17",112.64
337,"03/25/2023, 16:48:47",112.64
338,"03/25/2023, 16:49:17",112.64
339,"03/25/2023, 16:49:47",112.64
340,"03/25/2023, 16:50:18",112.64
341,"03/25/2023, 16:50:48",112.64
342,"03/25/2023, 16:51:18",112.64
343,"03/25/2023, 16:51:48",112.64
344,"03/25/2023, 16:52:18",112.64
345,"03/25/2023, 16:52:48",112.64
346,"03/25/2023, 16:53:18",112.64
347,"03/25/2023, 16:53:48",112.64
348,"03/25/2023, 16:54:19",112.64
349,"03/25/2023, 16:54:49",112.64
350,"03/25/2023, 16:55:19",112.64
351,"03/25/2023, 16:55:49",112.64
352,"03/25/2023, 16:56:19",112.64
353,"03/25/2023, 16:56:49",112.64
354,"03/25/2023, 16:57:20",112.64
355,"03/25/2023, 16:57:50",112.64
356,"03/25/2023, 16:58:20",112.64
357,"03/25/2023, 16:58:50",112.64
358,"03/25/2023, 16:59:20",112.64
359,"03/25/2023, 16:59:50",112.64
360,"03/25/2023, 17:00:21",112.64
361,"03/25/2023, 17:00:51",112.64
362,"03/25/2023, 17:01:21",112.64
363,"03/25/2023, 17:01:51",112.64
364,"03/25/2023, 17:02:21",112.64
365,"03/25/2023, 17:02:51",112.64
366,"03/25/2023, 17:03:21",112.64
367,"03/25/2023, 17:03:52",112.64
368,"03/25/2023, 17:04:22",112.64
369,"03/25/2023, 17:04:52",112.64
370,"03/25/2023, 17:05:22",112.64
371,"03/25/2023, 17:05:52",112.64
372,"03/25/2023, 17:06:22",112.64
373,"03/25/2023, 17:06:53",112.64
374,"03/25/2023, 17:07:23",112.64
375,"03/25/2023, 17:07:53",112.64
376,"03/25/2023, 17:08:23",112.64
377,"03/25/2023, 17:08:53",112.64
378,"03/25/2023, 17:09:23",112.64
379,"03/25/2023, 17:09:53",112.64
380,"03/25/2023, 17:10:24",112.64
381,"03/25/2023, 17:10:54",112.64
382,"03/25/2023, 17:11:24",112.64
383,"03/25/2023, 17:11:54",112.64
384,"03/25/2023, 17:12:24",112.64
385,"03/25/2023, 17:12:54",112.64
386,"03/25/2023, 17:13:25",112.64
387,"03/25/2023, 17:13:55",112.64
388,"03/25/2023, 17:14:25",112.64
389,"03/25/2023, 17:14:55",112.64
390,"03/25/2023, 17:15:25",112.64
391,"03/25/2023, 17:15:55",112.64
392,"03/25/2023, 17:16:25",112.64
393,"03/25/2023, 17:16:56",112.64
394,"03/25/2023, 17:17:26",112.64
395,"03/25/2023, 17:17:56",112.64
396,"03/25/2023, 17:18:26",112.64
397,"03/25/2023, 17:18:56",112.64
398,"03/25/2023, 17:19:26",112.64
399,"03/25/2023, 17:19:56",112.64
400,"03/25/2023, 17:20:26",112.64
401,"03/25/2023, 17:20:56",112.64
402,"03/25/2023, 17:21:27",112.64
403,"03/25/2023, 17:21:57",112.64
404,"03/25/2023, 17:22:27",112.64
405,"03/25/2023, 17:22:57",112.64
406,"03/25/2023, 17:23:27",112.64
407,"03/25/2023, 17:23:57",112.64
408,"03/25/2023, 17:24:27",112.64
409,"03/25/2023, 17:24:57",112.64
410,"03/25/2023, 17:25:27",112.64
411,"03/25/2023, 17:25:57",112.64
412,"03/25/2023, 17:26:27",112.64
413,"03/25/2023, 17:26:58",112.64
414,"03/25/2023, 17:27:28",112.64
415,"03/25/2023, 17:27:58",112.64
416,"03/25/2023, 17:28:28",112.64
417,"03/25/2023, 17:28:58",112.64
418,"03/25/2023, 17:29:28",112.64
419,"03/25/2023, 17:29:58",112.64
420,"03/25/2023, 17:30:28",112.64
421,"03/25/2023, 17:30:58",112.64
422,"03/25/2023, 17:31:28",112.64
423,"03/25/2023, 17:31:59",112.64
424,"03/25/2023, 17:32:29",112.64
425,"03/25/2023, 17:32:59",112.64
426,"03/25/2023, 17:33:29",112.64
427,"03/25/2023, 17:33:59",112.64
428,"03/25/2023, 17:34:29",112.64
429,"03/25/2023, 17:34:59",112.64
430,"03/25/2023, 17:35:29",112.64
431,"03/25/2023, 17:35:59",112.64
432,"03/25/2023, 17:36:29",112.64
433,"03/25/2023, 17:36:59",112.64
434,"03/25/2023, 17:37:29",112.64
435,"03/25/2023, 17:38:00",112.64
436,"03/25/2023, 17:38:30",112.64
437,"03/25/2023, 17:39:00",112.64
438,"03/25/2023, 17:39:30",112.64
439,"03/25/2023, 17:40:00",112.64
440,"03/25/2023, 17:40:30",112.64
441,"03/25/2023, 17:41:00",112.64
442,"03/25/2023, 17:41:30",112.64
443,"03/25/2023, 17:42:00",112.64
444,"03/25/2023, 17:42:30",112.64
445,"03/25/2023, 17:43:00",112.64
446,"03/25/2023, 17:43:30",112.64
447,"03/25/2023, 17:44:01",112.64
448,"03/25/2023, 17:44:31",112.64
449,"03/25/2023, 17:45:01",112.64
450,"03/25/2023, 17:45:31",112.64
451,"03/25/2023, 17:46:01",112.64
452,"03/25/2023, 17:46:31",112.64
453,"03/25/2023, 17:47:01",112.64
454,"03/25/2023, 17:47:31",112.64
455,"03/25/2023, 17:48:01",112.64
456,"03/25/2023, 17:48:31",112.64
457,"03/25/2023, 17:49:01",112.64
458,"03/25/2023, 17:49:32",112.64
459,"03/25/2023, 17:50:02",112.64
460,"03/25/2023, 17:50:32",112.64
461,"03/25/2023, 17:51:02",112.64
462,"03/25/2023, 17:51:32",112.64
463,"03/25/2023, 17:52:02",112.64
464,"03/25/2023, 17:52:32",112.64
465,"03/25/2023, 17:53:02",112.64
466,"03/25/2023, 17:53:32",112.64
467,"03/25/2023, 17:54:02",112.64
468,"03/25/2023, 17:54:32",112.64
469,"03/25/2023, 17:55:03",112.64
470,"03/25/2023, 17:55:33",112.64
471,"03/25/2023, 17:56:03",112.64
472,"03/25/2023, 17:56:33",112.64
473,"03/25/2023, 17:57:03",112.64
474,"03/25/2023, 17:57:33",112.64
475,"03/25/2023, 17:58:03",112.64
476,"03/25/2023, 17:58:33",112.64
477,"03/25/2023, 17:59:03",112.64
478,"03/25/2023, 17:59:33",112.64
479,"03/25/2023, 18:00:03",112.64
480,"03/25/2023, 18:00:34",112.64
481,"03/25/2023, 18:01:04",112.64
482,"03/25/2023, 18:01:34",112.64
483,"03/25/2023, 18:02:04",112.64
484,"03/25/2023, 18:02:34",112.64
485,"03/25/2023, 18:03:04",112.64
486,"03/25/2023, 18:03:34",112.64
487,"03/25/2023, 18:04:04",112.64
488,"03/25/2023, 18:04:34",112.64
489,"03/25/2023, 18:05:04",112.64
490,"03/25/2023, 18:05:34",112.64
491,"03/25/2023, 18:06:04",112.64
492,"03/25/2023, 18:06:35",112.64
493,"03/25/2023, 18:07:05",112.64
494,"03/25/2023, 18:07:35",112.64
495,"03/25/2023, 18:08:05",112.64
496,"03/25/2023, 18:08:35",112.64
497,"03/25/2023, 18:09:05",112.64
498,"03/25/2023, 18:09:35",112.64
499,"03/25/2023, 18:10:05",112.64
500,"03/25/2023, 18:10:35",112.64
501,"03/25/2023, 18:11:05",112.64
502,"03/25/2023, 18:11:35",112.64
503,"03/25/2023, 18:12:06",112.64
504,"03/25/2023, 18:12:36",112.64
505,"03/25/2023, 18:13:06",112.64
506,"03/25/2023, 18:13:36",112.64
507,"03/25/2023, 18:14:06",112.64
508,"03/25/2023, 18:14:36",112.64
509,"03/25/2023, 18:15:06",112.64
510,"03/25/2023, 18:15:36",112.64
511,"03/25/2023, 18:16:06",112.64
512,"03/25/2023, 18:16:36",112.64
513,"03/25/2023, 18:17:06",112.64
514,"03/25/2023, 18:17:37",112.64
515,"03/27/2023, 13:16:07",112.64000000002466
516,"03/27/2023, 13:16:37",112.64000000003486
517,"03/27/2023, 13:17:07",112.64000000003486
518,"03/27/2023, 13:17:38",112.64000000002466
519,"03/27/2023, 13:18:08",112.64
520,"03/27/2023, 13:18:38",112.64
521,"03/27/2023, 13:19:08",112.64
522,"03/27/2023, 13:19:38",112.64
523,"03/27/2023, 13:20:08",112.64
524,"03/27/2023, 13:20:38",112.64
525,"03/27/2023, 13:21:09",112.64
526,"03/27/2023, 13:21:39",112.64
527,"03/27/2023, 13:22:09",112.64
528,"03/27/2023, 13:22:39",112.64
529,"03/27/2023, 13:23:09",112.64
530,"03/27/2023, 13:23:39",112.64
531,"03/27/2023, 13:24:10",112.64
532,"03/27/2023, 13:24:40",112.64
533,"03/27/2023, 13:25:10",112.64
534,"03/27/2023, 13:25:40",112.64
535,"03/27/2023, 13:26:10",112.64
536,"03/27/2023, 13:26:40",112.64
537,"03/27/2023, 13:27:11",112.64
538,"03/27/2023, 13:27:41",112.64
539,"03/27/2023, 13:28:11",112.64
540,"03/27/2023, 13:28:41",112.64
541,"03/27/2023, 13:29:11",112.64
542,"03/27/2023, 13:29:41",112.64
543,"03/27/2023, 13:30:11",112.64
544,"03/27/2023, 13:30:42",112.64
545,"03/27/2023, 13:31:12",112.64
546,"03/27/2023, 13:31:42",112.64
547,"03/27/2023, 13:32:12",112.64
548,"03/27/2023, 13:32:42",112.64
549,"03/27/2023, 13:33:12",112.64
550,"03/27/2023, 13:33:42",112.64
551,"03/27/2023, 13:34:13",112.64
552,"03/27/2023, 13:34:43",112.64
553,"03/27/2023, 13:35:13",112.64
554,"03/27/2023, 13:35:43",112.64
555,"03/27/2023, 13:36:13",112.64
556,"03/27/2023, 13:36:43",112.64
557,"03/27/2023, 13:37:13",112.64
558,"03/27/2023, 13:37:43",112.64
559,"03/27/2023, 13:38:13",112.64
560,"03/27/2023, 13:38:43",112.64
561,"03/27/2023, 13:39:14",112.64
562,"03/27/2023, 13:39:44",112.64
563,"03/27/2023, 13:40:14",112.64
564,"03/27/2023, 13:40:44",112.64
565,"03/27/2023, 13:41:14",112.64
566,"03/27/2023, 13:41:44",112.64
567,"03/27/2023, 13:42:14",112.64
568,"03/27/2023, 13:42:44",112.64
569,"03/27/2023, 13:43:14",112.64
570,"03/27/2023, 13:43:44",112.64
571,"03/27/2023, 13:44:14",112.64
572,"03/27/2023, 13:44:44",112.64
573,"03/27/2023, 13:45:15",112.64
574,"03/27/2023, 13:45:45",112.64
575,"03/27/2023, 13:46:15",112.64
576,"03/27/2023, 13:46:45",112.64
577,"03/27/2023, 13:47:15",112.64
578,"03/27/2023, 13:47:45",112.64
579,"03/27/2023, 13:48:15",112.64
580,"03/27/2023, 13:48:45",112.64
581,"03/27/2023, 13:49:15",112.64
582,"03/27/2023, 13:49:45",112.64
583,"03/27/2023, 13:50:15",112.64
584,"03/27/2023, 13:50:46",112.64
585,"03/27/2023, 13:51:16",112.64
586,"03/27/2023, 13:51:46",112.64
587,"03/27/2023, 13:52:16",112.64
588,"03/27/2023, 13:52:46",112.64
589,"03/27/2023, 13:53:16",112.64
590,"03/27/2023, 13:53:46",112.64
591,"03/27/2023, 13:54:16",112.64
592,"03/27/2023, 13:54:46",112.64
593,"03/27/2023, 13:55:16",112.64
594,"03/27/2023, 13:55:46",112.64
595,"03/27/2023, 13:56:17",112.64
596,"03/27/2023, 13:56:47",112.64
597,"03/27/2023, 13:57:17",112.64
598,"03/27/2023, 13:57:47",112.64
599,"03/27/2023, 13:58:17",112.64
600,"03/27/2023, 13:58:47",112.64
601,"03/27/2023, 13:59:17",112.64
602,"03/27/2023, 13:59:47",112.64
603,"03/27/2023, 14:00:17",112.64
604,"03/27/2023, 14:00:47",112.64
605,"03/27/2023, 14:01:17",112.64
606,"03/27/2023, 14:01:48",112.64
607,"03/27/2023, 14:02:18",112.64
608,"03/27/2023, 14:02:48",112.64
609,"03/27/2023, 14:03:18",112.64
610,"03/27/2023, 14:03:48",112.64
611,"03/27/2023, 14:04:18",112.64
612,"03/27/2023, 14:04:48",112.64
613,"03/27/2023, 14:05:18",112.64
614,"03/27/2023, 14:05:48",112.64
615,"03/27/2023, 14:06:18",112.64
616,"03/27/2023, 14:06:48",112.64
617,"03/27/2023, 14:07:18",112.64
618,"03/27/2023, 14:07:49",112.64
619,"03/27/2023, 14:08:19",112.64
620,"03/27/2023, 14:08:49",112.64
621,"03/27/2023, 14:09:19",112.64
622,"03/27/2023, 14:09:49",112.64
623,"03/27/2023, 14:10:19",112.64
624,"03/27/2023, 14:10:49",112.64
625,"03/27/2023, 14:11:19",112.64
626,"03/27/2023, 14:11:49",112.64
627,"03/27/2023, 14:12:19",112.64
628,"03/27/2023, 14:12:49",112.64
629,"03/27/2023, 14:13:19",112.64
630,"03/27/2023, 14:13:50",112.64
631,"03/27/2023, 14:14:20",112.64
632,"03/27/2023, 14:14:50",112.64
633,"03/27/2023, 14:15:20",112.64
634,"03/27/2023, 14:15:50",112.64
635,"03/27/2023, 14:16:20",112.64
636,"03/27/2023, 14:16:50",112.64
637,"03/27/2023, 14:17:20",112.64
638,"03/27/2023, 14:17:50",112.64
639,"03/27/2023, 14:18:21",112.64
640,"03/27/2023, 14:18:51",112.64
641,"03/27/2023, 14:19:21",112.64
642,"03/27/2023, 14:19:51",112.64
643,"03/27/2023, 14:20:21",112.64
644,"03/27/2023, 14:20:51",112.64
645,"03/27/2023, 14:21:21",112.64
646,"03/27/2023, 14:21:51",112.64
647,"03/27/2023, 14:22:21",112.64
648,"03/27/2023, 14:22:51",112.64
649,"03/27/2023, 14:23:21",112.64
650,"03/27/2023, 14:23:51",112.64
651,"03/27/2023, 14:24:21",112.64
652,"03/27/2023, 14:24:52",112.64
653,"03/27/2023, 14:25:22",112.64
654,"03/27/2023, 14:25:52",112.64
655,"03/27/2023, 14:26:22",112.64
656,"03/27/2023, 14:26:52",112.64
657,"03/27/2023, 14:27:22",112.64
658,"03/27/2023, 14:27:52",112.64
659,"03/27/2023, 14:28:22",112.64
660,"03/27/2023, 14:28:52",112.64
661,"03/27/2023, 14:29:22",112.64
662,"03/27/2023, 14:29:52",112.64
663,"03/27/2023, 14:30:22",112.64
664,"03/27/2023, 14:30:53",112.64
665,"03/27/2023, 14:31:23",112.64
666,"03/27/2023, 14:31:53",112.64
667,"03/27/2023, 14:32:23",112.64
668,"03/27/2023, 14:32:53",112.64
669,"03/27/2023, 14:33:24",112.64000000002466
670,"03/27/2023, 14:33:55",112.64000000003486
671,"03/27/2023, 14:34:25",112.64000000003486
672,"03/27/2023, 14:34:55",112.64000000002466
673,"03/27/2023, 14:35:25",112.64
674,"03/27/2023, 14:35:55",112.64
675,"03/27/2023, 14:36:25",112.64
676,"03/27/2023, 14:36:55",112.64
677,"03/27/2023, 14:37:25",112.64
678,"03/27/2023, 14:37:55",112.64
679,"03/27/2023, 14:38:25",112.64
680,"03/27/2023, 14:38:56",112.64
681,"03/27/2023, 14:39:26",112.64
682,"03/27/2023, 14:39:56",112.64
683,"03/27/2023, 14:40:26",112.64
684,"03/27/2023, 14:40:56",112.64
685,"03/27/2023, 14:41:26",112.64
686,"03/27/2023, 14:41:56",112.64
687,"03/27/2023, 14:42:26",112.64
688,"03/27/2023, 14:42:56",112.64
689,"03/27/2023, 14:43:26",112.64
690,"03/27/2023, 14:43:56",112.64
691,"03/27/2023, 14:44:26",112.64
692,"03/27/2023, 14:44:57",112.64
693,"03/27/2023, 14:45:27",112.64
694,"03/27/2023, 14:45:57",112.64
695,"03/27/2023, 14:46:27",112.64
696,"03/27/2023, 14:46:57",112.64
697,"03/27/2023, 14:47:27",112.64
698,"03/27/2023, 14:47:57",112.64
699,"03/27/2023, 14:48:27",112.64
700,"03/27/2023, 14:48:57",112.64
701,"03/27/2023, 14:49:27",112.64
702,"03/27/2023, 14:49:58",112.64
703,"03/27/2023, 14:50:28",112.64
704,"03/27/2023, 14:50:58",112.64
705,"03/27/2023, 14:51:28",112.64
706,"03/27/2023, 14:51:58",112.64
707,"03/27/2023, 14:52:28",112.64
708,"03/27/2023, 14:52:58",112.64
709,"03/27/2023, 14:53:28",112.64
710,"03/27/2023, 14:53:58",112.64
711,"03/27/2023, 14:54:28",112.64
712,"03/27/2023, 14:54:58",112.64
713,"03/27/2023, 14:55:29",112.64
714,"03/27/2023, 14:55:59",112.64
715,"03/27/2023, 14:56:29",112.64
716,"03/27/2023, 14:56:59",112.64
717,"03/27/2023, 14:57:29",112.64
718,"03/27/2023, 14:57:59",112.64
719,"03/27/2023, 14:58:29",112.64
720,"03/27/2023, 14:58:59",112.64
721,"03/27/2023, 14:59:29",112.64
722,"03/27/2023, 14:59:59",112.64
723,"03/27/2023, 15:00:29",112.64
724,"03/27/2023, 15:00:59",112.64
725,"03/27/2023, 15:01:30",112.64
726,"03/27/2023, 15:02:00",112.64
727,"03/27/2023, 15:02:30",112.64
728,"03/27/2023, 15:03:00",112.64
729,"03/27/2023, 15:03:30",112.64
730,"03/27/2023, 15:04:00",112.64
731,"03/27/2023, 15:04:30",112.64
732,"03/27/2023, 15:05:00",112.64
733,"03/27/2023, 15:05:30",112.64
734,"03/27/2023, 15:06:00",112.64
735,"03/27/2023, 15:06:31",112.64
736,"03/27/2023, 15:07:01",112.64
737,"03/27/2023, 15:07:31",112.64
738,"03/27/2023, 15:17:30",112.64000000002466
739,"03/27/2023, 15:18:00",112.64000000003486
740,"03/27/2023, 15:18:30",112.64000000003486
741,"03/27/2023, 15:19:00",112.64000000002466
742,"03/27/2023, 15:19:31",112.64
743,"03/27/2023, 15:20:01",112.64
744,"03/27/2023, 15:20:31",112.64
745,"03/27/2023, 15:21:01",112.64
746,"03/27/2023, 15:21:31",112.64
747,"03/27/2023, 15:22:01",112.64
748,"03/27/2023, 15:22:31",112.64
749,"03/27/2023, 15:23:02",112.64
750,"03/27/2023, 15:23:32",112.64
751,"03/27/2023, 15:24:02",112.64
752,"03/27/2023, 15:24:32",112.64
753,"03/27/2023, 15:25:02",112.64
754,"03/27/2023, 15:25:32",112.64
755,"03/27/2023, 15:26:03",112.64
756,"03/27/2023, 15:26:33",112.64
757,"03/27/2023, 15:27:03",112.64
758,"03/27/2023, 15:27:33",112.64
759,"03/27/2023, 15:28:03",112.64
760,"03/27/2023, 15:28:33",112.64
761,"03/27/2023, 15:29:04",112.64
762,"03/27/2023, 15:29:34",112.64
763,"03/27/2023, 15:30:04",112.64
764,"03/27/2023, 15:30:34",112.64
765,"03/27/2023, 15:31:04",112.64
766,"03/27/2023, 15:31:34",112.64
767,"03/27/2023, 15:32:04",112.64
768,"03/27/2023, 15:32:35",112.64
769,"03/27/2023, 15:33:05",112.64
770,"03/27/2023, 15:33:35",112.64
771,"03/27/2023, 15:34:05",112.64
772,"03/27/2023, 15:34:35",112.64
773,"03/27/2023, 15:35:05",112.64
774,"03/27/2023, 15:35:36",112.64
775,"03/27/2023, 15:36:06",112.64
776,"03/27/2023, 15:36:36",112.64
777,"03/27/2023, 15:37:06",112.64
778,"03/27/2023, 15:37:36",112.64
779,"03/27/2023, 15:38:06",112.64
780,"03/27/2023, 15:38:36",112.64
781,"03/27/2023, 15:39:07",112.64
782,"03/27/2023, 15:39:37",112.64
783,"03/27/2023, 15:40:07",112.64
784,"03/27/2023, 15:40:37",112.64
785,"03/27/2023, 15:41:07",112.64
786,"03/27/2023, 15:41:37",112.64
787,"03/27/2023, 15:42:08",112.64
788,"03/27/2023, 15:42:38",112.64
789,"03/27/2023, 15:43:08",112.64
790,"03/27/2023, 15:43:38",112.64
791,"03/27/2023, 15:44:08",112.64
792,"03/27/2023, 15:44:38",112.64
793,"03/27/2023, 15:45:08",112.64
794,"03/27/2023, 15:45:39",112.64
795,"03/27/2023, 15:46:09",112.64
796,"03/27/2023, 15:46:39",112.64
797,"03/27/2023, 15:47:09",112.64
798,"03/27/2023, 15:47:39",112.64
799,"03/27/2023, 15:48:09",112.64
800,"03/27/2023, 15:48:40",112.64
801,"03/27/2023, 15:49:10",112.64
802,"03/27/2023, 15:49:40",112.64
803,"03/27/2023, 15:50:10",112.64
804,"03/27/2023, 15:50:40",112.64
805,"03/27/2023, 15:51:10",112.64
806,"03/27/2023, 15:51:40",112.64
807,"03/27/2023, 15:52:11",112.64
808,"03/27/2023, 15:52:41",112.64
809,"03/27/2023, 15:53:11",112.64
810,"03/27/2023, 15:53:41",112.64
811,"03/27/2023, 15:54:11",112.64
812,"03/27/2023, 15:54:41",112.64
813,"03/27/2023, 15:55:12",112.64
814,"03/27/2023, 15:55:42",112.64
815,"03/27/2023, 15:56:12",112.64
816,"03/27/2023, 15:56:42",112.64
817,"03/27/2023, 15:57:12",112.64
818,"03/27/2023, 15:57:42",112.64
819,"03/27/2023, 15:58:13",112.64
820,"03/27/2023, 15:58:43",112.64
821,"03/27/2023, 15:59:13",112.64
822,"03/27/2023, 15:59:43",112.64
823,"03/27/2023, 16:00:13",112.64
824,"03/27/2023, 16:00:43",112.64
825,"03/27/2023, 16:01:14",112.64
826,"03/27/2023, 16:01:44",112.64
827,"03/27/2023, 16:02:14",112.64
828,"03/27/2023, 16:02:44",112.64
829,"03/27/2023, 16:03:14",112.64
830,"03/27/2023, 16:03:44",112.64
831,"03/27/2023, 16:04:14",112.64
832,"03/27/2023, 16:04:45",112.64
833,"03/27/2023, 16:05:15",112.64
834,"03/27/2023, 16:05:45",112.64
835,"03/27/2023, 16:06:15",112.64
836,"03/27/2023, 16:06:45",112.64
837,"03/27/2023, 16:07:15",112.64
838,"03/27/2023, 16:07:46",112.64
839,"03/27/2023, 16:08:16",112.64
840,"03/27/2023, 16:08:46",112.64
841,"03/27/2023, 16:09:16",112.64
842,"03/27/2023, 16:09:46",112.64
843,"03/27/2023, 16:10:16",112.64
844,"03/27/2023, 16:10:47",112.64
845,"03/27/2023, 16:11:17",112.64
846,"03/27/2023, 16:11:47",112.64
847,"03/27/2023, 16:12:17",112.64
848,"03/27/2023, 16:12:47",112.64
849,"03/27/2023, 16:13:17",112.64
850,"03/27/2023, 16:13:47",112.64
851,"03/27/2023, 16:14:18",112.64
852,"03/27/2023, 16:14:48",112.64
853,"03/27/2023, 16:15:18",112.64
854,"03/27/2023, 16:15:48",112.64
855,"03/27/2023, 16:16:18",112.64
856,"03/27/2023, 16:16:48",112.64
857,"03/27/2023, 16:17:19",112.64
858,"03/27/2023, 16:17:49",112.64
859,"03/27/2023, 16:18:19",112.64
860,"03/27/2023, 16:18:49",112.64
861,"03/27/2023, 16:19:19",112.64
862,"03/27/2023, 16:19:49",112.64
863,"03/27/2023, 16:20:19",112.64
864,"03/27/2023, 16:20:49",112.64
865,"03/27/2023, 16:21:19",112.64
866,"03/27/2023, 16:21:49",112.64
867,"03/27/2023, 16:22:19",112.64
868,"03/27/2023, 16:22:50",112.64
869,"03/27/2023, 16:23:20",112.64
870,"03/27/2023, 16:23:50",112.64
871,"03/27/2023, 16:24:20",112.64
872,"03/27/2023, 16:24:50",112.64
873,"03/27/2023, 16:25:20",112.64
874,"03/27/2023, 16:25:50",112.64
875,"03/27/2023, 16:26:20",112.64
876,"03/27/2023, 16:26:50",112.64
877,"03/27/2023, 16:27:20",112.64
878,"03/27/2023, 16:27:50",112.64
879,"03/27/2023, 16:28:20",112.64
880,"03/27/2023, 16:28:51",112.64
881,"03/27/2023, 16:29:21",112.64
882,"03/27/2023, 16:29:51",112.64
883,"03/27/2023, 16:30:21",112.64
884,"03/27/2023, 16:30:51",112.64
885,"03/27/2023, 16:31:21",112.64
886,"03/27/2023, 16:31:51",112.64
887,"03/27/2023, 16:32:21",112.64
888,"03/27/2023, 16:32:51",112.64
889,"03/27/2023, 16:33:21",112.64
890,"03/27/2023, 16:33:51",112.64
891,"03/27/2023, 16:34:21",112.64
892,"03/27/2023, 16:34:52",112.64
893,"03/27/2023, 16:35:22",112.64
894,"03/27/2023, 16:35:52",112.64
895,"03/27/2023, 16:36:22",112.64
896,"03/27/2023, 16:36:52",112.64
897,"03/27/2023, 16:37:22",112.64
898,"03/27/2023, 16:37:52",112.64
899,"03/27/2023, 16:38:22",112.64
900,"03/27/2023, 16:38:52",112.64
901,"03/27/2023, 16:39:23",112.64
902,"03/27/2023, 16:39:53",112.64
903,"03/27/2023, 16:40:23",112.64
904,"03/27/2023, 16:40:53",112.64
905,"03/27/2023, 16:41:23",112.64
906,"03/27/2023, 16:41:53",112.64
907,"03/27/2023, 16:42:23",112.64
908,"03/27/2023, 16:42:53",112.64
909,"03/27/2023, 16:43:23",112.64
910,"03/27/2023, 16:43:53",112.64
911,"03/27/2023, 16:44:23",112.64
912,"03/27/2023, 16:44:54",112.64
913,"03/27/2023, 16:45:24",112.64
914,"03/27/2023, 16:45:54",112.64
915,"03/27/2023, 16:46:24",112.64
916,"03/27/2023, 16:46:54",112.64
917,"03/27/2023, 16:47:24",112.64
918,"03/27/2023, 16:47:54",112.64
919,"03/27/2023, 16:48:24",112.64
920,"03/27/2023, 16:48:54",112.64
921,"03/27/2023, 16:49:24",112.64
922,"03/27/2023, 16:49:54",112.64
923,"03/27/2023, 16:50:25",112.64
924,"03/27/2023, 16:50:55",112.64
925,"03/27/2023, 16:51:25",112.64
926,"03/27/2023, 16:51:55",112.64
927,"03/27/2023, 16:52:25",112.64
928,"03/27/2023, 16:52:55",112.64
929,"03/27/2023, 16:53:25",112.64
930,"03/27/2023, 16:53:55",112.64
931,"03/27/2023, 16:54:25",112.64
932,"03/27/2023, 16:54:55",112.64
933,"03/27/2023, 16:55:25",112.64
934,"03/27/2023, 16:55:55",112.64
935,"03/27/2023, 16:56:25",112.64
936,"03/27/2023, 16:56:56",112.64
937,"03/27/2023, 16:57:26",112.64
938,"03/27/2023, 16:57:56",112.64
939,"03/27/2023, 16:58:26",112.64
940,"03/27/2023, 16:58:56",112.64
941,"03/27/2023, 16:59:26",112.64
942,"03/27/2023, 16:59:56",112.64
943,"03/27/2023, 17:00:26",112.64
944,"03/27/2023, 17:00:56",112.64
945,"03/27/2023, 17:01:26",112.64
946,"03/27/2023, 17:01:56",112.64
947,"03/27/2023, 17:02:27",112.64
948,"03/27/2023, 17:02:57",112.64
949,"03/27/2023, 17:03:27",112.64
950,"03/27/2023, 17:03:57",112.64
951,"03/27/2023, 17:04:27",112.64
952,"03/27/2023, 17:04:57",112.64
953,"03/27/2023, 17:05:27",112.64
954,"03/27/2023, 17:05:57",112.64
955,"03/27/2023, 17:06:27",112.64
956,"03/27/2023, 17:06:57",112.64
957,"03/27/2023, 17:07:28",112.64
958,"03/27/2023, 17:07:58",112.64
959,"03/27/2023, 17:08:28",112.64
960,"03/27/2023, 17:08:58",112.64
961,"03/27/2023, 17:09:28",112.64
962,"03/27/2023, 17:09:58",112.64
963,"03/27/2023, 17:10:28",112.64
964,"03/27/2023, 17:10:58",112.64
965,"03/27/2023, 17:35:27",112.64000000002466
966,"03/27/2023, 17:35:57",112.64000000003486
967,"03/27/2023, 17:36:28",112.64000000003486
968,"03/27/2023, 17:36:58",112.64000000002466
969,"03/27/2023, 17:37:28",112.64
970,"03/27/2023, 17:37:58",112.64
971,"03/27/2023, 17:38:28",112.64
972,"03/27/2023, 17:38:58",112.64
973,"03/27/2023, 17:39:28",112.64
974,"03/27/2023, 17:39:58",112.64
975,"03/27/2023, 17:40:28",112.64
976,"03/27/2023, 17:40:58",112.64
977,"03/27/2023, 17:41:29",112.64
978,"03/27/2023, 17:41:59",112.64
979,"03/27/2023, 17:42:29",112.64
980,"03/27/2023, 17:42:59",112.64
981,"03/27/2023, 18:19:43",112.64000000002466
982,"03/27/2023, 18:20:14",112.64000000003486
983,"03/27/2023, 18:20:44",112.64000000003486
984,"03/27/2023, 18:21:14",112.64000000002466
985,"03/27/2023, 18:21:44",112.64
986,"03/27/2023, 18:22:14",112.64
987,"03/27/2023, 18:22:44",112.64
988,"03/27/2023, 18:23:14",112.64
989,"03/27/2023, 18:23:45",112.64
990,"03/27/2023, 18:24:15",112.64
991,"03/27/2023, 18:24:45",112.64
992,"03/27/2023, 18:25:15",112.64
993,"03/27/2023, 18:25:45",112.64
994,"03/27/2023, 18:26:15",112.64
995,"03/27/2023, 18:26:46",112.64
996,"03/27/2023, 18:27:16",112.64
997,"03/27/2023, 18:27:46",112.64
998,"03/27/2023, 18:28:16",112.64
999,"03/27/2023, 18:28:46",112.64
1000,"03/27/2023, 18:29:16",112.64
1001,"03/27/2023, 18:29:47",112.64
1002,"03/27/2023, 18:30:17",112.64
1003,"03/27/2023, 18:30:47",112.64
1004,"03/27/2023, 18:31:17",112.64
1005,"03/27/2023, 18:31:47",112.64
1006,"03/27/2023, 18:32:17",112.64
1007,"03/27/2023, 18:32:47",112.64
1008,"03/27/2023, 18:33:18",112.64
1009,"03/27/2023, 18:33:48",112.64
1010,"03/27/2023, 18:34:18",112.64
1011,"03/27/2023, 18:34:48",112.64
1012,"03/27/2023, 18:35:18",112.64
1013,"03/27/2023, 18:35:48",112.64
1014,"03/27/2023, 18:36:19",112.64
1015,"03/27/2023, 18:36:49",112.64
1016,"03/27/2023, 18:37:19",112.64
1017,"03/27/2023, 18:37:49",112.64
1018,"03/27/2023, 18:38:19",112.64
1019,"03/27/2023, 18:38:49",112.64
1020,"03/27/2023, 18:39:20",112.64
1021,"03/27/2023, 18:39:50",112.64
1022,"03/27/2023, 18:40:20",112.64
1023,"03/27/2023, 18:40:50",112.64
1024,"03/27/2023, 18:41:20",112.64
1025,"03/27/2023, 18:41:50",112.64
1026,"03/27/2023, 18:42:20",112.64
1027,"03/27/2023, 18:42:51",112.64
1028,"03/27/2023, 18:43:21",112.64
1029,"03/27/2023, 18:43:51",112.64
1030,"03/27/2023, 18:44:21",112.64
1031,"03/27/2023, 18:44:51",112.64
1032,"03/27/2023, 18:45:21",112.64
1033,"03/27/2023, 18:45:52",112.64
1034,"03/27/2023, 18:46:22",112.64
1035,"03/27/2023, 18:46:52",112.64
1036,"03/27/2023, 18:47:22",112.64
1037,"03/27/2023, 18:47:52",112.64
1038,"03/27/2023, 18:48:22",112.64
1039,"03/27/2023, 18:48:52",112.64
1040,"03/27/2023, 18:49:23",112.64
1041,"03/27/2023, 18:49:53",112.64
1042,"03/27/2023, 18:50:23",112.64
1043,"03/27/2023, 18:50:53",112.64
1044,"03/27/2023, 18:51:23",112.64
1045,"03/27/2023, 18:51:53",112.64
1046,"03/27/2023, 18:52:24",112.64
1047,"03/27/2023, 18:52:54",112.64
1048,"03/27/2023, 18:53:24",112.64
1049,"03/27/2023, 18:53:54",112.64
1050,"03/27/2023, 18:54:24",112.64
1051,"03/27/2023, 18:54:54",112.64
1052,"03/27/2023, 18:55:25",112.64
1053,"03/27/2023, 18:55:55",112.64
1054,"03/27/2023, 18:56:25",112.64
1055,"03/27/2023, 18:56:55",112.64
1056,"03/27/2023, 18:57:25",112.64
1057,"03/27/2023, 18:57:55",112.64
1058,"03/27/2023, 18:58:26",112.64
1059,"03/27/2023, 18:58:56",112.64
1060,"03/27/2023, 18:59:26",112.64
1061,"03/27/2023, 18:59:56",112.64
1062,"03/27/2023, 19:00:26",112.64
1063,"03/27/2023, 19:00:56",112.64
1064,"03/27/2023, 19:01:27",112.64
1065,"03/28/2023, 08:09:32",112.64000000002466
1066,"03/28/2023, 08:10:02",112.64000000003486
1067,"03/28/2023, 08:10:32",112.64000000003486
1068,"03/28/2023, 08:11:02",112.64000000002466
1069,"03/28/2023, 08:11:32",112.64
1070,"03/28/2023, 08:12:03",112.64
1071,"03/28/2023, 08:12:33",112.64
1072,"03/28/2023, 08:13:03",112.64
1073,"03/28/2023, 08:13:33",112.64
1074,"03/28/2023, 08:14:03",112.64
1075,"03/28/2023, 08:14:34",112.64
1076,"03/28/2023, 08:15:04",112.64
1077,"03/28/2023, 08:15:34",112.64
1078,"03/28/2023, 08:16:04",112.64
1079,"03/28/2023, 08:16:34",112.64
1080,"03/28/2023, 08:17:04",112.64
1081,"03/28/2023, 08:17:35",112.64
1082,"03/28/2023, 08:18:05",112.64
1083,"03/28/2023, 08:18:35",112.64
1084,"03/28/2023, 08:19:05",112.64
1085,"03/28/2023, 08:19:35",112.64
1086,"03/28/2023, 08:20:05",112.64
1087,"03/28/2023, 08:20:36",112.64
1088,"03/28/2023, 08:21:06",112.64
1089,"03/28/2023, 08:21:36",112.64
1090,"03/28/2023, 08:22:06",112.64
1091,"03/28/2023, 08:22:36",112.64
1092,"03/28/2023, 08:23:07",112.64
1093,"03/28/2023, 08:23:37",112.64
1094,"03/28/2023, 08:24:07",112.64
1095,"03/28/2023, 08:24:37",112.64
1096,"03/28/2023, 08:25:07",112.64
1097,"03/28/2023, 08:25:37",112.64
1098,"03/28/2023, 08:26:07",112.64
1099,"03/28/2023, 08:26:38",112.64
1100,"03/28/2023, 08:27:08",112.64
1101,"03/28/2023, 08:27:38",112.64
1102,"03/28/2023, 08:28:08",112.64
1103,"03/28/2023, 08:28:38",112.64
1104,"03/28/2023, 08:29:08",112.64
1105,"03/28/2023, 08:29:39",112.64
1106,"03/28/2023, 08:30:09",112.64
1107,"03/28/2023, 08:30:39",112.64
1108,"03/28/2023, 08:31:09",112.64
1109,"03/28/2023, 08:31:39",112.64
1110,"03/28/2023, 08:32:09",112.64
1111,"03/28/2023, 08:32:39",112.64
1112,"03/28/2023, 08:33:10",112.64
1113,"03/28/2023, 08:33:40",112.64
1114,"03/28/2023, 08:34:10",112.64
1115,"03/28/2023, 08:34:40",112.64
1116,"03/28/2023, 08:35:10",112.64
1117,"03/28/2023, 08:35:41",112.64
1118,"03/28/2023, 08:36:11",112.64
1119,"03/28/2023, 08:36:41",112.64
1120,"03/28/2023, 08:37:11",112.64
1121,"03/28/2023, 08:37:41",112.64
1122,"03/28/2023, 08:38:11",112.64
1123,"03/28/2023, 08:38:41",112.64
1124,"03/28/2023, 08:39:12",112.64
1125,"03/28/2023, 08:39:42",112.64
1126,"03/28/2023, 08:40:12",112.64
1127,"03/28/2023, 08:40:42",112.64
1128,"03/28/2023, 08:41:12",112.64
1129,"03/28/2023, 08:41:42",112.64
1130,"03/28/2023, 08:42:12",112.64
1131,"03/28/2023, 08:42:42",112.64
1132,"03/28/2023, 08:43:12",112.64
1133,"03/28/2023, 08:43:42",112.64
1134,"03/28/2023, 08:44:13",112.64
1135,"03/28/2023, 08:44:43",112.64
1136,"03/28/2023, 08:45:13",112.64
1137,"03/28/2023, 08:45:43",112.64
1138,"03/28/2023, 08:46:13",112.64
1139,"03/28/2023, 08:46:43",112.64
1140,"03/28/2023, 08:47:13",112.64
1141,"03/28/2023, 08:47:43",112.64
1142,"03/28/2023, 08:48:13",112.64
1143,"03/28/2023, 08:48:43",112.64
1144,"03/28/2023, 08:49:13",112.64
1145,"03/28/2023, 08:49:44",112.64
1146,"03/28/2023, 08:50:14",112.64
1147,"03/28/2023, 08:50:44",112.64
1148,"03/28/2023, 08:51:14",112.64
1149,"03/28/2023, 08:51:44",112.64
1150,"03/28/2023, 08:52:14",112.64
1151,"03/28/2023, 08:52:44",112.64
1152,"03/28/2023, 08:53:14",112.64
1153,"03/28/2023, 08:53:44",112.64
1154,"03/28/2023, 08:54:14",112.64
1155,"03/28/2023, 08:54:44",112.64
1156,"03/28/2023, 08:55:15",112.64
1157,"03/28/2023, 08:55:45",112.64
1158,"03/28/2023, 08:56:15",112.64
1159,"03/28/2023, 08:56:45",112.64
1160,"03/28/2023, 08:57:15",112.64
1161,"03/28/2023, 08:57:45",112.64
1162,"03/28/2023, 08:58:15",112.64
1163,"03/28/2023, 08:58:45",112.64
1164,"03/28/2023, 08:59:15",112.64
1165,"03/28/2023, 08:59:45",112.64
1166,"03/28/2023, 09:00:15",112.64
1167,"03/28/2023, 09:00:45",112.64
1168,"03/28/2023, 09:01:15",112.64
1169,"03/28/2023, 09:01:46",112.64
1170,"03/28/2023, 09:02:16",112.64
1171,"03/28/2023, 09:02:46",112.64
1172,"03/28/2023, 09:03:16",112.64
1173,"03/28/2023, 09:03:46",112.64
1174,"03/28/2023, 09:04:16",112.64
1175,"03/28/2023, 09:04:46",112.64
1176,"03/28/2023, 09:05:16",112.64
1177,"03/28/2023, 09:05:46",112.64
1178,"03/28/2023, 09:06:16",112.64
1179,"03/28/2023, 09:06:46",112.64
1180,"03/28/2023, 09:07:17",112.64
1181,"03/28/2023, 09:07:47",112.64
1182,"03/28/2023, 09:08:17",112.64
1183,"03/28/2023, 09:08:47",112.64
1184,"03/28/2023, 09:09:17",112.64
1185,"03/28/2023, 09:09:47",112.64
1186,"03/28/2023, 09:10:17",112.64
1187,"03/28/2023, 09:10:47",112.64
1188,"03/28/2023, 09:11:17",112.64
1189,"03/28/2023, 09:11:47",112.64
1190,"03/28/2023, 09:12:17",112.64
1191,"03/28/2023, 09:12:48",112.64
1192,"03/28/2023, 09:13:18",112.64
1193,"03/28/2023, 09:13:48",112.64
1194,"03/28/2023, 09:14:18",112.64
1195,"03/28/2023, 09:14:48",112.64
1196,"03/28/2023, 09:15:18",112.64
1197,"03/28/2023, 09:15:48",112.64
1198,"03/28/2023, 09:16:18",112.64
1199,"03/28/2023, 09:16:48",112.64
1200,"03/28/2023, 09:17:18",112.64
1201,"03/28/2023, 09:17:48",112.64
1202,"03/28/2023, 09:18:19",112.64
1203,"03/28/2023, 09:18:49",112.64
1204,"03/28/2023, 09:19:19",112.64
1205,"03/28/2023, 09:19:49",112.64
1206,"03/28/2023, 09:20:19",112.64
1207,"03/28/2023, 09:20:49",112.64
1208,"03/28/2023, 09:21:19",112.64
1209,"03/28/2023, 09:21:49",112.64
1210,"03/28/2023, 09:22:19",112.64
1211,"03/28/2023, 09:22:49",112.64
1212,"03/28/2023, 09:23:19",112.64
1213,"03/28/2023, 09:23:49",112.64
1214,"03/28/2023, 09:24:20",112.64
1215,"03/28/2023, 09:24:50",112.64
1216,"03/28/2023, 09:25:20",112.64
1217,"03/28/2023, 09:25:50",112.64
1218,"03/28/2023, 09:26:20",112.64
1219,"03/28/2023, 09:26:50",112.64
1220,"03/28/2023, 09:27:20",112.64
1221,"03/28/2023, 09:27:50",112.64
1222,"03/28/2023, 09:28:20",112.64
1223,"03/28/2023, 09:28:50",112.64
1224,"03/28/2023, 09:29:20",112.64
1225,"03/28/2023, 09:29:50",112.64
1226,"03/28/2023, 09:30:20",112.64
1227,"03/28/2023, 09:30:51",112.64
1228,"03/28/2023, 09:31:21",112.64
1229,"03/28/2023, 09:31:51",112.64
1230,"03/28/2023, 09:32:21",112.64
1231,"03/28/2023, 09:32:51",112.64
1232,"03/28/2023, 09:33:21",112.64
1233,"03/28/2023, 09:33:51",112.64
1234,"03/28/2023, 09:34:21",112.64
1235,"03/28/2023, 09:34:51",112.64
1236,"03/28/2023, 09:35:21",112.64
1237,"03/28/2023, 09:35:51",112.64
1238,"03/28/2023, 09:36:22",112.64
1239,"03/28/2023, 09:36:52",112.64
1240,"03/28/2023, 09:37:22",112.64
1241,"03/28/2023, 09:37:52",112.64
1242,"03/28/2023, 09:38:22",112.64
1243,"03/28/2023, 09:38:52",112.64
1244,"03/28/2023, 09:39:22",112.64
1245,"03/28/2023, 09:39:52",112.64
1246,"03/28/2023, 09:40:22",112.64
1247,"03/28/2023, 09:40:52",112.64
1248,"03/28/2023, 09:41:23",112.64
1249,"03/28/2023, 09:41:53",112.64
1250,"03/28/2023, 09:42:23",112.64
1251,"03/28/2023, 09:42:53",112.64
1252,"03/28/2023, 09:43:23",112.64
1253,"03/28/2023, 09:43:53",112.64
1254,"03/28/2023, 09:44:23",112.64
1255,"03/28/2023, 09:44:53",112.64
1256,"03/28/2023, 09:45:23",112.64
1257,"03/28/2023, 09:45:53",112.64
1258,"03/28/2023, 09:46:23",112.64
1259,"03/28/2023, 09:46:54",112.64
1260,"03/28/2023, 09:47:24",112.64
1261,"03/28/2023, 09:47:54",112.64
1262,"03/28/2023, 09:48:24",112.64
1263,"03/28/2023, 09:48:54",112.64
1264,"03/28/2023, 09:49:24",112.64
1265,"03/28/2023, 09:49:54",112.64
1266,"03/28/2023, 09:50:24",112.64
1267,"03/28/2023, 09:50:54",112.64
1268,"03/28/2023, 09:51:24",112.64
1269,"03/28/2023, 09:51:54",112.64
1270,"03/28/2023, 09:52:24",112.64
1271,"03/28/2023, 09:52:55",112.64
1272,"03/28/2023, 09:53:25",112.64
1273,"03/28/2023, 09:53:55",112.64
1274,"03/28/2023, 09:54:25",112.64
1275,"03/28/2023, 09:54:55",112.64
1276,"03/28/2023, 09:55:25",112.64
1277,"03/28/2023, 09:55:55",112.64
1278,"03/28/2023, 09:56:25",112.64
1279,"03/28/2023, 09:56:55",112.64
1280,"03/28/2023, 09:57:25",112.64
1281,"03/28/2023, 09:57:55",112.64
1282,"03/28/2023, 09:58:26",112.64
1283,"03/28/2023, 09:58:56",112.64
1284,"03/28/2023, 09:59:26",112.64
1285,"03/28/2023, 09:59:56",112.64
1286,"03/28/2023, 10:00:26",112.64
1287,"03/28/2023, 10:00:56",112.64
1288,"03/28/2023, 10:01:26",112.64
1289,"03/28/2023, 10:01:56",112.64
1290,"03/28/2023, 10:02:26",112.64
1291,"03/28/2023, 10:02:56",112.64
1292,"03/28/2023, 10:03:26",112.64
1293,"03/28/2023, 10:03:57",112.64
1294,"03/28/2023, 10:04:27",112.64
1295,"03/28/2023, 10:04:57",112.64
1296,"03/28/2023, 10:05:27",112.64
1297,"03/28/2023, 10:05:57",112.64
1298,"03/28/2023, 10:06:27",112.64
1299,"03/28/2023, 10:06:57",112.64
1300,"03/28/2023, 10:07:27",112.64
1301,"03/28/2023, 10:07:57",112.64
1302,"03/28/2023, 10:08:27",112.64
1303,"03/28/2023, 10:08:57",112.64
1304,"03/28/2023, 10:09:28",112.64
1305,"03/28/2023, 10:09:58",112.64
1306,"03/28/2023, 10:10:28",112.64
1307,"03/28/2023, 10:10:58",112.64
1308,"03/28/2023, 10:11:28",112.64
1309,"03/28/2023, 10:11:58",112.64
1310,"03/28/2023, 10:12:28",112.64
1311,"03/28/2023, 10:12:58",112.64
1312,"03/28/2023, 10:13:28",112.64
1313,"03/28/2023, 10:13:58",112.64
1314,"03/28/2023, 10:14:28",112.64
1315,"03/28/2023, 10:14:59",112.64
1316,"03/28/2023, 10:15:29",112.64
1317,"03/28/2023, 10:15:59",112.64
1318,"03/28/2023, 10:16:29",112.64
1319,"03/28/2023, 10:16:59",112.64
1320,"03/28/2023, 10:17:29",112.64
1321,"03/28/2023, 10:17:59",112.64
1322,"03/28/2023, 10:18:29",112.64
1323,"03/28/2023, 10:18:59",112.64
1324,"03/28/2023, 10:19:29",112.64
1325,"03/28/2023, 10:19:59",112.64
1326,"03/28/2023, 10:20:30",112.64
1327,"03/28/2023, 10:21:00",112.64
1328,"03/28/2023, 10:21:30",112.64
1329,"03/28/2023, 10:22:00",112.64
1330,"03/28/2023, 10:22:30",112.64
