,Date,RealE_SUM
0,"03/25/2023, 10:35:28",197559232.0
1,"03/25/2023, 10:35:58",197627358.0525729
2,"03/25/2023, 10:36:28",197726721.19699055
3,"03/25/2023, 10:36:58",197795130.25941697
4,"03/25/2023, 10:37:28",197817515.86583963
5,"03/25/2023, 10:37:58",197823322.62691525
6,"03/25/2023, 10:38:29",197829170.45419383
7,"03/25/2023, 10:38:59",197835800.18197343
8,"03/25/2023, 10:39:29",197840944.9558601
9,"03/25/2023, 10:39:59",197846505.319719
10,"03/25/2023, 10:40:29",197852238.1616297
11,"03/25/2023, 10:40:59",197857332.0134248
12,"03/25/2023, 10:41:30",197863720.2719322
13,"03/25/2023, 10:42:00",197869829.28026047
14,"03/25/2023, 10:42:30",197875417.5691371
15,"03/25/2023, 10:43:00",197881411.5920977
16,"03/25/2023, 10:43:30",197885096.05181277
17,"03/25/2023, 10:44:00",197888862.64393345
18,"03/25/2023, 10:44:31",197892796.0065996
19,"03/25/2023, 10:45:01",197896806.4902027
20,"03/25/2023, 10:45:31",197902721.66605368
21,"03/25/2023, 10:46:01",197908176.9004335
22,"03/25/2023, 10:46:31",197913635.4201096
23,"03/25/2023, 10:47:01",197919146.50452492
24,"03/25/2023, 10:47:31",197924802.14197448
25,"03/25/2023, 10:48:02",197930676.25162268
26,"03/25/2023, 10:48:32",197936512.58036444
27,"03/25/2023, 10:49:02",197942115.65307423
28,"03/25/2023, 10:49:32",197947735.15226507
29,"03/25/2023, 10:50:02",197953129.60866475
30,"03/25/2023, 10:50:32",197958663.69015384
31,"03/25/2023, 10:51:02",197964215.8407721
32,"03/25/2023, 10:51:33",197969561.01772845
33,"03/25/2023, 10:52:03",197975262.6493249
34,"03/25/2023, 10:52:33",197981182.7531203
35,"03/25/2023, 10:53:03",197986703.6934245
36,"03/25/2023, 10:53:33",197992513.7397964
37,"03/25/2023, 10:54:03",197998328.7141128
38,"03/25/2023, 10:54:34",198003984.351562
39,"03/25/2023, 10:55:04",198009646.7544943
40,"03/25/2023, 10:55:34",198015246.3470176
41,"03/25/2023, 10:56:04",198021018.6124828
42,"03/25/2023, 10:56:34",198026915.7192047
43,"03/25/2023, 10:57:04",198032389.02271363
44,"03/25/2023, 10:57:35",198038185.9279008
45,"03/25/2023, 10:58:05",198043848.1359424
46,"03/25/2023, 10:58:35",198049421.6409863
47,"03/25/2023, 10:59:05",198055299.03593084
48,"03/25/2023, 10:59:35",198060905.39393675
49,"03/25/2023, 11:00:05",198066585.671108
50,"03/25/2023, 11:00:35",198072155.89085552
51,"03/25/2023, 11:01:06",198077714.61206636
52,"03/25/2023, 11:01:36",198083749.70122945
53,"03/25/2023, 11:02:06",198089725.65506077
54,"03/25/2023, 11:02:36",198095271.23508653
55,"03/25/2023, 11:03:06",198100948.2269614
56,"03/25/2023, 11:03:37",198106592.36587408
57,"03/25/2023, 11:04:07",198112358.06074703
58,"03/25/2023, 11:04:37",198118534.4176477
59,"03/25/2023, 11:05:07",198124125.99182087
60,"03/25/2023, 11:05:37",198129617.976972
61,"03/25/2023, 11:06:07",198135332.13724044
62,"03/25/2023, 11:06:37",198140943.42319077
63,"03/25/2023, 11:07:08",198146866.8122824
64,"03/25/2023, 11:07:38",198152951.1808891
65,"03/25/2023, 11:08:08",198158777.65374205
66,"03/25/2023, 11:08:38",198163988.13355312
67,"03/25/2023, 11:09:08",198169330.0252133
68,"03/25/2023, 11:09:38",198175135.14364076
69,"03/25/2023, 11:10:09",198180409.68672812
70,"03/25/2023, 11:10:39",198185751.57838815
71,"03/25/2023, 11:11:09",198191737.38810813
72,"03/25/2023, 11:11:39",198197912.10236096
73,"03/25/2023, 11:12:09",198203001.0262116
74,"03/25/2023, 11:12:39",198208415.19438863
75,"03/25/2023, 11:13:10",198213722.59043825
76,"03/25/2023, 11:13:40",198218668.6039033
77,"03/25/2023, 11:14:10",198224386.6619808
78,"03/25/2023, 11:14:40",198229546.21970057
79,"03/25/2023, 11:15:10",198232555.5510417
80,"03/25/2023, 11:15:40",198232969.4983658
81,"03/25/2023, 11:16:11",198233005.6366242
82,"03/25/2023, 11:16:41",198233799.0356622
83,"03/25/2023, 11:17:11",198238994.73164025
84,"03/25/2023, 11:17:41",198243539.938966
85,"03/25/2023, 11:18:11",198248167.27869728
86,"03/25/2023, 11:18:41",198252847.1831682
87,"03/25/2023, 11:19:12",198257530.37293535
88,"03/25/2023, 11:19:42",198262364.6863288
89,"03/25/2023, 11:20:12",198267409.25868052
90,"03/25/2023, 11:20:42",198272425.90601453
91,"03/25/2023, 11:21:12",198277235.57968605
92,"03/25/2023, 11:21:42",198282513.40806988
93,"03/25/2023, 11:22:12",198287544.8392366
94,"03/25/2023, 11:22:43",198292798.02789852
95,"03/25/2023, 11:23:13",198298085.71217105
96,"03/25/2023, 11:23:43",198303320.8317037
97,"03/25/2023, 11:24:13",198309153.87514904
98,"03/25/2023, 11:24:43",198314472.76973552
99,"03/25/2023, 11:25:13",198319908.29233783
100,"03/25/2023, 11:25:43",198325488.3679742
101,"03/25/2023, 11:26:13",198330987.14644963
102,"03/25/2023, 11:26:43",198336743.7928372
103,"03/25/2023, 11:27:14",198342148.10512552
104,"03/25/2023, 11:27:44",198347650.97630045
105,"03/25/2023, 11:28:14",198353191.62838212
106,"03/25/2023, 11:28:44",198358581.1568371
107,"03/25/2023, 11:29:14",198364353.42230263
108,"03/25/2023, 11:29:44",198369683.8154258
109,"03/25/2023, 11:30:14",198375101.26889887
110,"03/25/2023, 11:30:44",198380517.07972407
111,"03/25/2023, 11:31:14",198386299.201078
112,"03/25/2023, 11:31:44",198391894.0605472
113,"03/25/2023, 11:32:14",198397327.9405017
114,"03/25/2023, 11:32:44",198402586.05710787
115,"03/25/2023, 11:33:15",198409140.2230744
116,"03/25/2023, 11:33:45",198415149.02986792
117,"03/25/2023, 11:34:15",198420844.09087208
118,"03/25/2023, 11:34:45",198426197.4810688
119,"03/25/2023, 11:35:15",198432222.71434337
120,"03/25/2023, 11:35:45",198438080.39751047
121,"03/25/2023, 11:36:15",198444673.98703185
122,"03/25/2023, 11:36:45",198451208.4412212
123,"03/25/2023, 11:37:15",198456591.3990839
124,"03/25/2023, 11:37:45",198462506.57493508
125,"03/25/2023, 11:38:15",198468234.48890144
126,"03/25/2023, 11:38:46",198474095.45736477
127,"03/25/2023, 11:39:16",198479721.527148
128,"03/25/2023, 11:39:46",198485464.2249474
129,"03/25/2023, 11:40:16",198491494.3861664
130,"03/25/2023, 11:40:46",198497238.72661385
131,"03/25/2023, 11:41:16",198503365.80407125
132,"03/25/2023, 11:41:46",198508949.16500375
133,"03/25/2023, 11:42:16",198514800.27757844
134,"03/25/2023, 11:42:46",198520483.84004572
135,"03/25/2023, 11:43:16",198525925.93324053
136,"03/25/2023, 11:43:46",198531698.19870597
137,"03/25/2023, 11:44:17",198537549.3112808
138,"03/25/2023, 11:44:47",198543055.4677517
139,"03/25/2023, 11:45:17",198548610.90366632
140,"03/25/2023, 11:45:47",198554107.20424896
141,"03/25/2023, 11:46:17",198559680.5144023
142,"03/25/2023, 11:46:47",198565766.72054744
143,"03/25/2023, 11:47:17",198571110.25485548
144,"03/25/2023, 11:47:47",198577258.6867384
145,"03/25/2023, 11:48:17",198582815.7653012
146,"03/25/2023, 11:48:47",198588371.2012156
147,"03/25/2023, 11:49:17",198594784.0994449
148,"03/25/2023, 11:49:48",198600773.19446075
149,"03/25/2023, 11:50:18",198606504.3937233
150,"03/25/2023, 11:50:48",198612048.33110124
151,"03/25/2023, 11:51:18",198617738.46416083
152,"03/25/2023, 11:51:48",198623594.50468004
153,"03/25/2023, 11:52:18",198629531.03495643
154,"03/25/2023, 11:52:48",198635239.2371456
155,"03/25/2023, 11:53:18",198640779.88922697
156,"03/25/2023, 11:53:48",198646471.66493475
157,"03/25/2023, 11:54:18",198653020.90295723
158,"03/25/2023, 11:54:48",198658784.9551818
159,"03/25/2023, 11:55:18",198664709.98692164
160,"03/25/2023, 11:55:48",198670485.53768325
161,"03/25/2023, 11:56:19",198676046.8203113
162,"03/25/2023, 11:56:49",198682213.82977316
163,"03/25/2023, 11:57:19",198688872.8395013
164,"03/25/2023, 11:57:49",198694936.35482943
165,"03/25/2023, 11:58:19",198700455.65248543
166,"03/25/2023, 11:58:49",198705953.5957161
167,"03/25/2023, 11:59:19",198711282.3461913
168,"03/25/2023, 11:59:49",198716887.0615492
169,"03/25/2023, 12:00:19",198722769.384438
170,"03/25/2023, 12:00:49",198728268.97031668
171,"03/25/2023, 12:01:20",198733740.6311776
172,"03/25/2023, 12:01:50",198739581.8878636
173,"03/25/2023, 12:02:20",198745304.8738857
174,"03/25/2023, 12:02:50",198751101.77907264
175,"03/25/2023, 12:03:20",198756828.0503908
176,"03/25/2023, 12:03:50",198762664.37913257
177,"03/25/2023, 12:04:20",198768142.61058575
178,"03/25/2023, 12:04:50",198773537.06698543
179,"03/25/2023, 12:05:20",198779577.08409297
180,"03/25/2023, 12:05:50",198785429.8393158
181,"03/25/2023, 12:06:21",198791341.7298708
182,"03/25/2023, 12:06:51",198797204.09040865
183,"03/25/2023, 12:07:21",198802797.5578033
184,"03/25/2023, 12:07:51",198808862.2146325
185,"03/25/2023, 12:08:21",198815137.1304203
186,"03/25/2023, 12:08:51",198820911.03853357
187,"03/25/2023, 12:09:21",198826857.4246989
188,"03/25/2023, 12:09:51",198832780.8137904
189,"03/25/2023, 12:10:21",198838359.2467785
190,"03/25/2023, 12:10:51",198844578.3125305
191,"03/25/2023, 12:11:21",198850227.37938744
192,"03/25/2023, 12:11:51",198856181.97879308
193,"03/25/2023, 12:12:22",198861863.8986124
194,"03/25/2023, 12:12:52",198867555.67432016
195,"03/25/2023, 12:13:22",198873574.3370023
196,"03/25/2023, 12:13:52",198879550.29083347
197,"03/25/2023, 12:14:22",198885478.60786936
198,"03/25/2023, 12:14:52",198890961.76726696
199,"03/25/2023, 12:15:22",198896832.5916191
200,"03/25/2023, 12:15:52",198902862.752838
201,"03/25/2023, 12:16:22",198909139.3112737
202,"03/25/2023, 12:16:52",198914813.0178524
203,"03/25/2023, 12:17:22",198920619.8624526
204,"03/25/2023, 12:17:53",198926413.39881888
205,"03/25/2023, 12:18:23",198931952.40825224
206,"03/25/2023, 12:18:53",198937972.71358255
207,"03/25/2023, 12:19:23",198944094.8630956
208,"03/25/2023, 12:19:53",198949436.75475577
209,"03/25/2023, 12:20:23",198954813.142026
210,"03/25/2023, 12:20:53",198960473.70741972
211,"03/25/2023, 12:21:23",198966326.4626426
212,"03/25/2023, 12:21:53",198971927.89270428
213,"03/25/2023, 12:22:23",198977795.43176004
214,"03/25/2023, 12:22:53",198984254.32413623
215,"03/25/2023, 12:23:24",198989190.48171255
216,"03/25/2023, 12:23:54",198994593.1513528
217,"03/25/2023, 12:24:24",199000460.6904085
218,"03/25/2023, 12:24:54",199005551.2569075
219,"03/25/2023, 12:25:24",199011024.5604165
220,"03/25/2023, 12:25:54",199016826.3935478
221,"03/25/2023, 12:26:24",199021535.86568472
222,"03/25/2023, 12:26:54",199026117.2112688
223,"03/25/2023, 12:27:24",199030763.5945816
224,"03/25/2023, 12:27:54",199035582.14968985
225,"03/25/2023, 12:28:24",199040188.13499576
226,"03/25/2023, 12:28:54",199044907.4630213
227,"03/25/2023, 12:29:25",199049694.13961947
228,"03/25/2023, 12:29:55",199054469.31768093
229,"03/25/2023, 12:30:25",199059208.3574838
230,"03/25/2023, 12:30:55",199064384.3416845
231,"03/25/2023, 12:31:25",199069458.48170227
232,"03/25/2023, 12:31:55",199074448.84666649
233,"03/25/2023, 12:32:25",199079564.05288687
234,"03/25/2023, 12:32:55",199084787.67388284
235,"03/25/2023, 12:33:25",199090527.08638605
236,"03/25/2023, 12:33:55",199095824.626547
237,"03/25/2023, 12:34:25",199101209.2270579
238,"03/25/2023, 12:34:56",199106557.68931037
239,"03/25/2023, 12:35:26",199111983.35602403
240,"03/25/2023, 12:35:56",199118008.58929864
241,"03/25/2023, 12:36:26",199123890.91218743
242,"03/25/2023, 16:01:03",197559232.0
243,"03/25/2023, 16:01:33",197627358.0525729
244,"03/25/2023, 16:02:03",197726721.19699055
245,"03/25/2023, 16:02:33",197795130.25941697
246,"03/25/2023, 16:03:03",197817515.86583963
247,"03/25/2023, 16:03:34",197823322.62691525
248,"03/25/2023, 16:04:04",197829170.45419383
249,"03/25/2023, 16:04:34",197835800.18197343
250,"03/25/2023, 16:05:04",197840944.9558601
251,"03/25/2023, 16:05:34",197846505.319719
252,"03/25/2023, 16:06:04",197852238.1616297
253,"03/25/2023, 16:06:34",197857332.0134248
254,"03/25/2023, 16:07:05",197863720.2719322
255,"03/25/2023, 16:07:35",197869829.28026047
256,"03/25/2023, 16:08:05",197875417.5691371
257,"03/25/2023, 16:08:35",197881411.5920977
258,"03/25/2023, 16:09:05",197885096.05181277
259,"03/25/2023, 16:09:35",197888862.64393345
260,"03/25/2023, 16:10:05",197892796.0065996
261,"03/25/2023, 16:10:36",197896806.4902027
262,"03/25/2023, 16:11:06",197902721.66605368
263,"03/25/2023, 16:11:36",197908176.9004335
264,"03/25/2023, 16:12:06",197913635.4201096
265,"03/25/2023, 16:12:36",197919146.50452492
266,"03/25/2023, 16:13:06",197924802.14197448
267,"03/25/2023, 16:13:36",197930676.25162268
268,"03/25/2023, 16:14:07",197936512.58036444
269,"03/25/2023, 16:14:37",197942115.65307423
270,"03/25/2023, 16:15:07",197947735.15226507
271,"03/25/2023, 16:15:37",197953129.60866475
272,"03/25/2023, 16:16:07",197958663.69015384
273,"03/25/2023, 16:16:37",197964215.8407721
274,"03/25/2023, 16:17:07",197969561.01772845
275,"03/25/2023, 16:17:38",197975262.6493249
276,"03/25/2023, 16:18:08",197981182.7531203
277,"03/25/2023, 16:18:38",197986703.6934245
278,"03/25/2023, 16:19:08",197992513.7397964
279,"03/25/2023, 16:19:38",197998328.7141128
280,"03/25/2023, 16:20:08",198003984.351562
281,"03/25/2023, 16:20:38",198009646.7544943
282,"03/25/2023, 16:21:09",198015246.3470176
283,"03/25/2023, 16:21:39",198021018.6124828
284,"03/25/2023, 16:22:09",198026915.7192047
285,"03/25/2023, 16:22:39",198032389.02271363
286,"03/25/2023, 16:23:09",198038185.9279008
287,"03/25/2023, 16:23:39",198043848.1359424
288,"03/25/2023, 16:24:09",198049421.6409863
289,"03/25/2023, 16:24:40",198055299.03593084
290,"03/25/2023, 16:25:10",198060905.39393675
291,"03/25/2023, 16:25:40",198066585.671108
292,"03/25/2023, 16:26:10",198072155.89085552
293,"03/25/2023, 16:26:40",198077714.61206636
294,"03/25/2023, 16:27:10",198083749.70122945
295,"03/25/2023, 16:27:41",198089725.65506077
296,"03/25/2023, 16:28:11",198095271.23508653
297,"03/25/2023, 16:28:41",198100948.2269614
298,"03/25/2023, 16:29:11",198106592.36587408
299,"03/25/2023, 16:29:41",198112358.06074703
300,"03/25/2023, 16:30:11",198118534.4176477
301,"03/25/2023, 16:30:41",198124125.99182087
302,"03/25/2023, 16:31:12",198129617.976972
303,"03/25/2023, 16:31:42",198135332.13724044
304,"03/25/2023, 16:32:12",198140943.42319077
305,"03/25/2023, 16:32:42",198146866.8122824
306,"03/25/2023, 16:33:12",198152951.1808891
307,"03/25/2023, 16:33:42",198158777.65374205
308,"03/25/2023, 16:34:13",198163988.13355312
309,"03/25/2023, 16:34:43",198169330.0252133
310,"03/25/2023, 16:35:13",198175135.14364076
311,"03/25/2023, 16:35:43",198180409.68672812
312,"03/25/2023, 16:36:13",198185751.57838815
313,"03/25/2023, 16:36:44",198191737.38810813
314,"03/25/2023, 16:37:14",198197912.10236096
315,"03/25/2023, 16:37:44",198203001.0262116
316,"03/25/2023, 16:38:14",198208415.19438863
317,"03/25/2023, 16:38:44",198213722.59043825
318,"03/25/2023, 16:39:14",198218668.6039033
319,"03/25/2023, 16:39:44",198224386.6619808
320,"03/25/2023, 16:40:15",198229546.21970057
321,"03/25/2023, 16:40:45",198232555.5510417
322,"03/25/2023, 16:41:15",198232969.4983658
323,"03/25/2023, 16:41:45",198233005.6366242
324,"03/25/2023, 16:42:15",198233799.0356622
325,"03/25/2023, 16:42:45",198238994.73164025
326,"03/25/2023, 16:43:16",198243539.938966
327,"03/25/2023, 16:43:46",198248167.27869728
328,"03/25/2023, 16:44:16",198252847.1831682
329,"03/25/2023, 16:44:46",198257530.37293535
330,"03/25/2023, 16:45:16",198262364.6863288
331,"03/25/2023, 16:45:46",198267409.25868052
332,"03/25/2023, 16:46:16",198272425.90601453
333,"03/25/2023, 16:46:47",198277235.57968605
334,"03/25/2023, 16:47:17",198282513.40806988
335,"03/25/2023, 16:47:47",198287544.8392366
336,"03/25/2023, 16:48:17",198292798.02789852
337,"03/25/2023, 16:48:47",198298085.71217105
338,"03/25/2023, 16:49:17",198303320.8317037
339,"03/25/2023, 16:49:47",198309153.87514904
340,"03/25/2023, 16:50:18",198314472.76973552
341,"03/25/2023, 16:50:48",198319908.29233783
342,"03/25/2023, 16:51:18",198325488.3679742
343,"03/25/2023, 16:51:48",198330987.14644963
344,"03/25/2023, 16:52:18",198336743.7928372
345,"03/25/2023, 16:52:48",198342148.10512552
346,"03/25/2023, 16:53:18",198347650.97630045
347,"03/25/2023, 16:53:48",198353191.62838212
348,"03/25/2023, 16:54:19",198358581.1568371
349,"03/25/2023, 16:54:49",198364353.42230263
350,"03/25/2023, 16:55:19",198369683.8154258
351,"03/25/2023, 16:55:49",198375101.26889887
352,"03/25/2023, 16:56:19",198380517.07972407
353,"03/25/2023, 16:56:49",198386299.201078
354,"03/25/2023, 16:57:20",198391894.0605472
355,"03/25/2023, 16:57:50",198397327.9405017
356,"03/25/2023, 16:58:20",198402586.05710787
357,"03/25/2023, 16:58:50",198409140.2230744
358,"03/25/2023, 16:59:20",198415149.02986792
359,"03/25/2023, 16:59:50",198420844.09087208
360,"03/25/2023, 17:00:21",198426197.4810688
361,"03/25/2023, 17:00:51",198432222.71434337
362,"03/25/2023, 17:01:21",198438080.39751047
363,"03/25/2023, 17:01:51",198444673.98703185
364,"03/25/2023, 17:02:21",198451208.4412212
365,"03/25/2023, 17:02:51",198456591.3990839
366,"03/25/2023, 17:03:21",198462506.57493508
367,"03/25/2023, 17:03:52",198468234.48890144
368,"03/25/2023, 17:04:22",198474095.45736477
369,"03/25/2023, 17:04:52",198479721.527148
370,"03/25/2023, 17:05:22",198485464.2249474
371,"03/25/2023, 17:05:52",198491494.3861664
372,"03/25/2023, 17:06:22",198497238.72661385
373,"03/25/2023, 17:06:53",198503365.80407125
374,"03/25/2023, 17:07:23",198508949.16500375
375,"03/25/2023, 17:07:53",198514800.27757844
376,"03/25/2023, 17:08:23",198520483.84004572
377,"03/25/2023, 17:08:53",198525925.93324053
378,"03/25/2023, 17:09:23",198531698.19870597
379,"03/25/2023, 17:09:53",198537549.3112808
380,"03/25/2023, 17:10:24",198543055.4677517
381,"03/25/2023, 17:10:54",198548610.90366632
382,"03/25/2023, 17:11:24",198554107.20424896
383,"03/25/2023, 17:11:54",198559680.5144023
384,"03/25/2023, 17:12:24",198565766.72054744
385,"03/25/2023, 17:12:54",198571110.25485548
386,"03/25/2023, 17:13:25",198577258.6867384
387,"03/25/2023, 17:13:55",198582815.7653012
388,"03/25/2023, 17:14:25",198588371.2012156
389,"03/25/2023, 17:14:55",198594784.0994449
390,"03/25/2023, 17:15:25",198600773.19446075
391,"03/25/2023, 17:15:55",198606504.3937233
392,"03/25/2023, 17:16:25",198612048.33110124
393,"03/25/2023, 17:16:56",198617738.46416083
394,"03/25/2023, 17:17:26",198623594.50468004
395,"03/25/2023, 17:17:56",198629531.03495643
396,"03/25/2023, 17:18:26",198635239.2371456
397,"03/25/2023, 17:18:56",198640779.88922697
398,"03/25/2023, 17:19:26",198646471.66493475
399,"03/25/2023, 17:19:56",198653020.90295723
400,"03/25/2023, 17:20:26",198658784.9551818
401,"03/25/2023, 17:20:56",198664709.98692164
402,"03/25/2023, 17:21:27",198670485.53768325
403,"03/25/2023, 17:21:57",198676046.8203113
404,"03/25/2023, 17:22:27",198682213.82977316
405,"03/25/2023, 17:22:57",198688872.8395013
406,"03/25/2023, 17:23:27",198694936.35482943
407,"03/25/2023, 17:23:57",198700455.65248543
408,"03/25/2023, 17:24:27",198705953.5957161
409,"03/25/2023, 17:24:57",198711282.3461913
410,"03/25/2023, 17:25:27",198716887.0615492
411,"03/25/2023, 17:25:57",198722769.384438
412,"03/25/2023, 17:26:27",198728268.97031668
413,"03/25/2023, 17:26:58",198733740.6311776
414,"03/25/2023, 17:27:28",198739581.8878636
415,"03/25/2023, 17:27:58",198745304.8738857
416,"03/25/2023, 17:28:28",198751101.77907264
417,"03/25/2023, 17:28:58",198756828.0503908
418,"03/25/2023, 17:29:28",198762664.37913257
419,"03/25/2023, 17:29:58",198768142.61058575
420,"03/25/2023, 17:30:28",198773537.06698543
421,"03/25/2023, 17:30:58",198779577.08409297
422,"03/25/2023, 17:31:28",198785429.8393158
423,"03/25/2023, 17:31:59",198791341.7298708
424,"03/25/2023, 17:32:29",198797204.09040865
425,"03/25/2023, 17:32:59",198802797.5578033
426,"03/25/2023, 17:33:29",198808862.2146325
427,"03/25/2023, 17:33:59",198815137.1304203
428,"03/25/2023, 17:34:29",198820911.03853357
429,"03/25/2023, 17:34:59",198826857.4246989
430,"03/25/2023, 17:35:29",198832780.8137904
431,"03/25/2023, 17:35:59",198838359.2467785
432,"03/25/2023, 17:36:29",198844578.3125305
433,"03/25/2023, 17:36:59",198850227.37938744
434,"03/25/2023, 17:37:29",198856181.97879308
435,"03/25/2023, 17:38:00",198861863.8986124
436,"03/25/2023, 17:38:30",198867555.67432016
437,"03/25/2023, 17:39:00",198873574.3370023
438,"03/25/2023, 17:39:30",198879550.29083347
439,"03/25/2023, 17:40:00",198885478.60786936
440,"03/25/2023, 17:40:30",198890961.76726696
441,"03/25/2023, 17:41:00",198896832.5916191
442,"03/25/2023, 17:41:30",198902862.752838
443,"03/25/2023, 17:42:00",198909139.3112737
444,"03/25/2023, 17:42:30",198914813.0178524
445,"03/25/2023, 17:43:00",198920619.8624526
446,"03/25/2023, 17:43:30",198926413.39881888
447,"03/25/2023, 17:44:01",198931952.40825224
448,"03/25/2023, 17:44:31",198937972.71358255
449,"03/25/2023, 17:45:01",198944094.8630956
450,"03/25/2023, 17:45:31",198949436.75475577
451,"03/25/2023, 17:46:01",198954813.142026
452,"03/25/2023, 17:46:31",198960473.70741972
453,"03/25/2023, 17:47:01",198966326.4626426
454,"03/25/2023, 17:47:31",198971927.89270428
455,"03/25/2023, 17:48:01",198977795.43176004
456,"03/25/2023, 17:48:31",198984254.32413623
457,"03/25/2023, 17:49:01",198989190.48171255
458,"03/25/2023, 17:49:32",198994593.1513528
459,"03/25/2023, 17:50:02",199000460.6904085
460,"03/25/2023, 17:50:32",199005551.2569075
461,"03/25/2023, 17:51:02",199011024.5604165
462,"03/25/2023, 17:51:32",199016826.3935478
463,"03/25/2023, 17:52:02",199021535.86568472
464,"03/25/2023, 17:52:32",199026117.2112688
465,"03/25/2023, 17:53:02",199030763.5945816
466,"03/25/2023, 17:53:32",199035582.14968985
467,"03/25/2023, 17:54:02",199040188.13499576
468,"03/25/2023, 17:54:32",199044907.4630213
469,"03/25/2023, 17:55:03",199049694.13961947
470,"03/25/2023, 17:55:33",199054469.31768093
471,"03/25/2023, 17:56:03",199059208.3574838
472,"03/25/2023, 17:56:33",199064384.3416845
473,"03/25/2023, 17:57:03",199069458.48170227
474,"03/25/2023, 17:57:33",199074448.84666649
475,"03/25/2023, 17:58:03",199079564.05288687
476,"03/25/2023, 17:58:33",199084787.67388284
477,"03/25/2023, 17:59:03",199090527.08638605
478,"03/25/2023, 17:59:33",199095824.626547
479,"03/25/2023, 18:00:03",199101209.2270579
480,"03/25/2023, 18:00:34",199106557.68931037
481,"03/25/2023, 18:01:04",199111983.35602403
482,"03/25/2023, 18:01:34",199118008.58929864
483,"03/25/2023, 18:02:04",199123890.91218743
484,"03/25/2023, 18:02:34",199129661.53500465
485,"03/25/2023, 18:03:04",199135212.0429749
486,"03/25/2023, 18:03:34",199140586.59270668
487,"03/25/2023, 18:04:04",199146099.5146608
488,"03/25/2023, 18:04:34",199152262.7303768
489,"03/25/2023, 18:05:04",199157795.16921768
490,"03/25/2023, 18:05:34",199163629.8553114
491,"03/25/2023, 18:06:04",199169339.7001485
492,"03/25/2023, 18:06:35",199175197.3833157
493,"03/25/2023, 18:07:05",199181508.4373617
494,"03/25/2023, 18:07:35",199187300.41460428
495,"03/25/2023, 18:08:05",199193167.33430105
496,"03/25/2023, 18:08:35",199199037.02399817
497,"03/25/2023, 18:09:05",199204881.67734635
498,"03/25/2023, 18:09:35",199211131.95341235
499,"03/25/2023, 18:10:05",199216996.2071719
500,"03/25/2023, 18:10:35",199222671.55639857
501,"03/25/2023, 18:11:05",199228470.1042337
502,"03/25/2023, 18:11:35",199234446.05806488
503,"03/25/2023, 18:12:06",199240149.3323097
504,"03/25/2023, 18:12:36",199245901.8859976
505,"03/25/2023, 18:13:06",199251348.9071368
506,"03/25/2023, 18:13:36",199256927.84127185
507,"03/25/2023, 18:14:06",199263074.12935975
508,"03/25/2023, 18:14:36",199269858.266062
509,"03/25/2023, 18:15:06",199275439.9843464
510,"03/25/2023, 18:15:36",199281159.6850721
511,"03/25/2023, 18:16:06",199286649.41506228
512,"03/25/2023, 18:16:36",199292080.0097204
513,"03/25/2023, 18:17:06",199298377.92258152
514,"03/25/2023, 18:17:37",199304391.65731928
515,"03/27/2023, 13:16:07",197559232.0
516,"03/27/2023, 13:16:37",197627358.0525729
517,"03/27/2023, 13:17:07",197726721.19699055
518,"03/27/2023, 13:17:38",197795130.25941697
519,"03/27/2023, 13:18:08",197817515.86583963
520,"03/27/2023, 13:18:38",197823322.62691525
521,"03/27/2023, 13:19:08",197829170.45419383
522,"03/27/2023, 13:19:38",197835800.18197343
523,"03/27/2023, 13:20:08",197840944.9558601
524,"03/27/2023, 13:20:38",197846505.319719
525,"03/27/2023, 13:21:09",197852238.1616297
526,"03/27/2023, 13:21:39",197857332.0134248
527,"03/27/2023, 13:22:09",197863720.2719322
528,"03/27/2023, 13:22:39",197869829.28026047
529,"03/27/2023, 13:23:09",197875417.5691371
530,"03/27/2023, 13:23:39",197881411.5920977
531,"03/27/2023, 13:24:10",197885096.05181277
532,"03/27/2023, 13:24:40",197888862.64393345
533,"03/27/2023, 13:25:10",197892796.0065996
534,"03/27/2023, 13:25:40",197896806.4902027
535,"03/27/2023, 13:26:10",197902721.66605368
536,"03/27/2023, 13:26:40",197908176.9004335
537,"03/27/2023, 13:27:11",197913635.4201096
538,"03/27/2023, 13:27:41",197919146.50452492
539,"03/27/2023, 13:28:11",197924802.14197448
540,"03/27/2023, 13:28:41",197930676.25162268
541,"03/27/2023, 13:29:11",197936512.58036444
542,"03/27/2023, 13:29:41",197942115.65307423
543,"03/27/2023, 13:30:11",197947735.15226507
544,"03/27/2023, 13:30:42",197953129.60866475
545,"03/27/2023, 13:31:12",197958663.69015384
546,"03/27/2023, 13:31:42",197964215.8407721
547,"03/27/2023, 13:32:12",197969561.01772845
548,"03/27/2023, 13:32:42",197975262.6493249
549,"03/27/2023, 13:33:12",197981182.7531203
550,"03/27/2023, 13:33:42",197986703.6934245
551,"03/27/2023, 13:34:13",197992513.7397964
552,"03/27/2023, 13:34:43",197998328.7141128
553,"03/27/2023, 13:35:13",198003984.351562
554,"03/27/2023, 13:35:43",198009646.7544943
555,"03/27/2023, 13:36:13",198015246.3470176
556,"03/27/2023, 13:36:43",198021018.6124828
557,"03/27/2023, 13:37:13",198026915.7192047
558,"03/27/2023, 13:37:43",198032389.02271363
559,"03/27/2023, 13:38:13",198038185.9279008
560,"03/27/2023, 13:38:43",198043848.1359424
561,"03/27/2023, 13:39:14",198049421.6409863
562,"03/27/2023, 13:39:44",198055299.03593084
563,"03/27/2023, 13:40:14",198060905.39393675
564,"03/27/2023, 13:40:44",198066585.671108
565,"03/27/2023, 13:41:14",198072155.89085552
566,"03/27/2023, 13:41:44",198077714.61206636
567,"03/27/2023, 13:42:14",198083749.70122945
568,"03/27/2023, 13:42:44",198089725.65506077
569,"03/27/2023, 13:43:14",198095271.23508653
570,"03/27/2023, 13:43:44",198100948.2269614
571,"03/27/2023, 13:44:14",198106592.36587408
572,"03/27/2023, 13:44:44",198112358.06074703
573,"03/27/2023, 13:45:15",198118534.4176477
574,"03/27/2023, 13:45:45",198124125.99182087
575,"03/27/2023, 13:46:15",198129617.976972
576,"03/27/2023, 13:46:45",198135332.13724044
577,"03/27/2023, 13:47:15",198140943.42319077
578,"03/27/2023, 13:47:45",198146866.8122824
579,"03/27/2023, 13:48:15",198152951.1808891
580,"03/27/2023, 13:48:45",198158777.65374205
581,"03/27/2023, 13:49:15",198163988.13355312
582,"03/27/2023, 13:49:45",198169330.0252133
583,"03/27/2023, 13:50:15",198175135.14364076
584,"03/27/2023, 13:50:46",198180409.68672812
585,"03/27/2023, 13:51:16",198185751.57838815
586,"03/27/2023, 13:51:46",198191737.38810813
587,"03/27/2023, 13:52:16",198197912.10236096
588,"03/27/2023, 13:52:46",198203001.0262116
589,"03/27/2023, 13:53:16",198208415.19438863
590,"03/27/2023, 13:53:46",198213722.59043825
591,"03/27/2023, 13:54:16",198218668.6039033
592,"03/27/2023, 13:54:46",198224386.6619808
593,"03/27/2023, 13:55:16",198229546.21970057
594,"03/27/2023, 13:55:46",198232555.5510417
595,"03/27/2023, 13:56:17",198232969.4983658
596,"03/27/2023, 13:56:47",198233005.6366242
597,"03/27/2023, 13:57:17",198233799.0356622
598,"03/27/2023, 13:57:47",198238994.73164025
599,"03/27/2023, 13:58:17",198243539.938966
600,"03/27/2023, 13:58:47",198248167.27869728
601,"03/27/2023, 13:59:17",198252847.1831682
602,"03/27/2023, 13:59:47",198257530.37293535
603,"03/27/2023, 14:00:17",198262364.6863288
604,"03/27/2023, 14:00:47",198267409.25868052
605,"03/27/2023, 14:01:17",198272425.90601453
606,"03/27/2023, 14:01:48",198277235.57968605
607,"03/27/2023, 14:02:18",198282513.40806988
608,"03/27/2023, 14:02:48",198287544.8392366
609,"03/27/2023, 14:03:18",198292798.02789852
610,"03/27/2023, 14:03:48",198298085.71217105
611,"03/27/2023, 14:04:18",198303320.8317037
612,"03/27/2023, 14:04:48",198309153.87514904
613,"03/27/2023, 14:05:18",198314472.76973552
614,"03/27/2023, 14:05:48",198319908.29233783
615,"03/27/2023, 14:06:18",198325488.3679742
616,"03/27/2023, 14:06:48",198330987.14644963
617,"03/27/2023, 14:07:18",198336743.7928372
618,"03/27/2023, 14:07:49",198342148.10512552
619,"03/27/2023, 14:08:19",198347650.97630045
620,"03/27/2023, 14:08:49",198353191.62838212
621,"03/27/2023, 14:09:19",198358581.1568371
622,"03/27/2023, 14:09:49",198364353.42230263
623,"03/27/2023, 14:10:19",198369683.8154258
624,"03/27/2023, 14:10:49",198375101.26889887
625,"03/27/2023, 14:11:19",198380517.07972407
626,"03/27/2023, 14:11:49",198386299.201078
627,"03/27/2023, 14:12:19",198391894.0605472
628,"03/27/2023, 14:12:49",198397327.9405017
629,"03/27/2023, 14:13:19",198402586.05710787
630,"03/27/2023, 14:13:50",198409140.2230744
631,"03/27/2023, 14:14:20",198415149.02986792
632,"03/27/2023, 14:14:50",198420844.09087208
633,"03/27/2023, 14:15:20",198426197.4810688
634,"03/27/2023, 14:15:50",198432222.71434337
635,"03/27/2023, 14:16:20",198438080.39751047
636,"03/27/2023, 14:16:50",198444673.98703185
637,"03/27/2023, 14:17:20",198451208.4412212
638,"03/27/2023, 14:17:50",198456591.3990839
639,"03/27/2023, 14:18:21",198462506.57493508
640,"03/27/2023, 14:18:51",198468234.48890144
641,"03/27/2023, 14:19:21",198474095.45736477
642,"03/27/2023, 14:19:51",198479721.527148
643,"03/27/2023, 14:20:21",198485464.2249474
644,"03/27/2023, 14:20:51",198491494.3861664
645,"03/27/2023, 14:21:21",198497238.72661385
646,"03/27/2023, 14:21:51",198503365.80407125
647,"03/27/2023, 14:22:21",198508949.16500375
648,"03/27/2023, 14:22:51",198514800.27757844
649,"03/27/2023, 14:23:21",198520483.84004572
650,"03/27/2023, 14:23:51",198525925.93324053
651,"03/27/2023, 14:24:21",198531698.19870597
652,"03/27/2023, 14:24:52",198537549.3112808
653,"03/27/2023, 14:25:22",198543055.4677517
654,"03/27/2023, 14:25:52",198548610.90366632
655,"03/27/2023, 14:26:22",198554107.20424896
656,"03/27/2023, 14:26:52",198559680.5144023
657,"03/27/2023, 14:27:22",198565766.72054744
658,"03/27/2023, 14:27:52",198571110.25485548
659,"03/27/2023, 14:28:22",198577258.6867384
660,"03/27/2023, 14:28:52",198582815.7653012
661,"03/27/2023, 14:29:22",198588371.2012156
662,"03/27/2023, 14:29:52",198594784.0994449
663,"03/27/2023, 14:30:22",198600773.19446075
664,"03/27/2023, 14:30:53",198606504.3937233
665,"03/27/2023, 14:31:23",198612048.33110124
666,"03/27/2023, 14:31:53",198617738.46416083
667,"03/27/2023, 14:32:23",198623594.50468004
668,"03/27/2023, 14:32:53",198629531.03495643
669,"03/27/2023, 14:33:24",197559232.0
670,"03/27/2023, 14:33:55",197627358.0525729
671,"03/27/2023, 14:34:25",197726721.19699055
672,"03/27/2023, 14:34:55",197795130.25941697
673,"03/27/2023, 14:35:25",197817515.86583963
674,"03/27/2023, 14:35:55",197823322.62691525
675,"03/27/2023, 14:36:25",197829170.45419383
676,"03/27/2023, 14:36:55",197835800.18197343
677,"03/27/2023, 14:37:25",197840944.9558601
678,"03/27/2023, 14:37:55",197846505.319719
679,"03/27/2023, 14:38:25",197852238.1616297
680,"03/27/2023, 14:38:56",197857332.0134248
681,"03/27/2023, 14:39:26",197863720.2719322
682,"03/27/2023, 14:39:56",197869829.28026047
683,"03/27/2023, 14:40:26",197875417.5691371
684,"03/27/2023, 14:40:56",197881411.5920977
685,"03/27/2023, 14:41:26",197885096.05181277
686,"03/27/2023, 14:41:56",197888862.64393345
687,"03/27/2023, 14:42:26",197892796.0065996
688,"03/27/2023, 14:42:56",197896806.4902027
689,"03/27/2023, 14:43:26",197902721.66605368
690,"03/27/2023, 14:43:56",197908176.9004335
691,"03/27/2023, 14:44:26",197913635.4201096
692,"03/27/2023, 14:44:57",197919146.50452492
693,"03/27/2023, 14:45:27",197924802.14197448
694,"03/27/2023, 14:45:57",197930676.25162268
695,"03/27/2023, 14:46:27",197936512.58036444
696,"03/27/2023, 14:46:57",197942115.65307423
697,"03/27/2023, 14:47:27",197947735.15226507
698,"03/27/2023, 14:47:57",197953129.60866475
699,"03/27/2023, 14:48:27",197958663.69015384
700,"03/27/2023, 14:48:57",197964215.8407721
701,"03/27/2023, 14:49:27",197969561.01772845
702,"03/27/2023, 14:49:58",197975262.6493249
703,"03/27/2023, 14:50:28",197981182.7531203
704,"03/27/2023, 14:50:58",197986703.6934245
705,"03/27/2023, 14:51:28",197992513.7397964
706,"03/27/2023, 14:51:58",197998328.7141128
707,"03/27/2023, 14:52:28",198003984.351562
708,"03/27/2023, 14:52:58",198009646.7544943
709,"03/27/2023, 14:53:28",198015246.3470176
710,"03/27/2023, 14:53:58",198021018.6124828
711,"03/27/2023, 14:54:28",198026915.7192047
712,"03/27/2023, 14:54:58",198032389.02271363
713,"03/27/2023, 14:55:29",198038185.9279008
714,"03/27/2023, 14:55:59",198043848.1359424
715,"03/27/2023, 14:56:29",198049421.6409863
716,"03/27/2023, 14:56:59",198055299.03593084
717,"03/27/2023, 14:57:29",198060905.39393675
718,"03/27/2023, 14:57:59",198066585.671108
719,"03/27/2023, 14:58:29",198072155.89085552
720,"03/27/2023, 14:58:59",198077714.61206636
721,"03/27/2023, 14:59:29",198083749.70122945
722,"03/27/2023, 14:59:59",198089725.65506077
723,"03/27/2023, 15:00:29",198095271.23508653
724,"03/27/2023, 15:00:59",198100948.2269614
725,"03/27/2023, 15:01:30",198106592.36587408
726,"03/27/2023, 15:02:00",198112358.06074703
727,"03/27/2023, 15:02:30",198118534.4176477
728,"03/27/2023, 15:03:00",198124125.99182087
729,"03/27/2023, 15:03:30",198129617.976972
730,"03/27/2023, 15:04:00",198135332.13724044
731,"03/27/2023, 15:04:30",198140943.42319077
732,"03/27/2023, 15:05:00",198146866.8122824
733,"03/27/2023, 15:05:30",198152951.1808891
734,"03/27/2023, 15:06:00",198158777.65374205
735,"03/27/2023, 15:06:31",198163988.13355312
736,"03/27/2023, 15:07:01",198169330.0252133
737,"03/27/2023, 15:07:31",198175135.14364076
738,"03/27/2023, 15:17:30",197559232.0
739,"03/27/2023, 15:18:00",197627358.0525729
740,"03/27/2023, 15:18:30",197726721.19699055
741,"03/27/2023, 15:19:00",197795130.25941697
742,"03/27/2023, 15:19:31",197817515.86583963
743,"03/27/2023, 15:20:01",197823322.62691525
744,"03/27/2023, 15:20:31",197829170.45419383
745,"03/27/2023, 15:21:01",197835800.18197343
746,"03/27/2023, 15:21:31",197840944.9558601
747,"03/27/2023, 15:22:01",197846505.319719
748,"03/27/2023, 15:22:31",197852238.1616297
749,"03/27/2023, 15:23:02",197857332.0134248
750,"03/27/2023, 15:23:32",197863720.2719322
751,"03/27/2023, 15:24:02",197869829.28026047
752,"03/27/2023, 15:24:32",197875417.5691371
753,"03/27/2023, 15:25:02",197881411.5920977
754,"03/27/2023, 15:25:32",197885096.05181277
755,"03/27/2023, 15:26:03",197888862.64393345
756,"03/27/2023, 15:26:33",197892796.0065996
757,"03/27/2023, 15:27:03",197896806.4902027
758,"03/27/2023, 15:27:33",197902721.66605368
759,"03/27/2023, 15:28:03",197908176.9004335
760,"03/27/2023, 15:28:33",197913635.4201096
761,"03/27/2023, 15:29:04",197919146.50452492
762,"03/27/2023, 15:29:34",197924802.14197448
763,"03/27/2023, 15:30:04",197930676.25162268
764,"03/27/2023, 15:30:34",197936512.58036444
765,"03/27/2023, 15:31:04",197942115.65307423
766,"03/27/2023, 15:31:34",197947735.15226507
767,"03/27/2023, 15:32:04",197953129.60866475
768,"03/27/2023, 15:32:35",197958663.69015384
769,"03/27/2023, 15:33:05",197964215.8407721
770,"03/27/2023, 15:33:35",197969561.01772845
771,"03/27/2023, 15:34:05",197975262.6493249
772,"03/27/2023, 15:34:35",197981182.7531203
773,"03/27/2023, 15:35:05",197986703.6934245
774,"03/27/2023, 15:35:36",197992513.7397964
775,"03/27/2023, 15:36:06",197998328.7141128
776,"03/27/2023, 15:36:36",198003984.351562
777,"03/27/2023, 15:37:06",198009646.7544943
778,"03/27/2023, 15:37:36",198015246.3470176
779,"03/27/2023, 15:38:06",198021018.6124828
780,"03/27/2023, 15:38:36",198026915.7192047
781,"03/27/2023, 15:39:07",198032389.02271363
782,"03/27/2023, 15:39:37",198038185.9279008
783,"03/27/2023, 15:40:07",198043848.1359424
784,"03/27/2023, 15:40:37",198049421.6409863
785,"03/27/2023, 15:41:07",198055299.03593084
786,"03/27/2023, 15:41:37",198060905.39393675
787,"03/27/2023, 15:42:08",198066585.671108
788,"03/27/2023, 15:42:38",198072155.89085552
789,"03/27/2023, 15:43:08",198077714.61206636
790,"03/27/2023, 15:43:38",198083749.70122945
791,"03/27/2023, 15:44:08",198089725.65506077
792,"03/27/2023, 15:44:38",198095271.23508653
793,"03/27/2023, 15:45:08",198100948.2269614
794,"03/27/2023, 15:45:39",198106592.36587408
795,"03/27/2023, 15:46:09",198112358.06074703
796,"03/27/2023, 15:46:39",198118534.4176477
797,"03/27/2023, 15:47:09",198124125.99182087
798,"03/27/2023, 15:47:39",198129617.976972
799,"03/27/2023, 15:48:09",198135332.13724044
800,"03/27/2023, 15:48:40",198140943.42319077
801,"03/27/2023, 15:49:10",198146866.8122824
802,"03/27/2023, 15:49:40",198152951.1808891
803,"03/27/2023, 15:50:10",198158777.65374205
804,"03/27/2023, 15:50:40",198163988.13355312
805,"03/27/2023, 15:51:10",198169330.0252133
806,"03/27/2023, 15:51:40",198175135.14364076
807,"03/27/2023, 15:52:11",198180409.68672812
808,"03/27/2023, 15:52:41",198185751.57838815
809,"03/27/2023, 15:53:11",198191737.38810813
810,"03/27/2023, 15:53:41",198197912.10236096
811,"03/27/2023, 15:54:11",198203001.0262116
812,"03/27/2023, 15:54:41",198208415.19438863
813,"03/27/2023, 15:55:12",198213722.59043825
814,"03/27/2023, 15:55:42",198218668.6039033
815,"03/27/2023, 15:56:12",198224386.6619808
816,"03/27/2023, 15:56:42",198229546.21970057
817,"03/27/2023, 15:57:12",198232555.5510417
818,"03/27/2023, 15:57:42",198232969.4983658
819,"03/27/2023, 15:58:13",198233005.6366242
820,"03/27/2023, 15:58:43",198233799.0356622
821,"03/27/2023, 15:59:13",198238994.73164025
822,"03/27/2023, 15:59:43",198243539.938966
823,"03/27/2023, 16:00:13",198248167.27869728
824,"03/27/2023, 16:00:43",198252847.1831682
825,"03/27/2023, 16:01:14",198257530.37293535
826,"03/27/2023, 16:01:44",198262364.6863288
827,"03/27/2023, 16:02:14",198267409.25868052
828,"03/27/2023, 16:02:44",198272425.90601453
829,"03/27/2023, 16:03:14",198277235.57968605
830,"03/27/2023, 16:03:44",198282513.40806988
831,"03/27/2023, 16:04:14",198287544.8392366
832,"03/27/2023, 16:04:45",198292798.02789852
833,"03/27/2023, 16:05:15",198298085.71217105
834,"03/27/2023, 16:05:45",198303320.8317037
835,"03/27/2023, 16:06:15",198309153.87514904
836,"03/27/2023, 16:06:45",198314472.76973552
837,"03/27/2023, 16:07:15",198319908.29233783
838,"03/27/2023, 16:07:46",198325488.3679742
839,"03/27/2023, 16:08:16",198330987.14644963
840,"03/27/2023, 16:08:46",198336743.7928372
841,"03/27/2023, 16:09:16",198342148.10512552
842,"03/27/2023, 16:09:46",198347650.97630045
843,"03/27/2023, 16:10:16",198353191.62838212
844,"03/27/2023, 16:10:47",198358581.1568371
845,"03/27/2023, 16:11:17",198364353.42230263
846,"03/27/2023, 16:11:47",198369683.8154258
847,"03/27/2023, 16:12:17",198375101.26889887
848,"03/27/2023, 16:12:47",198380517.07972407
849,"03/27/2023, 16:13:17",198386299.201078
850,"03/27/2023, 16:13:47",198391894.0605472
851,"03/27/2023, 16:14:18",198397327.9405017
852,"03/27/2023, 16:14:48",198402586.05710787
853,"03/27/2023, 16:15:18",198409140.2230744
854,"03/27/2023, 16:15:48",198415149.02986792
855,"03/27/2023, 16:16:18",198420844.09087208
856,"03/27/2023, 16:16:48",198426197.4810688
857,"03/27/2023, 16:17:19",198432222.71434337
858,"03/27/2023, 16:17:49",198438080.39751047
859,"03/27/2023, 16:18:19",198444673.98703185
860,"03/27/2023, 16:18:49",198451208.4412212
861,"03/27/2023, 16:19:19",198456591.3990839
862,"03/27/2023, 16:19:49",198462506.57493508
863,"03/27/2023, 16:20:19",198468234.48890144
864,"03/27/2023, 16:20:49",198474095.45736477
865,"03/27/2023, 16:21:19",198479721.527148
866,"03/27/2023, 16:21:49",198485464.2249474
867,"03/27/2023, 16:22:19",198491494.3861664
868,"03/27/2023, 16:22:50",198497238.72661385
869,"03/27/2023, 16:23:20",198503365.80407125
870,"03/27/2023, 16:23:50",198508949.16500375
871,"03/27/2023, 16:24:20",198514800.27757844
872,"03/27/2023, 16:24:50",198520483.84004572
873,"03/27/2023, 16:25:20",198525925.93324053
874,"03/27/2023, 16:25:50",198531698.19870597
875,"03/27/2023, 16:26:20",198537549.3112808
876,"03/27/2023, 16:26:50",198543055.4677517
877,"03/27/2023, 16:27:20",198548610.90366632
878,"03/27/2023, 16:27:50",198554107.20424896
879,"03/27/2023, 16:28:20",198559680.5144023
880,"03/27/2023, 16:28:51",198565766.72054744
881,"03/27/2023, 16:29:21",198571110.25485548
882,"03/27/2023, 16:29:51",198577258.6867384
883,"03/27/2023, 16:30:21",198582815.7653012
884,"03/27/2023, 16:30:51",198588371.2012156
885,"03/27/2023, 16:31:21",198594784.0994449
886,"03/27/2023, 16:31:51",198600773.19446075
887,"03/27/2023, 16:32:21",198606504.3937233
888,"03/27/2023, 16:32:51",198612048.33110124
889,"03/27/2023, 16:33:21",198617738.46416083
890,"03/27/2023, 16:33:51",198623594.50468004
891,"03/27/2023, 16:34:21",198629531.03495643
892,"03/27/2023, 16:34:52",198635239.2371456
893,"03/27/2023, 16:35:22",198640779.88922697
894,"03/27/2023, 16:35:52",198646471.66493475
895,"03/27/2023, 16:36:22",198653020.90295723
896,"03/27/2023, 16:36:52",198658784.9551818
897,"03/27/2023, 16:37:22",198664709.98692164
898,"03/27/2023, 16:37:52",198670485.53768325
899,"03/27/2023, 16:38:22",198676046.8203113
900,"03/27/2023, 16:38:52",198682213.82977316
901,"03/27/2023, 16:39:23",198688872.8395013
902,"03/27/2023, 16:39:53",198694936.35482943
903,"03/27/2023, 16:40:23",198700455.65248543
904,"03/27/2023, 16:40:53",198705953.5957161
905,"03/27/2023, 16:41:23",198711282.3461913
906,"03/27/2023, 16:41:53",198716887.0615492
907,"03/27/2023, 16:42:23",198722769.384438
908,"03/27/2023, 16:42:53",198728268.97031668
909,"03/27/2023, 16:43:23",198733740.6311776
910,"03/27/2023, 16:43:53",198739581.8878636
911,"03/27/2023, 16:44:23",198745304.8738857
912,"03/27/2023, 16:44:54",198751101.77907264
913,"03/27/2023, 16:45:24",198756828.0503908
914,"03/27/2023, 16:45:54",198762664.37913257
915,"03/27/2023, 16:46:24",198768142.61058575
916,"03/27/2023, 16:46:54",198773537.06698543
917,"03/27/2023, 16:47:24",198779577.08409297
918,"03/27/2023, 16:47:54",198785429.8393158
919,"03/27/2023, 16:48:24",198791341.7298708
920,"03/27/2023, 16:48:54",198797204.09040865
921,"03/27/2023, 16:49:24",198802797.5578033
922,"03/27/2023, 16:49:54",198808862.2146325
923,"03/27/2023, 16:50:25",198815137.1304203
924,"03/27/2023, 16:50:55",198820911.03853357
925,"03/27/2023, 16:51:25",198826857.4246989
926,"03/27/2023, 16:51:55",198832780.8137904
927,"03/27/2023, 16:52:25",198838359.2467785
928,"03/27/2023, 16:52:55",198844578.3125305
929,"03/27/2023, 16:53:25",198850227.37938744
930,"03/27/2023, 16:53:55",198856181.97879308
931,"03/27/2023, 16:54:25",198861863.8986124
932,"03/27/2023, 16:54:55",198867555.67432016
933,"03/27/2023, 16:55:25",198873574.3370023
934,"03/27/2023, 16:55:55",198879550.29083347
935,"03/27/2023, 16:56:25",198885478.60786936
936,"03/27/2023, 16:56:56",198890961.76726696
937,"03/27/2023, 16:57:26",198896832.5916191
938,"03/27/2023, 16:57:56",198902862.752838
939,"03/27/2023, 16:58:26",198909139.3112737
940,"03/27/2023, 16:58:56",198914813.0178524
941,"03/27/2023, 16:59:26",198920619.8624526
942,"03/27/2023, 16:59:56",198926413.39881888
943,"03/27/2023, 17:00:26",198931952.40825224
944,"03/27/2023, 17:00:56",198937972.71358255
945,"03/27/2023, 17:01:26",198944094.8630956
946,"03/27/2023, 17:01:56",198949436.75475577
947,"03/27/2023, 17:02:27",198954813.142026
948,"03/27/2023, 17:02:57",198960473.70741972
949,"03/27/2023, 17:03:27",198966326.4626426
950,"03/27/2023, 17:03:57",198971927.89270428
951,"03/27/2023, 17:04:27",198977795.43176004
952,"03/27/2023, 17:04:57",198984254.32413623
953,"03/27/2023, 17:05:27",198989190.48171255
954,"03/27/2023, 17:05:57",198994593.1513528
955,"03/27/2023, 17:06:27",199000460.6904085
956,"03/27/2023, 17:06:57",199005551.2569075
957,"03/27/2023, 17:07:28",199011024.5604165
958,"03/27/2023, 17:07:58",199016826.3935478
959,"03/27/2023, 17:08:28",199021535.86568472
960,"03/27/2023, 17:08:58",199026117.2112688
961,"03/27/2023, 17:09:28",199030763.5945816
962,"03/27/2023, 17:09:58",199035582.14968985
963,"03/27/2023, 17:10:28",199040188.13499576
964,"03/27/2023, 17:10:58",199044907.4630213
965,"03/27/2023, 17:35:27",197559232.0
966,"03/27/2023, 17:35:57",197627358.0525729
967,"03/27/2023, 17:36:28",197726721.19699055
968,"03/27/2023, 17:36:58",197795130.25941697
969,"03/27/2023, 17:37:28",197817515.86583963
970,"03/27/2023, 17:37:58",197823322.62691525
971,"03/27/2023, 17:38:28",197829170.45419383
972,"03/27/2023, 17:38:58",197835800.18197343
973,"03/27/2023, 17:39:28",197840944.9558601
974,"03/27/2023, 17:39:58",197846505.319719
975,"03/27/2023, 17:40:28",197852238.1616297
976,"03/27/2023, 17:40:58",197857332.0134248
977,"03/27/2023, 17:41:29",197863720.2719322
978,"03/27/2023, 17:41:59",197869829.28026047
979,"03/27/2023, 17:42:29",197875417.5691371
980,"03/27/2023, 17:42:59",197881411.5920977
981,"03/27/2023, 18:19:43",197559232.0
982,"03/27/2023, 18:20:14",197627358.0525729
983,"03/27/2023, 18:20:44",197726721.19699055
984,"03/27/2023, 18:21:14",197795130.25941697
985,"03/27/2023, 18:21:44",197817515.86583963
986,"03/27/2023, 18:22:14",197823322.62691525
987,"03/27/2023, 18:22:44",197829170.45419383
988,"03/27/2023, 18:23:14",197835800.18197343
989,"03/27/2023, 18:23:45",197840944.9558601
990,"03/27/2023, 18:24:15",197846505.319719
991,"03/27/2023, 18:24:45",197852238.1616297
992,"03/27/2023, 18:25:15",197857332.0134248
993,"03/27/2023, 18:25:45",197863720.2719322
994,"03/27/2023, 18:26:15",197869829.28026047
995,"03/27/2023, 18:26:46",197875417.5691371
996,"03/27/2023, 18:27:16",197881411.5920977
997,"03/27/2023, 18:27:46",197885096.05181277
998,"03/27/2023, 18:28:16",197888862.64393345
999,"03/27/2023, 18:28:46",197892796.0065996
1000,"03/27/2023, 18:29:16",197896806.4902027
1001,"03/27/2023, 18:29:47",197902721.66605368
1002,"03/27/2023, 18:30:17",197908176.9004335
1003,"03/27/2023, 18:30:47",197913635.4201096
1004,"03/27/2023, 18:31:17",197919146.50452492
1005,"03/27/2023, 18:31:47",197924802.14197448
1006,"03/27/2023, 18:32:17",197930676.25162268
1007,"03/27/2023, 18:32:47",197936512.58036444
1008,"03/27/2023, 18:33:18",197942115.65307423
1009,"03/27/2023, 18:33:48",197947735.15226507
1010,"03/27/2023, 18:34:18",197953129.60866475
1011,"03/27/2023, 18:34:48",197958663.69015384
1012,"03/27/2023, 18:35:18",197964215.8407721
1013,"03/27/2023, 18:35:48",197969561.01772845
1014,"03/27/2023, 18:36:19",197975262.6493249
1015,"03/27/2023, 18:36:49",197981182.7531203
1016,"03/27/2023, 18:37:19",197986703.6934245
1017,"03/27/2023, 18:37:49",197992513.7397964
1018,"03/27/2023, 18:38:19",197998328.7141128
1019,"03/27/2023, 18:38:49",198003984.351562
1020,"03/27/2023, 18:39:20",198009646.7544943
1021,"03/27/2023, 18:39:50",198015246.3470176
1022,"03/27/2023, 18:40:20",198021018.6124828
1023,"03/27/2023, 18:40:50",198026915.7192047
1024,"03/27/2023, 18:41:20",198032389.02271363
1025,"03/27/2023, 18:41:50",198038185.9279008
1026,"03/27/2023, 18:42:20",198043848.1359424
1027,"03/27/2023, 18:42:51",198049421.6409863
1028,"03/27/2023, 18:43:21",198055299.03593084
1029,"03/27/2023, 18:43:51",198060905.39393675
1030,"03/27/2023, 18:44:21",198066585.671108
1031,"03/27/2023, 18:44:51",198072155.89085552
1032,"03/27/2023, 18:45:21",198077714.61206636
1033,"03/27/2023, 18:45:52",198083749.70122945
1034,"03/27/2023, 18:46:22",198089725.65506077
1035,"03/27/2023, 18:46:52",198095271.23508653
1036,"03/27/2023, 18:47:22",198100948.2269614
1037,"03/27/2023, 18:47:52",198106592.36587408
1038,"03/27/2023, 18:48:22",198112358.06074703
1039,"03/27/2023, 18:48:52",198118534.4176477
1040,"03/27/2023, 18:49:23",198124125.99182087
1041,"03/27/2023, 18:49:53",198129617.976972
1042,"03/27/2023, 18:50:23",198135332.13724044
1043,"03/27/2023, 18:50:53",198140943.42319077
1044,"03/27/2023, 18:51:23",198146866.8122824
1045,"03/27/2023, 18:51:53",198152951.1808891
1046,"03/27/2023, 18:52:24",198158777.65374205
1047,"03/27/2023, 18:52:54",198163988.13355312
1048,"03/27/2023, 18:53:24",198169330.0252133
1049,"03/27/2023, 18:53:54",198175135.14364076
1050,"03/27/2023, 18:54:24",198180409.68672812
1051,"03/27/2023, 18:54:54",198185751.57838815
1052,"03/27/2023, 18:55:25",198191737.38810813
1053,"03/27/2023, 18:55:55",198197912.10236096
1054,"03/27/2023, 18:56:25",198203001.0262116
1055,"03/27/2023, 18:56:55",198208415.19438863
1056,"03/27/2023, 18:57:25",198213722.59043825
1057,"03/27/2023, 18:57:55",198218668.6039033
1058,"03/27/2023, 18:58:26",198224386.6619808
1059,"03/27/2023, 18:58:56",198229546.21970057
1060,"03/27/2023, 18:59:26",198232555.5510417
1061,"03/27/2023, 18:59:56",198232969.4983658
1062,"03/27/2023, 19:00:26",198233005.6366242
1063,"03/27/2023, 19:00:56",198233799.0356622
1064,"03/27/2023, 19:01:27",198238994.73164025
1065,"03/28/2023, 08:09:32",197559232.0
1066,"03/28/2023, 08:10:02",197627358.0525729
1067,"03/28/2023, 08:10:32",197726721.19699055
1068,"03/28/2023, 08:11:02",197795130.25941697
1069,"03/28/2023, 08:11:32",197817515.86583963
1070,"03/28/2023, 08:12:03",197823322.62691525
1071,"03/28/2023, 08:12:33",197829170.45419383
1072,"03/28/2023, 08:13:03",197835800.18197343
1073,"03/28/2023, 08:13:33",197840944.9558601
1074,"03/28/2023, 08:14:03",197846505.319719
1075,"03/28/2023, 08:14:34",197852238.1616297
1076,"03/28/2023, 08:15:04",197857332.0134248
1077,"03/28/2023, 08:15:34",197863720.2719322
1078,"03/28/2023, 08:16:04",197869829.28026047
1079,"03/28/2023, 08:16:34",197875417.5691371
1080,"03/28/2023, 08:17:04",197881411.5920977
1081,"03/28/2023, 08:17:35",197885096.05181277
1082,"03/28/2023, 08:18:05",197888862.64393345
1083,"03/28/2023, 08:18:35",197892796.0065996
1084,"03/28/2023, 08:19:05",197896806.4902027
1085,"03/28/2023, 08:19:35",197902721.66605368
1086,"03/28/2023, 08:20:05",197908176.9004335
1087,"03/28/2023, 08:20:36",197913635.4201096
1088,"03/28/2023, 08:21:06",197919146.50452492
1089,"03/28/2023, 08:21:36",197924802.14197448
1090,"03/28/2023, 08:22:06",197930676.25162268
1091,"03/28/2023, 08:22:36",197936512.58036444
1092,"03/28/2023, 08:23:07",197942115.65307423
1093,"03/28/2023, 08:23:37",197947735.15226507
1094,"03/28/2023, 08:24:07",197953129.60866475
1095,"03/28/2023, 08:24:37",197958663.69015384
1096,"03/28/2023, 08:25:07",197964215.8407721
1097,"03/28/2023, 08:25:37",197969561.01772845
1098,"03/28/2023, 08:26:07",197975262.6493249
1099,"03/28/2023, 08:26:38",197981182.7531203
1100,"03/28/2023, 08:27:08",197986703.6934245
1101,"03/28/2023, 08:27:38",197992513.7397964
1102,"03/28/2023, 08:28:08",197998328.7141128
1103,"03/28/2023, 08:28:38",198003984.351562
1104,"03/28/2023, 08:29:08",198009646.7544943
1105,"03/28/2023, 08:29:39",198015246.3470176
1106,"03/28/2023, 08:30:09",198021018.6124828
1107,"03/28/2023, 08:30:39",198026915.7192047
1108,"03/28/2023, 08:31:09",198032389.02271363
1109,"03/28/2023, 08:31:39",198038185.9279008
1110,"03/28/2023, 08:32:09",198043848.1359424
1111,"03/28/2023, 08:32:39",198049421.6409863
1112,"03/28/2023, 08:33:10",198055299.03593084
1113,"03/28/2023, 08:33:40",198060905.39393675
1114,"03/28/2023, 08:34:10",198066585.671108
1115,"03/28/2023, 08:34:40",198072155.89085552
1116,"03/28/2023, 08:35:10",198077714.61206636
1117,"03/28/2023, 08:35:41",198083749.70122945
1118,"03/28/2023, 08:36:11",198089725.65506077
1119,"03/28/2023, 08:36:41",198095271.23508653
1120,"03/28/2023, 08:37:11",198100948.2269614
1121,"03/28/2023, 08:37:41",198106592.36587408
1122,"03/28/2023, 08:38:11",198112358.06074703
1123,"03/28/2023, 08:38:41",198118534.4176477
1124,"03/28/2023, 08:39:12",198124125.99182087
1125,"03/28/2023, 08:39:42",198129617.976972
1126,"03/28/2023, 08:40:12",198135332.13724044
1127,"03/28/2023, 08:40:42",198140943.42319077
1128,"03/28/2023, 08:41:12",198146866.8122824
1129,"03/28/2023, 08:41:42",198152951.1808891
1130,"03/28/2023, 08:42:12",198158777.65374205
1131,"03/28/2023, 08:42:42",198163988.13355312
1132,"03/28/2023, 08:43:12",198169330.0252133
1133,"03/28/2023, 08:43:42",198175135.14364076
1134,"03/28/2023, 08:44:13",198180409.68672812
1135,"03/28/2023, 08:44:43",198185751.57838815
1136,"03/28/2023, 08:45:13",198191737.38810813
1137,"03/28/2023, 08:45:43",198197912.10236096
1138,"03/28/2023, 08:46:13",198203001.0262116
1139,"03/28/2023, 08:46:43",198208415.19438863
1140,"03/28/2023, 08:47:13",198213722.59043825
1141,"03/28/2023, 08:47:43",198218668.6039033
1142,"03/28/2023, 08:48:13",198224386.6619808
1143,"03/28/2023, 08:48:43",198229546.21970057
1144,"03/28/2023, 08:49:13",198232555.5510417
1145,"03/28/2023, 08:49:44",198232969.4983658
1146,"03/28/2023, 08:50:14",198233005.6366242
1147,"03/28/2023, 08:50:44",198233799.0356622
1148,"03/28/2023, 08:51:14",198238994.73164025
1149,"03/28/2023, 08:51:44",198243539.938966
1150,"03/28/2023, 08:52:14",198248167.27869728
1151,"03/28/2023, 08:52:44",198252847.1831682
1152,"03/28/2023, 08:53:14",198257530.37293535
1153,"03/28/2023, 08:53:44",198262364.6863288
1154,"03/28/2023, 08:54:14",198267409.25868052
1155,"03/28/2023, 08:54:44",198272425.90601453
1156,"03/28/2023, 08:55:15",198277235.57968605
1157,"03/28/2023, 08:55:45",198282513.40806988
1158,"03/28/2023, 08:56:15",198287544.8392366
1159,"03/28/2023, 08:56:45",198292798.02789852
1160,"03/28/2023, 08:57:15",198298085.71217105
1161,"03/28/2023, 08:57:45",198303320.8317037
1162,"03/28/2023, 08:58:15",198309153.87514904
1163,"03/28/2023, 08:58:45",198314472.76973552
1164,"03/28/2023, 08:59:15",198319908.29233783
1165,"03/28/2023, 08:59:45",198325488.3679742
1166,"03/28/2023, 09:00:15",198330987.14644963
1167,"03/28/2023, 09:00:45",198336743.7928372
1168,"03/28/2023, 09:01:15",198342148.10512552
1169,"03/28/2023, 09:01:46",198347650.97630045
1170,"03/28/2023, 09:02:16",198353191.62838212
1171,"03/28/2023, 09:02:46",198358581.1568371
1172,"03/28/2023, 09:03:16",198364353.42230263
1173,"03/28/2023, 09:03:46",198369683.8154258
1174,"03/28/2023, 09:04:16",198375101.26889887
1175,"03/28/2023, 09:04:46",198380517.07972407
1176,"03/28/2023, 09:05:16",198386299.201078
1177,"03/28/2023, 09:05:46",198391894.0605472
1178,"03/28/2023, 09:06:16",198397327.9405017
1179,"03/28/2023, 09:06:46",198402586.05710787
1180,"03/28/2023, 09:07:17",198409140.2230744
1181,"03/28/2023, 09:07:47",198415149.02986792
1182,"03/28/2023, 09:08:17",198420844.09087208
1183,"03/28/2023, 09:08:47",198426197.4810688
1184,"03/28/2023, 09:09:17",198432222.71434337
1185,"03/28/2023, 09:09:47",198438080.39751047
1186,"03/28/2023, 09:10:17",198444673.98703185
1187,"03/28/2023, 09:10:47",198451208.4412212
1188,"03/28/2023, 09:11:17",198456591.3990839
1189,"03/28/2023, 09:11:47",198462506.57493508
1190,"03/28/2023, 09:12:17",198468234.48890144
1191,"03/28/2023, 09:12:48",198474095.45736477
1192,"03/28/2023, 09:13:18",198479721.527148
1193,"03/28/2023, 09:13:48",198485464.2249474
1194,"03/28/2023, 09:14:18",198491494.3861664
1195,"03/28/2023, 09:14:48",198497238.72661385
1196,"03/28/2023, 09:15:18",198503365.80407125
1197,"03/28/2023, 09:15:48",198508949.16500375
1198,"03/28/2023, 09:16:18",198514800.27757844
1199,"03/28/2023, 09:16:48",198520483.84004572
1200,"03/28/2023, 09:17:18",198525925.93324053
1201,"03/28/2023, 09:17:48",198531698.19870597
1202,"03/28/2023, 09:18:19",198537549.3112808
1203,"03/28/2023, 09:18:49",198543055.4677517
1204,"03/28/2023, 09:19:19",198548610.90366632
1205,"03/28/2023, 09:19:49",198554107.20424896
1206,"03/28/2023, 09:20:19",198559680.5144023
1207,"03/28/2023, 09:20:49",198565766.72054744
1208,"03/28/2023, 09:21:19",198571110.25485548
1209,"03/28/2023, 09:21:49",198577258.6867384
1210,"03/28/2023, 09:22:19",198582815.7653012
1211,"03/28/2023, 09:22:49",198588371.2012156
1212,"03/28/2023, 09:23:19",198594784.0994449
1213,"03/28/2023, 09:23:49",198600773.19446075
1214,"03/28/2023, 09:24:20",198606504.3937233
1215,"03/28/2023, 09:24:50",198612048.33110124
1216,"03/28/2023, 09:25:20",198617738.46416083
1217,"03/28/2023, 09:25:50",198623594.50468004
1218,"03/28/2023, 09:26:20",198629531.03495643
1219,"03/28/2023, 09:26:50",198635239.2371456
1220,"03/28/2023, 09:27:20",198640779.88922697
1221,"03/28/2023, 09:27:50",198646471.66493475
1222,"03/28/2023, 09:28:20",198653020.90295723
1223,"03/28/2023, 09:28:50",198658784.9551818
1224,"03/28/2023, 09:29:20",198664709.98692164
1225,"03/28/2023, 09:29:50",198670485.53768325
1226,"03/28/2023, 09:30:20",198676046.8203113
1227,"03/28/2023, 09:30:51",198682213.82977316
1228,"03/28/2023, 09:31:21",198688872.8395013
1229,"03/28/2023, 09:31:51",198694936.35482943
1230,"03/28/2023, 09:32:21",198700455.65248543
1231,"03/28/2023, 09:32:51",198705953.5957161
1232,"03/28/2023, 09:33:21",198711282.3461913
1233,"03/28/2023, 09:33:51",198716887.0615492
1234,"03/28/2023, 09:34:21",198722769.384438
1235,"03/28/2023, 09:34:51",198728268.97031668
1236,"03/28/2023, 09:35:21",198733740.6311776
1237,"03/28/2023, 09:35:51",198739581.8878636
1238,"03/28/2023, 09:36:22",198745304.8738857
1239,"03/28/2023, 09:36:52",198751101.77907264
1240,"03/28/2023, 09:37:22",198756828.0503908
1241,"03/28/2023, 09:37:52",198762664.37913257
1242,"03/28/2023, 09:38:22",198768142.61058575
1243,"03/28/2023, 09:38:52",198773537.06698543
1244,"03/28/2023, 09:39:22",198779577.08409297
1245,"03/28/2023, 09:39:52",198785429.8393158
1246,"03/28/2023, 09:40:22",198791341.7298708
1247,"03/28/2023, 09:40:52",198797204.09040865
1248,"03/28/2023, 09:41:23",198802797.5578033
1249,"03/28/2023, 09:41:53",198808862.2146325
1250,"03/28/2023, 09:42:23",198815137.1304203
1251,"03/28/2023, 09:42:53",198820911.03853357
1252,"03/28/2023, 09:43:23",198826857.4246989
1253,"03/28/2023, 09:43:53",198832780.8137904
1254,"03/28/2023, 09:44:23",198838359.2467785
1255,"03/28/2023, 09:44:53",198844578.3125305
1256,"03/28/2023, 09:45:23",198850227.37938744
1257,"03/28/2023, 09:45:53",198856181.97879308
1258,"03/28/2023, 09:46:23",198861863.8986124
1259,"03/28/2023, 09:46:54",198867555.67432016
1260,"03/28/2023, 09:47:24",198873574.3370023
1261,"03/28/2023, 09:47:54",198879550.29083347
1262,"03/28/2023, 09:48:24",198885478.60786936
1263,"03/28/2023, 09:48:54",198890961.76726696
1264,"03/28/2023, 09:49:24",198896832.5916191
1265,"03/28/2023, 09:49:54",198902862.752838
1266,"03/28/2023, 09:50:24",198909139.3112737
1267,"03/28/2023, 09:50:54",198914813.0178524
1268,"03/28/2023, 09:51:24",198920619.8624526
1269,"03/28/2023, 09:51:54",198926413.39881888
1270,"03/28/2023, 09:52:24",198931952.40825224
1271,"03/28/2023, 09:52:55",198937972.71358255
1272,"03/28/2023, 09:53:25",198944094.8630956
1273,"03/28/2023, 09:53:55",198949436.75475577
1274,"03/28/2023, 09:54:25",198954813.142026
1275,"03/28/2023, 09:54:55",198960473.70741972
1276,"03/28/2023, 09:55:25",198966326.4626426
1277,"03/28/2023, 09:55:55",198971927.89270428
1278,"03/28/2023, 09:56:25",198977795.43176004
1279,"03/28/2023, 09:56:55",198984254.32413623
1280,"03/28/2023, 09:57:25",198989190.48171255
1281,"03/28/2023, 09:57:55",198994593.1513528
1282,"03/28/2023, 09:58:26",199000460.6904085
1283,"03/28/2023, 09:58:56",199005551.2569075
1284,"03/28/2023, 09:59:26",199011024.5604165
1285,"03/28/2023, 09:59:56",199016826.3935478
1286,"03/28/2023, 10:00:26",199021535.86568472
1287,"03/28/2023, 10:00:56",199026117.2112688
1288,"03/28/2023, 10:01:26",199030763.5945816
1289,"03/28/2023, 10:01:56",199035582.14968985
1290,"03/28/2023, 10:02:26",199040188.13499576
1291,"03/28/2023, 10:02:56",199044907.4630213
1292,"03/28/2023, 10:03:26",199049694.13961947
1293,"03/28/2023, 10:03:57",199054469.31768093
1294,"03/28/2023, 10:04:27",199059208.3574838
1295,"03/28/2023, 10:04:57",199064384.3416845
1296,"03/28/2023, 10:05:27",199069458.48170227
1297,"03/28/2023, 10:05:57",199074448.84666649
1298,"03/28/2023, 10:06:27",199079564.05288687
1299,"03/28/2023, 10:06:57",199084787.67388284
1300,"03/28/2023, 10:07:27",199090527.08638605
1301,"03/28/2023, 10:07:57",199095824.626547
1302,"03/28/2023, 10:08:27",199101209.2270579
1303,"03/28/2023, 10:08:57",199106557.68931037
1304,"03/28/2023, 10:09:28",199111983.35602403
1305,"03/28/2023, 10:09:58",199118008.58929864
1306,"03/28/2023, 10:10:28",199123890.91218743
1307,"03/28/2023, 10:10:58",199129661.53500465
1308,"03/28/2023, 10:11:28",199135212.0429749
1309,"03/28/2023, 10:11:58",199140586.59270668
1310,"03/28/2023, 10:12:28",199146099.5146608
1311,"03/28/2023, 10:12:58",199152262.7303768
1312,"03/28/2023, 10:13:28",199157795.16921768
1313,"03/28/2023, 10:13:58",199163629.8553114
1314,"03/28/2023, 10:14:28",199169339.7001485
1315,"03/28/2023, 10:14:59",199175197.3833157
1316,"03/28/2023, 10:15:29",199181508.4373617
1317,"03/28/2023, 10:15:59",199187300.41460428
1318,"03/28/2023, 10:16:29",199193167.33430105
1319,"03/28/2023, 10:16:59",199199037.02399817
1320,"03/28/2023, 10:17:29",199204881.67734635
1321,"03/28/2023, 10:17:59",199211131.95341235
1322,"03/28/2023, 10:18:29",199216996.2071719
1323,"03/28/2023, 10:18:59",199222671.55639857
1324,"03/28/2023, 10:19:29",199228470.1042337
1325,"03/28/2023, 10:19:59",199234446.05806488
1326,"03/28/2023, 10:20:30",199240149.3323097
1327,"03/28/2023, 10:21:00",199245901.8859976
1328,"03/28/2023, 10:21:30",199251348.9071368
1329,"03/28/2023, 10:22:00",199256927.84127185
1330,"03/28/2023, 10:22:30",199263074.12935975
