,Date,U_L1_N
0,"03/25/2023, 10:35:28",239.8057974396112
1,"03/25/2023, 10:35:58",238.13721673634956
2,"03/25/2023, 10:36:28",238.7283736134445
3,"03/25/2023, 10:36:58",238.3912846787913
4,"03/25/2023, 10:37:28",237.8354087920129
5,"03/25/2023, 10:37:58",238.61197447371077
6,"03/25/2023, 10:38:29",238.97516420579743
7,"03/25/2023, 10:38:59",238.90441295928704
8,"03/25/2023, 10:39:29",238.9545991768117
9,"03/25/2023, 10:39:59",238.8191341234932
10,"03/25/2023, 10:40:29",239.5055155496392
11,"03/25/2023, 10:40:59",239.32910910833996
12,"03/25/2023, 10:41:30",239.43061356333348
13,"03/25/2023, 10:42:00",239.39646429501772
14,"03/25/2023, 10:42:30",239.28137560069436
15,"03/25/2023, 10:43:00",239.1517593170873
16,"03/25/2023, 10:43:30",238.59235279467865
17,"03/25/2023, 10:44:00",238.5782025453766
18,"03/25/2023, 10:44:31",238.5979137627093
19,"03/25/2023, 10:45:01",238.40953157369572
20,"03/25/2023, 10:45:31",238.1669019656628
21,"03/25/2023, 10:46:01",238.13313003732853
22,"03/25/2023, 10:46:31",237.6371166317932
23,"03/25/2023, 10:47:01",236.94432042596364
24,"03/25/2023, 10:47:31",236.93752830629856
25,"03/25/2023, 10:48:02",237.45995551053124
26,"03/25/2023, 10:48:32",237.23279684173528
27,"03/25/2023, 10:49:02",237.1899687538477
28,"03/25/2023, 10:49:32",237.1492160358576
29,"03/25/2023, 10:50:02",236.44585431054907
30,"03/25/2023, 10:50:32",235.5798590532622
31,"03/25/2023, 10:51:02",235.54910584477904
32,"03/25/2023, 10:51:33",235.83607290062503
33,"03/25/2023, 10:52:03",235.8319221608298
34,"03/25/2023, 10:52:33",235.75702017452417
35,"03/25/2023, 10:53:03",235.6055181719966
36,"03/25/2023, 10:53:33",235.39628315231664
37,"03/25/2023, 10:54:03",235.47193981858516
38,"03/25/2023, 10:54:34",234.36463564320005
39,"03/25/2023, 10:55:04",234.1713320454461
40,"03/25/2023, 10:55:34",233.91352569544983
41,"03/25/2023, 10:56:04",234.5897189420984
42,"03/25/2023, 10:56:34",234.77914361275555
43,"03/25/2023, 10:57:04",234.81631160092223
44,"03/25/2023, 10:57:35",234.83932933978696
45,"03/25/2023, 10:58:05",235.27157228846764
46,"03/25/2023, 10:58:35",235.55174722464875
47,"03/25/2023, 10:59:05",235.83984630043892
48,"03/25/2023, 10:59:35",235.760227564366
49,"03/25/2023, 11:00:05",235.5762743234391
50,"03/25/2023, 11:00:35",235.3838309329308
51,"03/25/2023, 11:01:06",235.79437683268165
52,"03/25/2023, 11:01:36",235.8464497501133
53,"03/25/2023, 11:02:06",235.9502182449952
54,"03/25/2023, 11:02:36",235.75569948458931
55,"03/25/2023, 11:03:06",235.7566428345428
56,"03/25/2023, 11:03:37",236.15700055479616
57,"03/25/2023, 11:04:07",235.8932399078055
58,"03/25/2023, 11:04:37",235.9092768570144
59,"03/25/2023, 11:05:07",236.1943572129536
60,"03/25/2023, 11:05:37",235.7218156333791
61,"03/25/2023, 11:06:07",235.5574073243696
62,"03/25/2023, 11:06:37",235.9441808052929
63,"03/25/2023, 11:07:08",236.0432325504076
64,"03/25/2023, 11:07:38",236.24850550028304
65,"03/25/2023, 11:08:08",236.39963016282917
66,"03/25/2023, 11:08:38",236.1590759246939
67,"03/25/2023, 11:09:08",235.65174231971676
68,"03/25/2023, 11:09:38",236.12058724659207
69,"03/25/2023, 11:10:09",236.21926165172528
70,"03/25/2023, 11:10:39",236.513398167218
71,"03/25/2023, 11:11:09",236.4056676025313
72,"03/25/2023, 11:11:39",236.61282725231365
73,"03/25/2023, 11:12:09",236.49585185808328
74,"03/25/2023, 11:12:39",236.71999180702795
75,"03/25/2023, 11:13:10",236.6581080500804
76,"03/25/2023, 11:13:40",236.9594140252192
77,"03/25/2023, 11:14:10",237.012618962595
78,"03/25/2023, 11:14:40",237.5274993671997
79,"03/25/2023, 11:15:10",237.1646869750946
80,"03/25/2023, 11:15:40",237.03975546329048
81,"03/25/2023, 11:16:11",237.0529943406035
82,"03/25/2023, 11:16:41",235.6841935581161
83,"03/25/2023, 11:17:11",235.49193883759864
84,"03/25/2023, 11:17:41",235.5021270170962
85,"03/25/2023, 11:18:11",235.8817310383732
86,"03/25/2023, 11:18:41",235.7962635325885
87,"03/25/2023, 11:19:12",235.59853738234085
88,"03/25/2023, 11:19:42",235.5094851467332
89,"03/25/2023, 11:20:12",235.8764482786337
90,"03/25/2023, 11:20:42",236.05153402999807
91,"03/25/2023, 11:21:12",236.16492469440536
92,"03/25/2023, 11:21:42",235.9839901733295
93,"03/25/2023, 11:22:12",236.25435426999456
94,"03/25/2023, 11:22:43",236.54962280543117
95,"03/25/2023, 11:23:13",236.93300022652187
96,"03/25/2023, 11:23:43",237.4135426928204
97,"03/25/2023, 11:24:13",237.14902736586689
98,"03/25/2023, 11:24:43",237.05884311031505
99,"03/25/2023, 11:25:13",237.36109243540733
100,"03/25/2023, 11:25:43",237.415618062718
101,"03/25/2023, 11:26:13",237.16446952493584
102,"03/25/2023, 11:26:43",237.06771059987767
103,"03/25/2023, 11:27:14",237.32807518703592
104,"03/25/2023, 11:27:44",237.35033824593785
105,"03/25/2023, 11:28:14",237.18374264415468
106,"03/25/2023, 11:28:44",236.82621301178892
107,"03/25/2023, 11:29:14",237.02922192177607
108,"03/25/2023, 11:29:44",236.61452528223
109,"03/25/2023, 11:30:14",236.40000750281047
110,"03/25/2023, 11:30:44",236.55962231493783
111,"03/25/2023, 11:31:14",235.8956926176846
112,"03/25/2023, 11:31:44",236.1866217433352
113,"03/25/2023, 11:32:14",236.66414548978256
114,"03/25/2023, 11:32:44",236.98243176408388
115,"03/25/2023, 11:33:15",237.04374951105945
116,"03/25/2023, 11:33:45",237.24053231135375
117,"03/25/2023, 11:34:15",237.3884495840581
118,"03/25/2023, 11:34:45",237.35147026588191
119,"03/25/2023, 11:35:15",237.4110899829413
120,"03/25/2023, 11:35:45",237.62806047223987
121,"03/25/2023, 11:36:15",237.58964854125307
122,"03/25/2023, 11:36:45",238.24689804171723
123,"03/25/2023, 11:37:15",237.81616445296208
124,"03/25/2023, 11:37:45",237.66975654018324
125,"03/25/2023, 11:38:15",236.83508050135168
126,"03/25/2023, 11:38:46",236.90960514767585
127,"03/25/2023, 11:39:16",237.1507253957832
128,"03/25/2023, 11:39:46",237.27977566941817
129,"03/25/2023, 11:40:16",236.87319183947187
130,"03/25/2023, 11:40:46",236.9407356961405
131,"03/25/2023, 11:41:16",236.73301003638588
132,"03/25/2023, 11:41:46",236.7730080744132
133,"03/25/2023, 11:42:16",237.04167414116196
134,"03/25/2023, 11:42:46",237.04771158086425
135,"03/25/2023, 11:43:16",237.0531830105942
136,"03/25/2023, 11:43:46",237.32788651704516
137,"03/25/2023, 11:44:17",237.85616249098945
138,"03/25/2023, 11:44:47",237.24770177100015
139,"03/25/2023, 11:45:17",237.551460456018
140,"03/25/2023, 11:45:47",237.4352397417503
141,"03/25/2023, 11:46:17",237.6230335362166
142,"03/25/2023, 11:46:47",237.82691864243165
143,"03/25/2023, 11:47:17",237.59617524381252
144,"03/25/2023, 11:47:47",237.9787979849406
145,"03/25/2023, 11:48:17",237.858237860887
146,"03/25/2023, 11:48:47",237.70107575863852
147,"03/25/2023, 11:49:17",237.5222166074604
148,"03/25/2023, 11:49:48",237.2312874818097
149,"03/25/2023, 11:50:18",236.88734208877395
150,"03/25/2023, 11:50:48",237.15808352542027
151,"03/25/2023, 11:51:18",236.5616976848356
152,"03/25/2023, 11:51:48",236.46755135947905
153,"03/25/2023, 11:52:18",236.5884888235141
154,"03/25/2023, 11:52:48",236.3488779353323
155,"03/25/2023, 11:53:18",236.4198178518334
156,"03/25/2023, 11:53:48",236.5945262632163
157,"03/25/2023, 11:54:18",236.4833996386973
158,"03/25/2023, 11:54:48",236.30755920737025
159,"03/25/2023, 11:55:18",236.96167806510744
160,"03/25/2023, 11:55:48",237.64730481129067
161,"03/25/2023, 11:56:19",237.65776160569013
162,"03/25/2023, 11:56:49",237.90423622320827
163,"03/25/2023, 11:57:19",237.968587420868
164,"03/25/2023, 11:57:49",237.98653345455912
165,"03/25/2023, 11:58:19",237.853898451101
166,"03/25/2023, 11:58:49",237.4280702821039
167,"03/25/2023, 11:59:19",237.36901657501647
168,"03/25/2023, 11:59:49",237.30317074826425
169,"03/25/2023, 12:00:19",237.3622244553516
170,"03/25/2023, 12:00:49",237.3071328180688
171,"03/25/2023, 12:01:20",237.1492160358577
172,"03/25/2023, 12:01:50",236.86073962008595
173,"03/25/2023, 12:02:20",236.72565190674888
174,"03/25/2023, 12:02:50",237.12034952728143
175,"03/25/2023, 12:03:20",236.80583665279403
176,"03/25/2023, 12:03:50",237.49165206896788
177,"03/25/2023, 12:04:20",237.4122220028856
178,"03/25/2023, 12:04:50",237.30524611816196
179,"03/25/2023, 12:05:20",237.1033692281189
180,"03/25/2023, 12:05:50",237.47127570997293
181,"03/25/2023, 12:06:21",237.0784647893472
182,"03/25/2023, 12:06:51",236.5533706228733
183,"03/25/2023, 12:07:21",236.6499952404805
184,"03/25/2023, 12:07:51",236.8907381486065
185,"03/25/2023, 12:08:21",237.5576865657109
186,"03/25/2023, 12:08:51",236.98016772419552
187,"03/25/2023, 12:09:21",236.8986622882157
188,"03/25/2023, 12:09:51",236.8462120308025
189,"03/25/2023, 12:10:21",236.8037612828963
190,"03/25/2023, 12:10:51",236.9135672174804
191,"03/25/2023, 12:11:21",237.6818314195878
192,"03/25/2023, 12:11:51",237.5352348368183
193,"03/25/2023, 12:12:22",237.78692060440443
194,"03/25/2023, 12:12:52",237.68768018929927
195,"03/25/2023, 12:13:22",237.26411606019045
196,"03/25/2023, 12:13:52",237.73862108678665
197,"03/25/2023, 12:14:22",237.48504861929348
198,"03/25/2023, 12:14:52",237.47636979972168
199,"03/25/2023, 12:15:22",237.46335157036367
200,"03/25/2023, 12:15:52",238.0029477437496
201,"03/25/2023, 12:16:22",238.30368770891636
202,"03/25/2023, 12:16:52",238.3565153063107
203,"03/25/2023, 12:17:22",237.9183180606355
204,"03/25/2023, 12:17:53",237.8057876034739
205,"03/25/2023, 12:18:23",237.7320176371124
206,"03/25/2023, 12:18:53",237.69786836879663
207,"03/25/2023, 12:19:23",238.1974665041554
208,"03/25/2023, 12:19:53",237.92087629779743
209,"03/25/2023, 12:20:23",237.34128208638452
210,"03/25/2023, 12:20:53",237.1837426441548
211,"03/25/2023, 12:21:23",237.7886186343208
212,"03/25/2023, 12:21:53",237.1778938744432
213,"03/25/2023, 12:22:23",237.12336824713256
214,"03/25/2023, 12:22:53",237.0894076488075
215,"03/25/2023, 12:23:24",237.47259639990773
216,"03/25/2023, 12:23:54",237.66296442051828
217,"03/25/2023, 12:24:24",238.165581275728
218,"03/25/2023, 12:24:54",238.41745571330492
219,"03/25/2023, 12:25:24",237.98030734486625
220,"03/25/2023, 12:25:54",238.0504925814044
221,"03/25/2023, 12:26:24",238.62291733317105
222,"03/25/2023, 12:26:54",238.9078090191195
223,"03/25/2023, 12:27:24",238.7210928820576
224,"03/25/2023, 12:27:54",238.73517597763416
225,"03/25/2023, 12:28:24",238.0078531635076
226,"03/25/2023, 12:28:54",238.1048295387244
227,"03/25/2023, 12:29:25",238.0038910937029
228,"03/25/2023, 12:29:55",237.93785659696
229,"03/25/2023, 12:30:25",238.2210502529921
230,"03/25/2023, 12:30:55",238.11992313798
231,"03/25/2023, 12:31:25",237.8957831890351
232,"03/25/2023, 12:31:55",238.3023670189814
233,"03/25/2023, 12:32:25",238.3361389473157
234,"03/25/2023, 12:32:55",238.25746356119612
235,"03/25/2023, 12:33:25",237.9082354084209
236,"03/25/2023, 12:33:55",237.9818167047918
237,"03/25/2023, 12:34:25",237.93332851718324
238,"03/25/2023, 12:34:56",238.2440679918568
239,"03/25/2023, 12:35:26",238.0416250918419
240,"03/25/2023, 12:35:56",238.35104387658055
241,"03/25/2023, 12:36:26",238.3146305683766
242,"03/25/2023, 16:01:03",239.8057974396112
243,"03/25/2023, 16:01:33",238.13721673634956
244,"03/25/2023, 16:02:03",238.7283736134445
245,"03/25/2023, 16:02:33",238.3912846787913
246,"03/25/2023, 16:03:03",237.8354087920129
247,"03/25/2023, 16:03:34",238.61197447371077
248,"03/25/2023, 16:04:04",238.97516420579743
249,"03/25/2023, 16:04:34",238.90441295928704
250,"03/25/2023, 16:05:04",238.9545991768117
251,"03/25/2023, 16:05:34",238.8191341234932
252,"03/25/2023, 16:06:04",239.5055155496392
253,"03/25/2023, 16:06:34",239.32910910833996
254,"03/25/2023, 16:07:05",239.43061356333348
255,"03/25/2023, 16:07:35",239.39646429501772
256,"03/25/2023, 16:08:05",239.28137560069436
257,"03/25/2023, 16:08:35",239.1517593170873
258,"03/25/2023, 16:09:05",238.59235279467865
259,"03/25/2023, 16:09:35",238.5782025453766
260,"03/25/2023, 16:10:05",238.5979137627093
261,"03/25/2023, 16:10:36",238.40953157369572
262,"03/25/2023, 16:11:06",238.1669019656628
263,"03/25/2023, 16:11:36",238.13313003732853
264,"03/25/2023, 16:12:06",237.6371166317932
265,"03/25/2023, 16:12:36",236.94432042596364
266,"03/25/2023, 16:13:06",236.93752830629856
267,"03/25/2023, 16:13:36",237.45995551053124
268,"03/25/2023, 16:14:07",237.23279684173528
269,"03/25/2023, 16:14:37",237.1899687538477
270,"03/25/2023, 16:15:07",237.1492160358576
271,"03/25/2023, 16:15:37",236.44585431054907
272,"03/25/2023, 16:16:07",235.5798590532622
273,"03/25/2023, 16:16:37",235.54910584477904
274,"03/25/2023, 16:17:07",235.83607290062503
275,"03/25/2023, 16:17:38",235.8319221608298
276,"03/25/2023, 16:18:08",235.75702017452417
277,"03/25/2023, 16:18:38",235.6055181719966
278,"03/25/2023, 16:19:08",235.39628315231664
279,"03/25/2023, 16:19:38",235.47193981858516
280,"03/25/2023, 16:20:08",234.36463564320005
281,"03/25/2023, 16:20:38",234.1713320454461
282,"03/25/2023, 16:21:09",233.91352569544983
283,"03/25/2023, 16:21:39",234.5897189420984
284,"03/25/2023, 16:22:09",234.77914361275555
285,"03/25/2023, 16:22:39",234.81631160092223
286,"03/25/2023, 16:23:09",234.83932933978696
287,"03/25/2023, 16:23:39",235.27157228846764
288,"03/25/2023, 16:24:09",235.55174722464875
289,"03/25/2023, 16:24:40",235.83984630043892
290,"03/25/2023, 16:25:10",235.760227564366
291,"03/25/2023, 16:25:40",235.5762743234391
292,"03/25/2023, 16:26:10",235.3838309329308
293,"03/25/2023, 16:26:40",235.79437683268165
294,"03/25/2023, 16:27:10",235.8464497501133
295,"03/25/2023, 16:27:41",235.9502182449952
296,"03/25/2023, 16:28:11",235.75569948458931
297,"03/25/2023, 16:28:41",235.7566428345428
298,"03/25/2023, 16:29:11",236.15700055479616
299,"03/25/2023, 16:29:41",235.8932399078055
300,"03/25/2023, 16:30:11",235.9092768570144
301,"03/25/2023, 16:30:41",236.1943572129536
302,"03/25/2023, 16:31:12",235.7218156333791
303,"03/25/2023, 16:31:42",235.5574073243696
304,"03/25/2023, 16:32:12",235.9441808052929
305,"03/25/2023, 16:32:42",236.0432325504076
306,"03/25/2023, 16:33:12",236.24850550028304
307,"03/25/2023, 16:33:42",236.39963016282917
308,"03/25/2023, 16:34:13",236.1590759246939
309,"03/25/2023, 16:34:43",235.65174231971676
310,"03/25/2023, 16:35:13",236.12058724659207
311,"03/25/2023, 16:35:43",236.21926165172528
312,"03/25/2023, 16:36:13",236.513398167218
313,"03/25/2023, 16:36:44",236.4056676025313
314,"03/25/2023, 16:37:14",236.61282725231365
315,"03/25/2023, 16:37:44",236.49585185808328
316,"03/25/2023, 16:38:14",236.71999180702795
317,"03/25/2023, 16:38:44",236.6581080500804
318,"03/25/2023, 16:39:14",236.9594140252192
319,"03/25/2023, 16:39:44",237.012618962595
320,"03/25/2023, 16:40:15",237.5274993671997
321,"03/25/2023, 16:40:45",237.1646869750946
322,"03/25/2023, 16:41:15",237.03975546329048
323,"03/25/2023, 16:41:45",237.0529943406035
324,"03/25/2023, 16:42:15",235.6841935581161
325,"03/25/2023, 16:42:45",235.49193883759864
326,"03/25/2023, 16:43:16",235.5021270170962
327,"03/25/2023, 16:43:46",235.8817310383732
328,"03/25/2023, 16:44:16",235.7962635325885
329,"03/25/2023, 16:44:46",235.59853738234085
330,"03/25/2023, 16:45:16",235.5094851467332
331,"03/25/2023, 16:45:46",235.8764482786337
332,"03/25/2023, 16:46:16",236.05153402999807
333,"03/25/2023, 16:46:47",236.16492469440536
334,"03/25/2023, 16:47:17",235.9839901733295
335,"03/25/2023, 16:47:47",236.25435426999456
336,"03/25/2023, 16:48:17",236.54962280543117
337,"03/25/2023, 16:48:47",236.93300022652187
338,"03/25/2023, 16:49:17",237.4135426928204
339,"03/25/2023, 16:49:47",237.14902736586689
340,"03/25/2023, 16:50:18",237.05884311031505
341,"03/25/2023, 16:50:48",237.36109243540733
342,"03/25/2023, 16:51:18",237.415618062718
343,"03/25/2023, 16:51:48",237.16446952493584
344,"03/25/2023, 16:52:18",237.06771059987767
345,"03/25/2023, 16:52:48",237.32807518703592
346,"03/25/2023, 16:53:18",237.35033824593785
347,"03/25/2023, 16:53:48",237.18374264415468
348,"03/25/2023, 16:54:19",236.82621301178892
349,"03/25/2023, 16:54:49",237.02922192177607
350,"03/25/2023, 16:55:19",236.61452528223
351,"03/25/2023, 16:55:49",236.40000750281047
352,"03/25/2023, 16:56:19",236.55962231493783
353,"03/25/2023, 16:56:49",235.8956926176846
354,"03/25/2023, 16:57:20",236.1866217433352
355,"03/25/2023, 16:57:50",236.66414548978256
356,"03/25/2023, 16:58:20",236.98243176408388
357,"03/25/2023, 16:58:50",237.04374951105945
358,"03/25/2023, 16:59:20",237.24053231135375
359,"03/25/2023, 16:59:50",237.3884495840581
360,"03/25/2023, 17:00:21",237.35147026588191
361,"03/25/2023, 17:00:51",237.4110899829413
362,"03/25/2023, 17:01:21",237.62806047223987
363,"03/25/2023, 17:01:51",237.58964854125307
364,"03/25/2023, 17:02:21",238.24689804171723
365,"03/25/2023, 17:02:51",237.81616445296208
366,"03/25/2023, 17:03:21",237.66975654018324
367,"03/25/2023, 17:03:52",236.83508050135168
368,"03/25/2023, 17:04:22",236.90960514767585
369,"03/25/2023, 17:04:52",237.1507253957832
370,"03/25/2023, 17:05:22",237.27977566941817
371,"03/25/2023, 17:05:52",236.87319183947187
372,"03/25/2023, 17:06:22",236.9407356961405
373,"03/25/2023, 17:06:53",236.73301003638588
374,"03/25/2023, 17:07:23",236.7730080744132
375,"03/25/2023, 17:07:53",237.04167414116196
376,"03/25/2023, 17:08:23",237.04771158086425
377,"03/25/2023, 17:08:53",237.0531830105942
378,"03/25/2023, 17:09:23",237.32788651704516
379,"03/25/2023, 17:09:53",237.85616249098945
380,"03/25/2023, 17:10:24",237.24770177100015
381,"03/25/2023, 17:10:54",237.551460456018
382,"03/25/2023, 17:11:24",237.4352397417503
383,"03/25/2023, 17:11:54",237.6230335362166
384,"03/25/2023, 17:12:24",237.82691864243165
385,"03/25/2023, 17:12:54",237.59617524381252
386,"03/25/2023, 17:13:25",237.9787979849406
387,"03/25/2023, 17:13:55",237.858237860887
388,"03/25/2023, 17:14:25",237.70107575863852
389,"03/25/2023, 17:14:55",237.5222166074604
390,"03/25/2023, 17:15:25",237.2312874818097
391,"03/25/2023, 17:15:55",236.88734208877395
392,"03/25/2023, 17:16:25",237.15808352542027
393,"03/25/2023, 17:16:56",236.5616976848356
394,"03/25/2023, 17:17:26",236.46755135947905
395,"03/25/2023, 17:17:56",236.5884888235141
396,"03/25/2023, 17:18:26",236.3488779353323
397,"03/25/2023, 17:18:56",236.4198178518334
398,"03/25/2023, 17:19:26",236.5945262632163
399,"03/25/2023, 17:19:56",236.4833996386973
400,"03/25/2023, 17:20:26",236.30755920737025
401,"03/25/2023, 17:20:56",236.96167806510744
402,"03/25/2023, 17:21:27",237.64730481129067
403,"03/25/2023, 17:21:57",237.65776160569013
404,"03/25/2023, 17:22:27",237.90423622320827
405,"03/25/2023, 17:22:57",237.968587420868
406,"03/25/2023, 17:23:27",237.98653345455912
407,"03/25/2023, 17:23:57",237.853898451101
408,"03/25/2023, 17:24:27",237.4280702821039
409,"03/25/2023, 17:24:57",237.36901657501647
410,"03/25/2023, 17:25:27",237.30317074826425
411,"03/25/2023, 17:25:57",237.3622244553516
412,"03/25/2023, 17:26:27",237.3071328180688
413,"03/25/2023, 17:26:58",237.1492160358577
414,"03/25/2023, 17:27:28",236.86073962008595
415,"03/25/2023, 17:27:58",236.72565190674888
416,"03/25/2023, 17:28:28",237.12034952728143
417,"03/25/2023, 17:28:58",236.80583665279403
418,"03/25/2023, 17:29:28",237.49165206896788
419,"03/25/2023, 17:29:58",237.4122220028856
420,"03/25/2023, 17:30:28",237.30524611816196
421,"03/25/2023, 17:30:58",237.1033692281189
422,"03/25/2023, 17:31:28",237.47127570997293
423,"03/25/2023, 17:31:59",237.0784647893472
424,"03/25/2023, 17:32:29",236.5533706228733
425,"03/25/2023, 17:32:59",236.6499952404805
426,"03/25/2023, 17:33:29",236.8907381486065
427,"03/25/2023, 17:33:59",237.5576865657109
428,"03/25/2023, 17:34:29",236.98016772419552
429,"03/25/2023, 17:34:59",236.8986622882157
430,"03/25/2023, 17:35:29",236.8462120308025
431,"03/25/2023, 17:35:59",236.8037612828963
432,"03/25/2023, 17:36:29",236.9135672174804
433,"03/25/2023, 17:36:59",237.6818314195878
434,"03/25/2023, 17:37:29",237.5352348368183
435,"03/25/2023, 17:38:00",237.78692060440443
436,"03/25/2023, 17:38:30",237.68768018929927
437,"03/25/2023, 17:39:00",237.26411606019045
438,"03/25/2023, 17:39:30",237.73862108678665
439,"03/25/2023, 17:40:00",237.48504861929348
440,"03/25/2023, 17:40:30",237.47636979972168
441,"03/25/2023, 17:41:00",237.46335157036367
442,"03/25/2023, 17:41:30",238.0029477437496
443,"03/25/2023, 17:42:00",238.30368770891636
444,"03/25/2023, 17:42:30",238.3565153063107
445,"03/25/2023, 17:43:00",237.9183180606355
446,"03/25/2023, 17:43:30",237.8057876034739
447,"03/25/2023, 17:44:01",237.7320176371124
448,"03/25/2023, 17:44:31",237.69786836879663
449,"03/25/2023, 17:45:01",238.1974665041554
450,"03/25/2023, 17:45:31",237.92087629779743
451,"03/25/2023, 17:46:01",237.34128208638452
452,"03/25/2023, 17:46:31",237.1837426441548
453,"03/25/2023, 17:47:01",237.7886186343208
454,"03/25/2023, 17:47:31",237.1778938744432
455,"03/25/2023, 17:48:01",237.12336824713256
456,"03/25/2023, 17:48:31",237.0894076488075
457,"03/25/2023, 17:49:01",237.47259639990773
458,"03/25/2023, 17:49:32",237.66296442051828
459,"03/25/2023, 17:50:02",238.165581275728
460,"03/25/2023, 17:50:32",238.41745571330492
461,"03/25/2023, 17:51:02",237.98030734486625
462,"03/25/2023, 17:51:32",238.0504925814044
463,"03/25/2023, 17:52:02",238.62291733317105
464,"03/25/2023, 17:52:32",238.9078090191195
465,"03/25/2023, 17:53:02",238.7210928820576
466,"03/25/2023, 17:53:32",238.73517597763416
467,"03/25/2023, 17:54:02",238.0078531635076
468,"03/25/2023, 17:54:32",238.1048295387244
469,"03/25/2023, 17:55:03",238.0038910937029
470,"03/25/2023, 17:55:33",237.93785659696
471,"03/25/2023, 17:56:03",238.2210502529921
472,"03/25/2023, 17:56:33",238.11992313798
473,"03/25/2023, 17:57:03",237.8957831890351
474,"03/25/2023, 17:57:33",238.3023670189814
475,"03/25/2023, 17:58:03",238.3361389473157
476,"03/25/2023, 17:58:33",238.25746356119612
477,"03/25/2023, 17:59:03",237.9082354084209
478,"03/25/2023, 17:59:33",237.9818167047918
479,"03/25/2023, 18:00:03",237.93332851718324
480,"03/25/2023, 18:00:34",238.2440679918568
481,"03/25/2023, 18:01:04",238.0416250918419
482,"03/25/2023, 18:01:34",238.35104387658055
483,"03/25/2023, 18:02:04",238.3146305683766
484,"03/25/2023, 18:02:34",238.23916257209876
485,"03/25/2023, 18:03:04",238.46009513120188
486,"03/25/2023, 18:03:34",238.55915646970573
487,"03/25/2023, 18:04:04",238.36726949578025
488,"03/25/2023, 18:04:34",238.5517887466793
489,"03/25/2023, 18:05:04",238.6474444319613
490,"03/25/2023, 18:05:34",238.41802172327704
491,"03/25/2023, 18:06:04",238.1299226474869
492,"03/25/2023, 18:06:35",237.8797462398261
493,"03/25/2023, 18:07:05",237.48599196924715
494,"03/25/2023, 18:07:35",236.92168002708036
495,"03/25/2023, 18:08:05",237.51860713403173
496,"03/25/2023, 18:08:35",237.53112886617336
497,"03/25/2023, 18:09:05",237.2741155696973
498,"03/25/2023, 18:09:35",237.5399515865856
499,"03/25/2023, 18:10:05",237.75597872593048
500,"03/25/2023, 18:10:35",237.70881122825708
501,"03/25/2023, 18:11:05",237.7693742952699
502,"03/25/2023, 18:11:35",237.82239056265496
503,"03/25/2023, 18:12:06",237.9503088163458
504,"03/25/2023, 18:12:36",238.57065574574875
505,"03/25/2023, 18:13:06",238.142186196882
506,"03/25/2023, 18:13:36",238.3016698993548
507,"03/25/2023, 18:14:06",238.4665099108855
508,"03/25/2023, 18:14:36",238.30878179866517
509,"03/25/2023, 18:15:06",238.4448128619555
510,"03/25/2023, 18:15:36",238.61518186355252
511,"03/25/2023, 18:16:06",237.5550451858412
512,"03/25/2023, 18:16:36",237.2990200084689
513,"03/25/2023, 18:17:06",237.7244708374847
514,"03/25/2023, 18:17:37",237.70522649843383
515,"03/27/2023, 13:16:07",239.8057974396112
516,"03/27/2023, 13:16:37",238.13721673634956
517,"03/27/2023, 13:17:07",238.7283736134445
518,"03/27/2023, 13:17:38",238.3912846787913
519,"03/27/2023, 13:18:08",237.8354087920129
520,"03/27/2023, 13:18:38",238.61197447371077
521,"03/27/2023, 13:19:08",238.97516420579743
522,"03/27/2023, 13:19:38",238.90441295928704
523,"03/27/2023, 13:20:08",238.9545991768117
524,"03/27/2023, 13:20:38",238.8191341234932
525,"03/27/2023, 13:21:09",239.5055155496392
526,"03/27/2023, 13:21:39",239.32910910833996
527,"03/27/2023, 13:22:09",239.43061356333348
528,"03/27/2023, 13:22:39",239.39646429501772
529,"03/27/2023, 13:23:09",239.28137560069436
530,"03/27/2023, 13:23:39",239.1517593170873
531,"03/27/2023, 13:24:10",238.59235279467865
532,"03/27/2023, 13:24:40",238.5782025453766
533,"03/27/2023, 13:25:10",238.5979137627093
534,"03/27/2023, 13:25:40",238.40953157369572
535,"03/27/2023, 13:26:10",238.1669019656628
536,"03/27/2023, 13:26:40",238.13313003732853
537,"03/27/2023, 13:27:11",237.6371166317932
538,"03/27/2023, 13:27:41",236.94432042596364
539,"03/27/2023, 13:28:11",236.93752830629856
540,"03/27/2023, 13:28:41",237.45995551053124
541,"03/27/2023, 13:29:11",237.23279684173528
542,"03/27/2023, 13:29:41",237.1899687538477
543,"03/27/2023, 13:30:11",237.1492160358576
544,"03/27/2023, 13:30:42",236.44585431054907
545,"03/27/2023, 13:31:12",235.5798590532622
546,"03/27/2023, 13:31:42",235.54910584477904
547,"03/27/2023, 13:32:12",235.83607290062503
548,"03/27/2023, 13:32:42",235.8319221608298
549,"03/27/2023, 13:33:12",235.75702017452417
550,"03/27/2023, 13:33:42",235.6055181719966
551,"03/27/2023, 13:34:13",235.39628315231664
552,"03/27/2023, 13:34:43",235.47193981858516
553,"03/27/2023, 13:35:13",234.36463564320005
554,"03/27/2023, 13:35:43",234.1713320454461
555,"03/27/2023, 13:36:13",233.91352569544983
556,"03/27/2023, 13:36:43",234.5897189420984
557,"03/27/2023, 13:37:13",234.77914361275555
558,"03/27/2023, 13:37:43",234.81631160092223
559,"03/27/2023, 13:38:13",234.83932933978696
560,"03/27/2023, 13:38:43",235.27157228846764
561,"03/27/2023, 13:39:14",235.55174722464875
562,"03/27/2023, 13:39:44",235.83984630043892
563,"03/27/2023, 13:40:14",235.760227564366
564,"03/27/2023, 13:40:44",235.5762743234391
565,"03/27/2023, 13:41:14",235.3838309329308
566,"03/27/2023, 13:41:44",235.79437683268165
567,"03/27/2023, 13:42:14",235.8464497501133
568,"03/27/2023, 13:42:44",235.9502182449952
569,"03/27/2023, 13:43:14",235.75569948458931
570,"03/27/2023, 13:43:44",235.7566428345428
571,"03/27/2023, 13:44:14",236.15700055479616
572,"03/27/2023, 13:44:44",235.8932399078055
573,"03/27/2023, 13:45:15",235.9092768570144
574,"03/27/2023, 13:45:45",236.1943572129536
575,"03/27/2023, 13:46:15",235.7218156333791
576,"03/27/2023, 13:46:45",235.5574073243696
577,"03/27/2023, 13:47:15",235.9441808052929
578,"03/27/2023, 13:47:45",236.0432325504076
579,"03/27/2023, 13:48:15",236.24850550028304
580,"03/27/2023, 13:48:45",236.39963016282917
581,"03/27/2023, 13:49:15",236.1590759246939
582,"03/27/2023, 13:49:45",235.65174231971676
583,"03/27/2023, 13:50:15",236.12058724659207
584,"03/27/2023, 13:50:46",236.21926165172528
585,"03/27/2023, 13:51:16",236.513398167218
586,"03/27/2023, 13:51:46",236.4056676025313
587,"03/27/2023, 13:52:16",236.61282725231365
588,"03/27/2023, 13:52:46",236.49585185808328
589,"03/27/2023, 13:53:16",236.71999180702795
590,"03/27/2023, 13:53:46",236.6581080500804
591,"03/27/2023, 13:54:16",236.9594140252192
592,"03/27/2023, 13:54:46",237.012618962595
593,"03/27/2023, 13:55:16",237.5274993671997
594,"03/27/2023, 13:55:46",237.1646869750946
595,"03/27/2023, 13:56:17",237.03975546329048
596,"03/27/2023, 13:56:47",237.0529943406035
597,"03/27/2023, 13:57:17",235.6841935581161
598,"03/27/2023, 13:57:47",235.49193883759864
599,"03/27/2023, 13:58:17",235.5021270170962
600,"03/27/2023, 13:58:47",235.8817310383732
601,"03/27/2023, 13:59:17",235.7962635325885
602,"03/27/2023, 13:59:47",235.59853738234085
603,"03/27/2023, 14:00:17",235.5094851467332
604,"03/27/2023, 14:00:47",235.8764482786337
605,"03/27/2023, 14:01:17",236.05153402999807
606,"03/27/2023, 14:01:48",236.16492469440536
607,"03/27/2023, 14:02:18",235.9839901733295
608,"03/27/2023, 14:02:48",236.25435426999456
609,"03/27/2023, 14:03:18",236.54962280543117
610,"03/27/2023, 14:03:48",236.93300022652187
611,"03/27/2023, 14:04:18",237.4135426928204
612,"03/27/2023, 14:04:48",237.14902736586689
613,"03/27/2023, 14:05:18",237.05884311031505
614,"03/27/2023, 14:05:48",237.36109243540733
615,"03/27/2023, 14:06:18",237.415618062718
616,"03/27/2023, 14:06:48",237.16446952493584
617,"03/27/2023, 14:07:18",237.06771059987767
618,"03/27/2023, 14:07:49",237.32807518703592
619,"03/27/2023, 14:08:19",237.35033824593785
620,"03/27/2023, 14:08:49",237.18374264415468
621,"03/27/2023, 14:09:19",236.82621301178892
622,"03/27/2023, 14:09:49",237.02922192177607
623,"03/27/2023, 14:10:19",236.61452528223
624,"03/27/2023, 14:10:49",236.40000750281047
625,"03/27/2023, 14:11:19",236.55962231493783
626,"03/27/2023, 14:11:49",235.8956926176846
627,"03/27/2023, 14:12:19",236.1866217433352
628,"03/27/2023, 14:12:49",236.66414548978256
629,"03/27/2023, 14:13:19",236.98243176408388
630,"03/27/2023, 14:13:50",237.04374951105945
631,"03/27/2023, 14:14:20",237.24053231135375
632,"03/27/2023, 14:14:50",237.3884495840581
633,"03/27/2023, 14:15:20",237.35147026588191
634,"03/27/2023, 14:15:50",237.4110899829413
635,"03/27/2023, 14:16:20",237.62806047223987
636,"03/27/2023, 14:16:50",237.58964854125307
637,"03/27/2023, 14:17:20",238.24689804171723
638,"03/27/2023, 14:17:50",237.81616445296208
639,"03/27/2023, 14:18:21",237.66975654018324
640,"03/27/2023, 14:18:51",236.83508050135168
641,"03/27/2023, 14:19:21",236.90960514767585
642,"03/27/2023, 14:19:51",237.1507253957832
643,"03/27/2023, 14:20:21",237.27977566941817
644,"03/27/2023, 14:20:51",236.87319183947187
645,"03/27/2023, 14:21:21",236.9407356961405
646,"03/27/2023, 14:21:51",236.73301003638588
647,"03/27/2023, 14:22:21",236.7730080744132
648,"03/27/2023, 14:22:51",237.04167414116196
649,"03/27/2023, 14:23:21",237.04771158086425
650,"03/27/2023, 14:23:51",237.0531830105942
651,"03/27/2023, 14:24:21",237.32788651704516
652,"03/27/2023, 14:24:52",237.85616249098945
653,"03/27/2023, 14:25:22",237.24770177100015
654,"03/27/2023, 14:25:52",237.551460456018
655,"03/27/2023, 14:26:22",237.4352397417503
656,"03/27/2023, 14:26:52",237.6230335362166
657,"03/27/2023, 14:27:22",237.82691864243165
658,"03/27/2023, 14:27:52",237.59617524381252
659,"03/27/2023, 14:28:22",237.9787979849406
660,"03/27/2023, 14:28:52",237.858237860887
661,"03/27/2023, 14:29:22",237.70107575863852
662,"03/27/2023, 14:29:52",237.5222166074604
663,"03/27/2023, 14:30:22",237.2312874818097
664,"03/27/2023, 14:30:53",236.88734208877395
665,"03/27/2023, 14:31:23",237.15808352542027
666,"03/27/2023, 14:31:53",236.5616976848356
667,"03/27/2023, 14:32:23",236.46755135947905
668,"03/27/2023, 14:32:53",236.5884888235141
669,"03/27/2023, 14:33:24",239.8057974396112
670,"03/27/2023, 14:33:55",238.13721673634956
671,"03/27/2023, 14:34:25",238.7283736134445
672,"03/27/2023, 14:34:55",238.3912846787913
673,"03/27/2023, 14:35:25",237.8354087920129
674,"03/27/2023, 14:35:55",238.61197447371077
675,"03/27/2023, 14:36:25",238.97516420579743
676,"03/27/2023, 14:36:55",238.90441295928704
677,"03/27/2023, 14:37:25",238.9545991768117
678,"03/27/2023, 14:37:55",238.8191341234932
679,"03/27/2023, 14:38:25",239.5055155496392
680,"03/27/2023, 14:38:56",239.32910910833996
681,"03/27/2023, 14:39:26",239.43061356333348
682,"03/27/2023, 14:39:56",239.39646429501772
683,"03/27/2023, 14:40:26",239.28137560069436
684,"03/27/2023, 14:40:56",239.1517593170873
685,"03/27/2023, 14:41:26",238.59235279467865
686,"03/27/2023, 14:41:56",238.5782025453766
687,"03/27/2023, 14:42:26",238.5979137627093
688,"03/27/2023, 14:42:56",238.40953157369572
689,"03/27/2023, 14:43:26",238.1669019656628
690,"03/27/2023, 14:43:56",238.13313003732853
691,"03/27/2023, 14:44:26",237.6371166317932
692,"03/27/2023, 14:44:57",236.94432042596364
693,"03/27/2023, 14:45:27",236.93752830629856
694,"03/27/2023, 14:45:57",237.45995551053124
695,"03/27/2023, 14:46:27",237.23279684173528
696,"03/27/2023, 14:46:57",237.1899687538477
697,"03/27/2023, 14:47:27",237.1492160358576
698,"03/27/2023, 14:47:57",236.44585431054907
699,"03/27/2023, 14:48:27",235.5798590532622
700,"03/27/2023, 14:48:57",235.54910584477904
701,"03/27/2023, 14:49:27",235.83607290062503
702,"03/27/2023, 14:49:58",235.8319221608298
703,"03/27/2023, 14:50:28",235.75702017452417
704,"03/27/2023, 14:50:58",235.6055181719966
705,"03/27/2023, 14:51:28",235.39628315231664
706,"03/27/2023, 14:51:58",235.47193981858516
707,"03/27/2023, 14:52:28",234.36463564320005
708,"03/27/2023, 14:52:58",234.1713320454461
709,"03/27/2023, 14:53:28",233.91352569544983
710,"03/27/2023, 14:53:58",234.5897189420984
711,"03/27/2023, 14:54:28",234.77914361275555
712,"03/27/2023, 14:54:58",234.81631160092223
713,"03/27/2023, 14:55:29",234.83932933978696
714,"03/27/2023, 14:55:59",235.27157228846764
715,"03/27/2023, 14:56:29",235.55174722464875
716,"03/27/2023, 14:56:59",235.83984630043892
717,"03/27/2023, 14:57:29",235.760227564366
718,"03/27/2023, 14:57:59",235.5762743234391
719,"03/27/2023, 14:58:29",235.3838309329308
720,"03/27/2023, 14:58:59",235.79437683268165
721,"03/27/2023, 14:59:29",235.8464497501133
722,"03/27/2023, 14:59:59",235.9502182449952
723,"03/27/2023, 15:00:29",235.75569948458931
724,"03/27/2023, 15:00:59",235.7566428345428
725,"03/27/2023, 15:01:30",236.15700055479616
726,"03/27/2023, 15:02:00",235.8932399078055
727,"03/27/2023, 15:02:30",235.9092768570144
728,"03/27/2023, 15:03:00",236.1943572129536
729,"03/27/2023, 15:03:30",235.7218156333791
730,"03/27/2023, 15:04:00",235.5574073243696
731,"03/27/2023, 15:04:30",235.9441808052929
732,"03/27/2023, 15:05:00",236.0432325504076
733,"03/27/2023, 15:05:30",236.24850550028304
734,"03/27/2023, 15:06:00",236.39963016282917
735,"03/27/2023, 15:06:31",236.1590759246939
736,"03/27/2023, 15:07:01",235.65174231971676
737,"03/27/2023, 15:07:31",236.12058724659207
738,"03/27/2023, 15:17:30",239.8057974396112
739,"03/27/2023, 15:18:00",238.13721673634956
740,"03/27/2023, 15:18:30",238.7283736134445
741,"03/27/2023, 15:19:00",238.3912846787913
742,"03/27/2023, 15:19:31",237.8354087920129
743,"03/27/2023, 15:20:01",238.61197447371077
744,"03/27/2023, 15:20:31",238.97516420579743
745,"03/27/2023, 15:21:01",238.90441295928704
746,"03/27/2023, 15:21:31",238.9545991768117
747,"03/27/2023, 15:22:01",238.8191341234932
748,"03/27/2023, 15:22:31",239.5055155496392
749,"03/27/2023, 15:23:02",239.32910910833996
750,"03/27/2023, 15:23:32",239.43061356333348
751,"03/27/2023, 15:24:02",239.39646429501772
752,"03/27/2023, 15:24:32",239.28137560069436
753,"03/27/2023, 15:25:02",239.1517593170873
754,"03/27/2023, 15:25:32",238.59235279467865
755,"03/27/2023, 15:26:03",238.5782025453766
756,"03/27/2023, 15:26:33",238.5979137627093
757,"03/27/2023, 15:27:03",238.40953157369572
758,"03/27/2023, 15:27:33",238.1669019656628
759,"03/27/2023, 15:28:03",238.13313003732853
760,"03/27/2023, 15:28:33",237.6371166317932
761,"03/27/2023, 15:29:04",236.94432042596364
762,"03/27/2023, 15:29:34",236.93752830629856
763,"03/27/2023, 15:30:04",237.45995551053124
764,"03/27/2023, 15:30:34",237.23279684173528
765,"03/27/2023, 15:31:04",237.1899687538477
766,"03/27/2023, 15:31:34",237.1492160358576
767,"03/27/2023, 15:32:04",236.44585431054907
768,"03/27/2023, 15:32:35",235.5798590532622
769,"03/27/2023, 15:33:05",235.54910584477904
770,"03/27/2023, 15:33:35",235.83607290062503
771,"03/27/2023, 15:34:05",235.8319221608298
772,"03/27/2023, 15:34:35",235.75702017452417
773,"03/27/2023, 15:35:05",235.6055181719966
774,"03/27/2023, 15:35:36",235.39628315231664
775,"03/27/2023, 15:36:06",235.47193981858516
776,"03/27/2023, 15:36:36",234.36463564320005
777,"03/27/2023, 15:37:06",234.1713320454461
778,"03/27/2023, 15:37:36",233.91352569544983
779,"03/27/2023, 15:38:06",234.5897189420984
780,"03/27/2023, 15:38:36",234.77914361275555
781,"03/27/2023, 15:39:07",234.81631160092223
782,"03/27/2023, 15:39:37",234.83932933978696
783,"03/27/2023, 15:40:07",235.27157228846764
784,"03/27/2023, 15:40:37",235.55174722464875
785,"03/27/2023, 15:41:07",235.83984630043892
786,"03/27/2023, 15:41:37",235.760227564366
787,"03/27/2023, 15:42:08",235.5762743234391
788,"03/27/2023, 15:42:38",235.3838309329308
789,"03/27/2023, 15:43:08",235.79437683268165
790,"03/27/2023, 15:43:38",235.8464497501133
791,"03/27/2023, 15:44:08",235.9502182449952
792,"03/27/2023, 15:44:38",235.75569948458931
793,"03/27/2023, 15:45:08",235.7566428345428
794,"03/27/2023, 15:45:39",236.15700055479616
795,"03/27/2023, 15:46:09",235.8932399078055
796,"03/27/2023, 15:46:39",235.9092768570144
797,"03/27/2023, 15:47:09",236.1943572129536
798,"03/27/2023, 15:47:39",235.7218156333791
799,"03/27/2023, 15:48:09",235.5574073243696
800,"03/27/2023, 15:48:40",235.9441808052929
801,"03/27/2023, 15:49:10",236.0432325504076
802,"03/27/2023, 15:49:40",236.24850550028304
803,"03/27/2023, 15:50:10",236.39963016282917
804,"03/27/2023, 15:50:40",236.1590759246939
805,"03/27/2023, 15:51:10",235.65174231971676
806,"03/27/2023, 15:51:40",236.12058724659207
807,"03/27/2023, 15:52:11",236.21926165172528
808,"03/27/2023, 15:52:41",236.513398167218
809,"03/27/2023, 15:53:11",236.4056676025313
810,"03/27/2023, 15:53:41",236.61282725231365
811,"03/27/2023, 15:54:11",236.49585185808328
812,"03/27/2023, 15:54:41",236.71999180702795
813,"03/27/2023, 15:55:12",236.6581080500804
814,"03/27/2023, 15:55:42",236.9594140252192
815,"03/27/2023, 15:56:12",237.012618962595
816,"03/27/2023, 15:56:42",237.5274993671997
817,"03/27/2023, 15:57:12",237.1646869750946
818,"03/27/2023, 15:57:42",237.03975546329048
819,"03/27/2023, 15:58:13",237.0529943406035
820,"03/27/2023, 15:58:43",235.6841935581161
821,"03/27/2023, 15:59:13",235.49193883759864
822,"03/27/2023, 15:59:43",235.5021270170962
823,"03/27/2023, 16:00:13",235.8817310383732
824,"03/27/2023, 16:00:43",235.7962635325885
825,"03/27/2023, 16:01:14",235.59853738234085
826,"03/27/2023, 16:01:44",235.5094851467332
827,"03/27/2023, 16:02:14",235.8764482786337
828,"03/27/2023, 16:02:44",236.05153402999807
829,"03/27/2023, 16:03:14",236.16492469440536
830,"03/27/2023, 16:03:44",235.9839901733295
831,"03/27/2023, 16:04:14",236.25435426999456
832,"03/27/2023, 16:04:45",236.54962280543117
833,"03/27/2023, 16:05:15",236.93300022652187
834,"03/27/2023, 16:05:45",237.4135426928204
835,"03/27/2023, 16:06:15",237.14902736586689
836,"03/27/2023, 16:06:45",237.05884311031505
837,"03/27/2023, 16:07:15",237.36109243540733
838,"03/27/2023, 16:07:46",237.415618062718
839,"03/27/2023, 16:08:16",237.16446952493584
840,"03/27/2023, 16:08:46",237.06771059987767
841,"03/27/2023, 16:09:16",237.32807518703592
842,"03/27/2023, 16:09:46",237.35033824593785
843,"03/27/2023, 16:10:16",237.18374264415468
844,"03/27/2023, 16:10:47",236.82621301178892
845,"03/27/2023, 16:11:17",237.02922192177607
846,"03/27/2023, 16:11:47",236.61452528223
847,"03/27/2023, 16:12:17",236.40000750281047
848,"03/27/2023, 16:12:47",236.55962231493783
849,"03/27/2023, 16:13:17",235.8956926176846
850,"03/27/2023, 16:13:47",236.1866217433352
851,"03/27/2023, 16:14:18",236.66414548978256
852,"03/27/2023, 16:14:48",236.98243176408388
853,"03/27/2023, 16:15:18",237.04374951105945
854,"03/27/2023, 16:15:48",237.24053231135375
855,"03/27/2023, 16:16:18",237.3884495840581
856,"03/27/2023, 16:16:48",237.35147026588191
857,"03/27/2023, 16:17:19",237.4110899829413
858,"03/27/2023, 16:17:49",237.62806047223987
859,"03/27/2023, 16:18:19",237.58964854125307
860,"03/27/2023, 16:18:49",238.24689804171723
861,"03/27/2023, 16:19:19",237.81616445296208
862,"03/27/2023, 16:19:49",237.66975654018324
863,"03/27/2023, 16:20:19",236.83508050135168
864,"03/27/2023, 16:20:49",236.90960514767585
865,"03/27/2023, 16:21:19",237.1507253957832
866,"03/27/2023, 16:21:49",237.27977566941817
867,"03/27/2023, 16:22:19",236.87319183947187
868,"03/27/2023, 16:22:50",236.9407356961405
869,"03/27/2023, 16:23:20",236.73301003638588
870,"03/27/2023, 16:23:50",236.7730080744132
871,"03/27/2023, 16:24:20",237.04167414116196
872,"03/27/2023, 16:24:50",237.04771158086425
873,"03/27/2023, 16:25:20",237.0531830105942
874,"03/27/2023, 16:25:50",237.32788651704516
875,"03/27/2023, 16:26:20",237.85616249098945
876,"03/27/2023, 16:26:50",237.24770177100015
877,"03/27/2023, 16:27:20",237.551460456018
878,"03/27/2023, 16:27:50",237.4352397417503
879,"03/27/2023, 16:28:20",237.6230335362166
880,"03/27/2023, 16:28:51",237.82691864243165
881,"03/27/2023, 16:29:21",237.59617524381252
882,"03/27/2023, 16:29:51",237.9787979849406
883,"03/27/2023, 16:30:21",237.858237860887
884,"03/27/2023, 16:30:51",237.70107575863852
885,"03/27/2023, 16:31:21",237.5222166074604
886,"03/27/2023, 16:31:51",237.2312874818097
887,"03/27/2023, 16:32:21",236.88734208877395
888,"03/27/2023, 16:32:51",237.15808352542027
889,"03/27/2023, 16:33:21",236.5616976848356
890,"03/27/2023, 16:33:51",236.46755135947905
891,"03/27/2023, 16:34:21",236.5884888235141
892,"03/27/2023, 16:34:52",236.3488779353323
893,"03/27/2023, 16:35:22",236.4198178518334
894,"03/27/2023, 16:35:52",236.5945262632163
895,"03/27/2023, 16:36:22",236.4833996386973
896,"03/27/2023, 16:36:52",236.30755920737025
897,"03/27/2023, 16:37:22",236.96167806510744
898,"03/27/2023, 16:37:52",237.64730481129067
899,"03/27/2023, 16:38:22",237.65776160569013
900,"03/27/2023, 16:38:52",237.90423622320827
901,"03/27/2023, 16:39:23",237.968587420868
902,"03/27/2023, 16:39:53",237.98653345455912
903,"03/27/2023, 16:40:23",237.853898451101
904,"03/27/2023, 16:40:53",237.4280702821039
905,"03/27/2023, 16:41:23",237.36901657501647
906,"03/27/2023, 16:41:53",237.30317074826425
907,"03/27/2023, 16:42:23",237.3622244553516
908,"03/27/2023, 16:42:53",237.3071328180688
909,"03/27/2023, 16:43:23",237.1492160358577
910,"03/27/2023, 16:43:53",236.86073962008595
911,"03/27/2023, 16:44:23",236.72565190674888
912,"03/27/2023, 16:44:54",237.12034952728143
913,"03/27/2023, 16:45:24",236.80583665279403
914,"03/27/2023, 16:45:54",237.49165206896788
915,"03/27/2023, 16:46:24",237.4122220028856
916,"03/27/2023, 16:46:54",237.30524611816196
917,"03/27/2023, 16:47:24",237.1033692281189
918,"03/27/2023, 16:47:54",237.47127570997293
919,"03/27/2023, 16:48:24",237.0784647893472
920,"03/27/2023, 16:48:54",236.5533706228733
921,"03/27/2023, 16:49:24",236.6499952404805
922,"03/27/2023, 16:49:54",236.8907381486065
923,"03/27/2023, 16:50:25",237.5576865657109
924,"03/27/2023, 16:50:55",236.98016772419552
925,"03/27/2023, 16:51:25",236.8986622882157
926,"03/27/2023, 16:51:55",236.8462120308025
927,"03/27/2023, 16:52:25",236.8037612828963
928,"03/27/2023, 16:52:55",236.9135672174804
929,"03/27/2023, 16:53:25",237.6818314195878
930,"03/27/2023, 16:53:55",237.5352348368183
931,"03/27/2023, 16:54:25",237.78692060440443
932,"03/27/2023, 16:54:55",237.68768018929927
933,"03/27/2023, 16:55:25",237.26411606019045
934,"03/27/2023, 16:55:55",237.73862108678665
935,"03/27/2023, 16:56:25",237.48504861929348
936,"03/27/2023, 16:56:56",237.47636979972168
937,"03/27/2023, 16:57:26",237.46335157036367
938,"03/27/2023, 16:57:56",238.0029477437496
939,"03/27/2023, 16:58:26",238.30368770891636
940,"03/27/2023, 16:58:56",238.3565153063107
941,"03/27/2023, 16:59:26",237.9183180606355
942,"03/27/2023, 16:59:56",237.8057876034739
943,"03/27/2023, 17:00:26",237.7320176371124
944,"03/27/2023, 17:00:56",237.69786836879663
945,"03/27/2023, 17:01:26",238.1974665041554
946,"03/27/2023, 17:01:56",237.92087629779743
947,"03/27/2023, 17:02:27",237.34128208638452
948,"03/27/2023, 17:02:57",237.1837426441548
949,"03/27/2023, 17:03:27",237.7886186343208
950,"03/27/2023, 17:03:57",237.1778938744432
951,"03/27/2023, 17:04:27",237.12336824713256
952,"03/27/2023, 17:04:57",237.0894076488075
953,"03/27/2023, 17:05:27",237.47259639990773
954,"03/27/2023, 17:05:57",237.66296442051828
955,"03/27/2023, 17:06:27",238.165581275728
956,"03/27/2023, 17:06:57",238.41745571330492
957,"03/27/2023, 17:07:28",237.98030734486625
958,"03/27/2023, 17:07:58",238.0504925814044
959,"03/27/2023, 17:08:28",238.62291733317105
960,"03/27/2023, 17:08:58",238.9078090191195
961,"03/27/2023, 17:09:28",238.7210928820576
962,"03/27/2023, 17:09:58",238.73517597763416
963,"03/27/2023, 17:10:28",238.0078531635076
964,"03/27/2023, 17:10:58",238.1048295387244
965,"03/27/2023, 17:35:27",239.8057974396112
966,"03/27/2023, 17:35:57",238.13721673634956
967,"03/27/2023, 17:36:28",238.7283736134445
968,"03/27/2023, 17:36:58",238.3912846787913
969,"03/27/2023, 17:37:28",237.8354087920129
970,"03/27/2023, 17:37:58",238.61197447371077
971,"03/27/2023, 17:38:28",238.97516420579743
972,"03/27/2023, 17:38:58",238.90441295928704
973,"03/27/2023, 17:39:28",238.9545991768117
974,"03/27/2023, 17:39:58",238.8191341234932
975,"03/27/2023, 17:40:28",239.5055155496392
976,"03/27/2023, 17:40:58",239.32910910833996
977,"03/27/2023, 17:41:29",239.43061356333348
978,"03/27/2023, 17:41:59",239.39646429501772
979,"03/27/2023, 17:42:29",239.28137560069436
980,"03/27/2023, 17:42:59",239.1517593170873
981,"03/27/2023, 18:19:43",239.8057974396112
982,"03/27/2023, 18:20:14",238.13721673634956
983,"03/27/2023, 18:20:44",238.7283736134445
984,"03/27/2023, 18:21:14",238.3912846787913
985,"03/27/2023, 18:21:44",237.8354087920129
986,"03/27/2023, 18:22:14",238.61197447371077
987,"03/27/2023, 18:22:44",238.97516420579743
988,"03/27/2023, 18:23:14",238.90441295928704
989,"03/27/2023, 18:23:45",238.9545991768117
990,"03/27/2023, 18:24:15",238.8191341234932
991,"03/27/2023, 18:24:45",239.5055155496392
992,"03/27/2023, 18:25:15",239.32910910833996
993,"03/27/2023, 18:25:45",239.43061356333348
994,"03/27/2023, 18:26:15",239.39646429501772
995,"03/27/2023, 18:26:46",239.28137560069436
996,"03/27/2023, 18:27:16",239.1517593170873
997,"03/27/2023, 18:27:46",238.59235279467865
998,"03/27/2023, 18:28:16",238.5782025453766
999,"03/27/2023, 18:28:46",238.5979137627093
1000,"03/27/2023, 18:29:16",238.40953157369572
1001,"03/27/2023, 18:29:47",238.1669019656628
1002,"03/27/2023, 18:30:17",238.13313003732853
1003,"03/27/2023, 18:30:47",237.6371166317932
1004,"03/27/2023, 18:31:17",236.94432042596364
1005,"03/27/2023, 18:31:47",236.93752830629856
1006,"03/27/2023, 18:32:17",237.45995551053124
1007,"03/27/2023, 18:32:47",237.23279684173528
1008,"03/27/2023, 18:33:18",237.1899687538477
1009,"03/27/2023, 18:33:48",237.1492160358576
1010,"03/27/2023, 18:34:18",236.44585431054907
1011,"03/27/2023, 18:34:48",235.5798590532622
1012,"03/27/2023, 18:35:18",235.54910584477904
1013,"03/27/2023, 18:35:48",235.83607290062503
1014,"03/27/2023, 18:36:19",235.8319221608298
1015,"03/27/2023, 18:36:49",235.75702017452417
1016,"03/27/2023, 18:37:19",235.6055181719966
1017,"03/27/2023, 18:37:49",235.39628315231664
1018,"03/27/2023, 18:38:19",235.47193981858516
1019,"03/27/2023, 18:38:49",234.36463564320005
1020,"03/27/2023, 18:39:20",234.1713320454461
1021,"03/27/2023, 18:39:50",233.91352569544983
1022,"03/27/2023, 18:40:20",234.5897189420984
1023,"03/27/2023, 18:40:50",234.77914361275555
1024,"03/27/2023, 18:41:20",234.81631160092223
1025,"03/27/2023, 18:41:50",234.83932933978696
1026,"03/27/2023, 18:42:20",235.27157228846764
1027,"03/27/2023, 18:42:51",235.55174722464875
1028,"03/27/2023, 18:43:21",235.83984630043892
1029,"03/27/2023, 18:43:51",235.760227564366
1030,"03/27/2023, 18:44:21",235.5762743234391
1031,"03/27/2023, 18:44:51",235.3838309329308
1032,"03/27/2023, 18:45:21",235.79437683268165
1033,"03/27/2023, 18:45:52",235.8464497501133
1034,"03/27/2023, 18:46:22",235.9502182449952
1035,"03/27/2023, 18:46:52",235.75569948458931
1036,"03/27/2023, 18:47:22",235.7566428345428
1037,"03/27/2023, 18:47:52",236.15700055479616
1038,"03/27/2023, 18:48:22",235.8932399078055
1039,"03/27/2023, 18:48:52",235.9092768570144
1040,"03/27/2023, 18:49:23",236.1943572129536
1041,"03/27/2023, 18:49:53",235.7218156333791
1042,"03/27/2023, 18:50:23",235.5574073243696
1043,"03/27/2023, 18:50:53",235.9441808052929
1044,"03/27/2023, 18:51:23",236.0432325504076
1045,"03/27/2023, 18:51:53",236.24850550028304
1046,"03/27/2023, 18:52:24",236.39963016282917
1047,"03/27/2023, 18:52:54",236.1590759246939
1048,"03/27/2023, 18:53:24",235.65174231971676
1049,"03/27/2023, 18:53:54",236.12058724659207
1050,"03/27/2023, 18:54:24",236.21926165172528
1051,"03/27/2023, 18:54:54",236.513398167218
1052,"03/27/2023, 18:55:25",236.4056676025313
1053,"03/27/2023, 18:55:55",236.61282725231365
1054,"03/27/2023, 18:56:25",236.49585185808328
1055,"03/27/2023, 18:56:55",236.71999180702795
1056,"03/27/2023, 18:57:25",236.6581080500804
1057,"03/27/2023, 18:57:55",236.9594140252192
1058,"03/27/2023, 18:58:26",237.012618962595
1059,"03/27/2023, 18:58:56",237.5274993671997
1060,"03/27/2023, 18:59:26",237.1646869750946
1061,"03/27/2023, 18:59:56",237.03975546329048
1062,"03/27/2023, 19:00:26",237.0529943406035
1063,"03/27/2023, 19:00:56",235.6841935581161
1064,"03/27/2023, 19:01:27",235.49193883759864
1065,"03/28/2023, 08:09:32",239.8057974396112
1066,"03/28/2023, 08:10:02",238.13721673634956
1067,"03/28/2023, 08:10:32",238.7283736134445
1068,"03/28/2023, 08:11:02",238.3912846787913
1069,"03/28/2023, 08:11:32",237.8354087920129
1070,"03/28/2023, 08:12:03",238.61197447371077
1071,"03/28/2023, 08:12:33",238.97516420579743
1072,"03/28/2023, 08:13:03",238.90441295928704
1073,"03/28/2023, 08:13:33",238.9545991768117
1074,"03/28/2023, 08:14:03",238.8191341234932
1075,"03/28/2023, 08:14:34",239.5055155496392
1076,"03/28/2023, 08:15:04",239.32910910833996
1077,"03/28/2023, 08:15:34",239.43061356333348
1078,"03/28/2023, 08:16:04",239.39646429501772
1079,"03/28/2023, 08:16:34",239.28137560069436
1080,"03/28/2023, 08:17:04",239.1517593170873
1081,"03/28/2023, 08:17:35",238.59235279467865
1082,"03/28/2023, 08:18:05",238.5782025453766
1083,"03/28/2023, 08:18:35",238.5979137627093
1084,"03/28/2023, 08:19:05",238.40953157369572
1085,"03/28/2023, 08:19:35",238.1669019656628
1086,"03/28/2023, 08:20:05",238.13313003732853
1087,"03/28/2023, 08:20:36",237.6371166317932
1088,"03/28/2023, 08:21:06",236.94432042596364
1089,"03/28/2023, 08:21:36",236.93752830629856
1090,"03/28/2023, 08:22:06",237.45995551053124
1091,"03/28/2023, 08:22:36",237.23279684173528
1092,"03/28/2023, 08:23:07",237.1899687538477
1093,"03/28/2023, 08:23:37",237.1492160358576
1094,"03/28/2023, 08:24:07",236.44585431054907
1095,"03/28/2023, 08:24:37",235.5798590532622
1096,"03/28/2023, 08:25:07",235.54910584477904
1097,"03/28/2023, 08:25:37",235.83607290062503
1098,"03/28/2023, 08:26:07",235.8319221608298
1099,"03/28/2023, 08:26:38",235.75702017452417
1100,"03/28/2023, 08:27:08",235.6055181719966
1101,"03/28/2023, 08:27:38",235.39628315231664
1102,"03/28/2023, 08:28:08",235.47193981858516
1103,"03/28/2023, 08:28:38",234.36463564320005
1104,"03/28/2023, 08:29:08",234.1713320454461
1105,"03/28/2023, 08:29:39",233.91352569544983
1106,"03/28/2023, 08:30:09",234.5897189420984
1107,"03/28/2023, 08:30:39",234.77914361275555
1108,"03/28/2023, 08:31:09",234.81631160092223
1109,"03/28/2023, 08:31:39",234.83932933978696
1110,"03/28/2023, 08:32:09",235.27157228846764
1111,"03/28/2023, 08:32:39",235.55174722464875
1112,"03/28/2023, 08:33:10",235.83984630043892
1113,"03/28/2023, 08:33:40",235.760227564366
1114,"03/28/2023, 08:34:10",235.5762743234391
1115,"03/28/2023, 08:34:40",235.3838309329308
1116,"03/28/2023, 08:35:10",235.79437683268165
1117,"03/28/2023, 08:35:41",235.8464497501133
1118,"03/28/2023, 08:36:11",235.9502182449952
1119,"03/28/2023, 08:36:41",235.75569948458931
1120,"03/28/2023, 08:37:11",235.7566428345428
1121,"03/28/2023, 08:37:41",236.15700055479616
1122,"03/28/2023, 08:38:11",235.8932399078055
1123,"03/28/2023, 08:38:41",235.9092768570144
1124,"03/28/2023, 08:39:12",236.1943572129536
1125,"03/28/2023, 08:39:42",235.7218156333791
1126,"03/28/2023, 08:40:12",235.5574073243696
1127,"03/28/2023, 08:40:42",235.9441808052929
1128,"03/28/2023, 08:41:12",236.0432325504076
1129,"03/28/2023, 08:41:42",236.24850550028304
1130,"03/28/2023, 08:42:12",236.39963016282917
1131,"03/28/2023, 08:42:42",236.1590759246939
1132,"03/28/2023, 08:43:12",235.65174231971676
1133,"03/28/2023, 08:43:42",236.12058724659207
1134,"03/28/2023, 08:44:13",236.21926165172528
1135,"03/28/2023, 08:44:43",236.513398167218
1136,"03/28/2023, 08:45:13",236.4056676025313
1137,"03/28/2023, 08:45:43",236.61282725231365
1138,"03/28/2023, 08:46:13",236.49585185808328
1139,"03/28/2023, 08:46:43",236.71999180702795
1140,"03/28/2023, 08:47:13",236.6581080500804
1141,"03/28/2023, 08:47:43",236.9594140252192
1142,"03/28/2023, 08:48:13",237.012618962595
1143,"03/28/2023, 08:48:43",237.5274993671997
1144,"03/28/2023, 08:49:13",237.1646869750946
1145,"03/28/2023, 08:49:44",237.03975546329048
1146,"03/28/2023, 08:50:14",237.0529943406035
1147,"03/28/2023, 08:50:44",235.6841935581161
1148,"03/28/2023, 08:51:14",235.49193883759864
1149,"03/28/2023, 08:51:44",235.5021270170962
1150,"03/28/2023, 08:52:14",235.8817310383732
1151,"03/28/2023, 08:52:44",235.7962635325885
1152,"03/28/2023, 08:53:14",235.59853738234085
1153,"03/28/2023, 08:53:44",235.5094851467332
1154,"03/28/2023, 08:54:14",235.8764482786337
1155,"03/28/2023, 08:54:44",236.05153402999807
1156,"03/28/2023, 08:55:15",236.16492469440536
1157,"03/28/2023, 08:55:45",235.9839901733295
1158,"03/28/2023, 08:56:15",236.25435426999456
1159,"03/28/2023, 08:56:45",236.54962280543117
1160,"03/28/2023, 08:57:15",236.93300022652187
1161,"03/28/2023, 08:57:45",237.4135426928204
1162,"03/28/2023, 08:58:15",237.14902736586689
1163,"03/28/2023, 08:58:45",237.05884311031505
1164,"03/28/2023, 08:59:15",237.36109243540733
1165,"03/28/2023, 08:59:45",237.415618062718
1166,"03/28/2023, 09:00:15",237.16446952493584
1167,"03/28/2023, 09:00:45",237.06771059987767
1168,"03/28/2023, 09:01:15",237.32807518703592
1169,"03/28/2023, 09:01:46",237.35033824593785
1170,"03/28/2023, 09:02:16",237.18374264415468
1171,"03/28/2023, 09:02:46",236.82621301178892
1172,"03/28/2023, 09:03:16",237.02922192177607
1173,"03/28/2023, 09:03:46",236.61452528223
1174,"03/28/2023, 09:04:16",236.40000750281047
1175,"03/28/2023, 09:04:46",236.55962231493783
1176,"03/28/2023, 09:05:16",235.8956926176846
1177,"03/28/2023, 09:05:46",236.1866217433352
1178,"03/28/2023, 09:06:16",236.66414548978256
1179,"03/28/2023, 09:06:46",236.98243176408388
1180,"03/28/2023, 09:07:17",237.04374951105945
1181,"03/28/2023, 09:07:47",237.24053231135375
1182,"03/28/2023, 09:08:17",237.3884495840581
1183,"03/28/2023, 09:08:47",237.35147026588191
1184,"03/28/2023, 09:09:17",237.4110899829413
1185,"03/28/2023, 09:09:47",237.62806047223987
1186,"03/28/2023, 09:10:17",237.58964854125307
1187,"03/28/2023, 09:10:47",238.24689804171723
1188,"03/28/2023, 09:11:17",237.81616445296208
1189,"03/28/2023, 09:11:47",237.66975654018324
1190,"03/28/2023, 09:12:17",236.83508050135168
1191,"03/28/2023, 09:12:48",236.90960514767585
1192,"03/28/2023, 09:13:18",237.1507253957832
1193,"03/28/2023, 09:13:48",237.27977566941817
1194,"03/28/2023, 09:14:18",236.87319183947187
1195,"03/28/2023, 09:14:48",236.9407356961405
1196,"03/28/2023, 09:15:18",236.73301003638588
1197,"03/28/2023, 09:15:48",236.7730080744132
1198,"03/28/2023, 09:16:18",237.04167414116196
1199,"03/28/2023, 09:16:48",237.04771158086425
1200,"03/28/2023, 09:17:18",237.0531830105942
1201,"03/28/2023, 09:17:48",237.32788651704516
1202,"03/28/2023, 09:18:19",237.85616249098945
1203,"03/28/2023, 09:18:49",237.24770177100015
1204,"03/28/2023, 09:19:19",237.551460456018
1205,"03/28/2023, 09:19:49",237.4352397417503
1206,"03/28/2023, 09:20:19",237.6230335362166
1207,"03/28/2023, 09:20:49",237.82691864243165
1208,"03/28/2023, 09:21:19",237.59617524381252
1209,"03/28/2023, 09:21:49",237.9787979849406
1210,"03/28/2023, 09:22:19",237.858237860887
1211,"03/28/2023, 09:22:49",237.70107575863852
1212,"03/28/2023, 09:23:19",237.5222166074604
1213,"03/28/2023, 09:23:49",237.2312874818097
1214,"03/28/2023, 09:24:20",236.88734208877395
1215,"03/28/2023, 09:24:50",237.15808352542027
1216,"03/28/2023, 09:25:20",236.5616976848356
1217,"03/28/2023, 09:25:50",236.46755135947905
1218,"03/28/2023, 09:26:20",236.5884888235141
1219,"03/28/2023, 09:26:50",236.3488779353323
1220,"03/28/2023, 09:27:20",236.4198178518334
1221,"03/28/2023, 09:27:50",236.5945262632163
1222,"03/28/2023, 09:28:20",236.4833996386973
1223,"03/28/2023, 09:28:50",236.30755920737025
1224,"03/28/2023, 09:29:20",236.96167806510744
1225,"03/28/2023, 09:29:50",237.64730481129067
1226,"03/28/2023, 09:30:20",237.65776160569013
1227,"03/28/2023, 09:30:51",237.90423622320827
1228,"03/28/2023, 09:31:21",237.968587420868
1229,"03/28/2023, 09:31:51",237.98653345455912
1230,"03/28/2023, 09:32:21",237.853898451101
1231,"03/28/2023, 09:32:51",237.4280702821039
1232,"03/28/2023, 09:33:21",237.36901657501647
1233,"03/28/2023, 09:33:51",237.30317074826425
1234,"03/28/2023, 09:34:21",237.3622244553516
1235,"03/28/2023, 09:34:51",237.3071328180688
1236,"03/28/2023, 09:35:21",237.1492160358577
1237,"03/28/2023, 09:35:51",236.86073962008595
1238,"03/28/2023, 09:36:22",236.72565190674888
1239,"03/28/2023, 09:36:52",237.12034952728143
1240,"03/28/2023, 09:37:22",236.80583665279403
1241,"03/28/2023, 09:37:52",237.49165206896788
1242,"03/28/2023, 09:38:22",237.4122220028856
1243,"03/28/2023, 09:38:52",237.30524611816196
1244,"03/28/2023, 09:39:22",237.1033692281189
1245,"03/28/2023, 09:39:52",237.47127570997293
1246,"03/28/2023, 09:40:22",237.0784647893472
1247,"03/28/2023, 09:40:52",236.5533706228733
1248,"03/28/2023, 09:41:23",236.6499952404805
1249,"03/28/2023, 09:41:53",236.8907381486065
1250,"03/28/2023, 09:42:23",237.5576865657109
1251,"03/28/2023, 09:42:53",236.98016772419552
1252,"03/28/2023, 09:43:23",236.8986622882157
1253,"03/28/2023, 09:43:53",236.8462120308025
1254,"03/28/2023, 09:44:23",236.8037612828963
1255,"03/28/2023, 09:44:53",236.9135672174804
1256,"03/28/2023, 09:45:23",237.6818314195878
1257,"03/28/2023, 09:45:53",237.5352348368183
1258,"03/28/2023, 09:46:23",237.78692060440443
1259,"03/28/2023, 09:46:54",237.68768018929927
1260,"03/28/2023, 09:47:24",237.26411606019045
1261,"03/28/2023, 09:47:54",237.73862108678665
1262,"03/28/2023, 09:48:24",237.48504861929348
1263,"03/28/2023, 09:48:54",237.47636979972168
1264,"03/28/2023, 09:49:24",237.46335157036367
1265,"03/28/2023, 09:49:54",238.0029477437496
1266,"03/28/2023, 09:50:24",238.30368770891636
1267,"03/28/2023, 09:50:54",238.3565153063107
1268,"03/28/2023, 09:51:24",237.9183180606355
1269,"03/28/2023, 09:51:54",237.8057876034739
1270,"03/28/2023, 09:52:24",237.7320176371124
1271,"03/28/2023, 09:52:55",237.69786836879663
1272,"03/28/2023, 09:53:25",238.1974665041554
1273,"03/28/2023, 09:53:55",237.92087629779743
1274,"03/28/2023, 09:54:25",237.34128208638452
1275,"03/28/2023, 09:54:55",237.1837426441548
1276,"03/28/2023, 09:55:25",237.7886186343208
1277,"03/28/2023, 09:55:55",237.1778938744432
1278,"03/28/2023, 09:56:25",237.12336824713256
1279,"03/28/2023, 09:56:55",237.0894076488075
1280,"03/28/2023, 09:57:25",237.47259639990773
1281,"03/28/2023, 09:57:55",237.66296442051828
1282,"03/28/2023, 09:58:26",238.165581275728
1283,"03/28/2023, 09:58:56",238.41745571330492
1284,"03/28/2023, 09:59:26",237.98030734486625
1285,"03/28/2023, 09:59:56",238.0504925814044
1286,"03/28/2023, 10:00:26",238.62291733317105
1287,"03/28/2023, 10:00:56",238.9078090191195
1288,"03/28/2023, 10:01:26",238.7210928820576
1289,"03/28/2023, 10:01:56",238.73517597763416
1290,"03/28/2023, 10:02:26",238.0078531635076
1291,"03/28/2023, 10:02:56",238.1048295387244
1292,"03/28/2023, 10:03:26",238.0038910937029
1293,"03/28/2023, 10:03:57",237.93785659696
1294,"03/28/2023, 10:04:27",238.2210502529921
1295,"03/28/2023, 10:04:57",238.11992313798
1296,"03/28/2023, 10:05:27",237.8957831890351
1297,"03/28/2023, 10:05:57",238.3023670189814
1298,"03/28/2023, 10:06:27",238.3361389473157
1299,"03/28/2023, 10:06:57",238.25746356119612
1300,"03/28/2023, 10:07:27",237.9082354084209
1301,"03/28/2023, 10:07:57",237.9818167047918
1302,"03/28/2023, 10:08:27",237.93332851718324
1303,"03/28/2023, 10:08:57",238.2440679918568
1304,"03/28/2023, 10:09:28",238.0416250918419
1305,"03/28/2023, 10:09:58",238.35104387658055
1306,"03/28/2023, 10:10:28",238.3146305683766
1307,"03/28/2023, 10:10:58",238.23916257209876
1308,"03/28/2023, 10:11:28",238.46009513120188
1309,"03/28/2023, 10:11:58",238.55915646970573
1310,"03/28/2023, 10:12:28",238.36726949578025
1311,"03/28/2023, 10:12:58",238.5517887466793
1312,"03/28/2023, 10:13:28",238.6474444319613
1313,"03/28/2023, 10:13:58",238.41802172327704
1314,"03/28/2023, 10:14:28",238.1299226474869
1315,"03/28/2023, 10:14:59",237.8797462398261
1316,"03/28/2023, 10:15:29",237.48599196924715
1317,"03/28/2023, 10:15:59",236.92168002708036
1318,"03/28/2023, 10:16:29",237.51860713403173
1319,"03/28/2023, 10:16:59",237.53112886617336
1320,"03/28/2023, 10:17:29",237.2741155696973
1321,"03/28/2023, 10:17:59",237.5399515865856
1322,"03/28/2023, 10:18:29",237.75597872593048
1323,"03/28/2023, 10:18:59",237.70881122825708
1324,"03/28/2023, 10:19:29",237.7693742952699
1325,"03/28/2023, 10:19:59",237.82239056265496
1326,"03/28/2023, 10:20:30",237.9503088163458
1327,"03/28/2023, 10:21:00",238.57065574574875
1328,"03/28/2023, 10:21:30",238.142186196882
1329,"03/28/2023, 10:22:00",238.3016698993548
1330,"03/28/2023, 10:22:30",238.4665099108855
